#category	term ID	term description	observed gene count	background gene count	strength	signal	false discovery rate	matching proteins in your network (IDs)	matching proteins in your network (labels)
GO Process	GO:0009987	Cellular process	296	12654	0.12	0.6	2.56e-08	46731.A0A3M6T4G0,46731.A0A3M6T4J2,46731.A0A3M6T4L8,46731.A0A3M6T4M8,46731.A0A3M6T5H1,46731.A0A3M6T5L9,46731.A0A3M6T619,46731.A0A3M6T638,46731.A0A3M6T6B6,46731.A0A3M6T6H0,46731.A0A3M6T6T3,46731.A0A3M6T730,46731.A0A3M6T7P0,46731.A0A3M6T834,46731.A0A3M6T891,46731.A0A3M6T8K7,46731.A0A3M6T8S8,46731.A0A3M6T8T4,46731.A0A3M6T910,46731.A0A3M6T9C0,46731.A0A3M6T9D7,46731.A0A3M6T9M9,46731.A0A3M6T9Q2,46731.A0A3M6T9X0,46731.A0A3M6T9X8,46731.A0A3M6TA43,46731.A0A3M6TA46,46731.A0A3M6TA92,46731.A0A3M6TAQ3,46731.A0A3M6TBF9,46731.A0A3M6TC27,46731.A0A3M6TCA5,46731.A0A3M6TCF9,46731.A0A3M6TCW9,46731.A0A3M6TD30,46731.A0A3M6TDL1,46731.A0A3M6TDL3,46731.A0A3M6TDR6,46731.A0A3M6TDV8,46731.A0A3M6TE23,46731.A0A3M6TE48,46731.A0A3M6TE87,46731.A0A3M6TEX1,46731.A0A3M6TF19,46731.A0A3M6TF31,46731.A0A3M6TF62,46731.A0A3M6TFE0,46731.A0A3M6TFG6,46731.A0A3M6TFI2,46731.A0A3M6TG35,46731.A0A3M6TGI2,46731.A0A3M6TGV6,46731.A0A3M6TH18,46731.A0A3M6TH61,46731.A0A3M6THL8,46731.A0A3M6THW2,46731.A0A3M6THZ4,46731.A0A3M6TI43,46731.A0A3M6TI71,46731.A0A3M6TIK9,46731.A0A3M6TIL4,46731.A0A3M6TJ54,46731.A0A3M6TJ65,46731.A0A3M6TJU0,46731.A0A3M6TK37,46731.A0A3M6TKZ0,46731.A0A3M6TLH7,46731.A0A3M6TLN8,46731.A0A3M6TM28,46731.A0A3M6TM52,46731.A0A3M6TM72,46731.A0A3M6TMW1,46731.A0A3M6TMY9,46731.A0A3M6TMZ6,46731.A0A3M6TNC6,46731.A0A3M6TNM0,46731.A0A3M6TNR4,46731.A0A3M6TNY1,46731.A0A3M6TNZ8,46731.A0A3M6TP00,46731.A0A3M6TP80,46731.A0A3M6TPP9,46731.A0A3M6TQF5,46731.A0A3M6TQG7,46731.A0A3M6TQL1,46731.A0A3M6TQZ0,46731.A0A3M6TR03,46731.A0A3M6TR94,46731.A0A3M6TRS2,46731.A0A3M6TSE1,46731.A0A3M6TSI1,46731.A0A3M6TSV5,46731.A0A3M6TT09,46731.A0A3M6TT27,46731.A0A3M6TT55,46731.A0A3M6TTL2,46731.A0A3M6TTR7,46731.A0A3M6TU60,46731.A0A3M6TU96,46731.A0A3M6TUQ9,46731.A0A3M6TUR2,46731.A0A3M6TUS1,46731.A0A3M6TV23,46731.A0A3M6TV36,46731.A0A3M6TV45,46731.A0A3M6TV82,46731.A0A3M6TV83,46731.A0A3M6TVN1,46731.A0A3M6TWN1,46731.A0A3M6TWP9,46731.A0A3M6TXA7,46731.A0A3M6TXG5,46731.A0A3M6TXJ4,46731.A0A3M6TXX5,46731.A0A3M6TY92,46731.A0A3M6TYN0,46731.A0A3M6TYQ9,46731.A0A3M6TYU3,46731.A0A3M6TZ82,46731.A0A3M6TZB9,46731.A0A3M6TZI9,46731.A0A3M6TZL4,46731.A0A3M6TZQ1,46731.A0A3M6TZR6,46731.A0A3M6U043,46731.A0A3M6U092,46731.A0A3M6U0A4,46731.A0A3M6U0B7,46731.A0A3M6U0S2,46731.A0A3M6U102,46731.A0A3M6U122,46731.A0A3M6U149,46731.A0A3M6U188,46731.A0A3M6U1E1,46731.A0A3M6U1G4,46731.A0A3M6U1I1,46731.A0A3M6U1I8,46731.A0A3M6U1J1,46731.A0A3M6U1Z5,46731.A0A3M6U2W0,46731.A0A3M6U329,46731.A0A3M6U356,46731.A0A3M6U516,46731.A0A3M6U5L1,46731.A0A3M6U5U0,46731.A0A3M6U5W1,46731.A0A3M6U6A7,46731.A0A3M6U6H1,46731.A0A3M6U703,46731.A0A3M6U7B3,46731.A0A3M6U7Y7,46731.A0A3M6U808,46731.A0A3M6U836,46731.A0A3M6U8R2,46731.A0A3M6U8V1,46731.A0A3M6U982,46731.A0A3M6U9B7,46731.A0A3M6U9S3,46731.A0A3M6U9V2,46731.A0A3M6UA99,46731.A0A3M6UAA8,46731.A0A3M6UAB9,46731.A0A3M6UAK9,46731.A0A3M6UB77,46731.A0A3M6UBA1,46731.A0A3M6UBD2,46731.A0A3M6UBW7,46731.A0A3M6UBZ8,46731.A0A3M6UC29,46731.A0A3M6UC40,46731.A0A3M6UC54,46731.A0A3M6UCM6,46731.A0A3M6UCQ0,46731.A0A3M6UCW1,46731.A0A3M6UD51,46731.A0A3M6UDG2,46731.A0A3M6UDQ0,46731.A0A3M6UDR9,46731.A0A3M6UEC9,46731.A0A3M6UEG2,46731.A0A3M6UEY4,46731.A0A3M6UF56,46731.A0A3M6UFG0,46731.A0A3M6UFL8,46731.A0A3M6UG80,46731.A0A3M6UGB4,46731.A0A3M6UGH8,46731.A0A3M6UGJ7,46731.A0A3M6UGS3,46731.A0A3M6UGZ0,46731.A0A3M6UH28,46731.A0A3M6UH87,46731.A0A3M6UH88,46731.A0A3M6UHP2,46731.A0A3M6UIA6,46731.A0A3M6UIC9,46731.A0A3M6UIL8,46731.A0A3M6UIQ3,46731.A0A3M6UIZ6,46731.A0A3M6UJ11,46731.A0A3M6UJ82,46731.A0A3M6UJ93,46731.A0A3M6UJG7,46731.A0A3M6UJL5,46731.A0A3M6UJR3,46731.A0A3M6UK63,46731.A0A3M6UK87,46731.A0A3M6UKA1,46731.A0A3M6UKE6,46731.A0A3M6UKN4,46731.A0A3M6UKR2,46731.A0A3M6UL16,46731.A0A3M6UL52,46731.A0A3M6UL97,46731.A0A3M6ULC3,46731.A0A3M6ULS3,46731.A0A3M6ULV0,46731.A0A3M6UMI6,46731.A0A3M6UMQ2,46731.A0A3M6UN24,46731.A0A3M6UNC8,46731.A0A3M6UNE0,46731.A0A3M6UP93,46731.A0A3M6UPR5,46731.A0A3M6UPU5,46731.A0A3M6UQ96,46731.A0A3M6UQP4,46731.A0A3M6UQS3,46731.A0A3M6UQW0,46731.A0A3M6UQX0,46731.A0A3M6UQY7,46731.A0A3M6UR23,46731.A0A3M6UR91,46731.A0A3M6UR99,46731.A0A3M6URC8,46731.A0A3M6US78,46731.A0A3M6USC3,46731.A0A3M6USG7,46731.A0A3M6USJ1,46731.A0A3M6USL8,46731.A0A3M6USS9,46731.A0A3M6UT45,46731.A0A3M6UTB4,46731.A0A3M6UTG9,46731.A0A3M6UTJ8,46731.A0A3M6UTM6,46731.A0A3M6UTN4,46731.A0A3M6UU25,46731.A0A3M6UU32,46731.A0A3M6UU73,46731.A0A3M6UU85,46731.A0A3M6UUF1,46731.A0A3M6UUF3,46731.A0A3M6UUT7,46731.A0A3M6UV25,46731.A0A3M6UV84,46731.A0A3M6UVF5,46731.A0A3M6UVI0,46731.A0A3M6UVV1,46731.A0A3M6UW16,46731.A0A3M6UWF5,46731.A0A3M6UWL6,46731.A0A3M6UWM2,46731.A0A3M6UWZ9,46731.A0A3M6UXK6,46731.A0A3M6UXT1,46731.A0A3M6UY29,46731.A0A3M6UY33,46731.A0A3M6UY48,46731.A0A3M6UYP5,46731.A0A3M6UYQ9,46731.A0A3M6UYU1,46731.A0A3M6UZB5,46731.A0A3M6UZF3,46731.A0A3M6UZZ8,46731.A0A3M6V061,46731.A0A3M6V089,46731.A0A3M6V0H2,46731.A0A3M6V0X0,46731.A0A3M6V1K3,46731.A0A3M6V1U8,46731.A0A3M6V287,46731.A0A3M6V384,46731.A0A3M6V3A4,46731.A0A3M6V3R0,46731.A0A3M6V3X9,46731.A0A3M6V438,46731.A0A3M6V454,46731.A0A3M6V4T4,46731.A0A3M6V5A6,46731.A0A3M6V5C9,46731.A0A3M6V5G3,46731.A0A3M6V645,46731.A0A3M6V6A1,46731.A0A3M6V6I9,46731.A0A3M6V7G2	pdam_00010209,pdam_00010208,pdam_00003797,pdam_00003854,pdam_00014996,pdam_00017186,pdam_00001018,pdam_00001026,pdam_00000942,pdam_00005068,pdam_00015761,pdam_00016599,pdam_00013812,pdam_00016612,pdam_00007911,pdam_00006601,pdam_00020032,pdam_00004272,pdam_00006569,pdam_00009048,pdam_00009029,pdam_00003129,pdam_00012314,pdam_00003058,pdam_00023361,pdam_00010919,pdam_00003408,pdam_00003406,pdam_00011832,pdam_00005891,pdam_00016432,pdam_00019526,pdam_00017597,pdam_00023341,pdam_00016195,pdam_00015580,pdam_00007606,pdam_00015590,pdam_00006128,pdam_00015595,pdam_00008040,pdam_00003970,pdam_00013440,pdam_00025796,pdam_00017273,pdam_00002219,pdam_00002221,pdam_00002287,pdam_00002288,pdam_00017499,pdam_00009477,pdam_00009895,pdam_00007528,pdam_00015964,pdam_00006533,pdam_00006528,pdam_00023755,pdam_00017658,pdam_00003222,pdam_00013238,pdam_00012392,pdam_00021718,pdam_00022825,pdam_00015852,pdam_00025497,pdam_00001194,pdam_00009850,pdam_00009857,pdam_00004911,pdam_00010899,pdam_00004864,pdam_00018964,pdam_00018972,pdam_00014157,pdam_00020890,pdam_00005108,pdam_00015273,pdam_00006837,pdam_00001857,pdam_00001760,pdam_00014556,pdam_00014957,pdam_00010830,pdam_00016946,pdam_00010837,pdam_00019502,pdam_00017852,pdam_00011271,pdam_00019809,pdam_00019506,pdam_00016004,pdam_00011208,pdam_00006050,pdam_00002695,pdam_00002715,pdam_00019151,pdam_00002738,pdam_00017099,pdam_00020314,pdam_00014050,pdam_00025156,pdam_00014049,pdam_00022670,pdam_00000856,pdam_00016491,pdam_00022668,pdam_00000837,pdam_00023241,pdam_00004146,pdam_00022700,pdam_00002032,pdam_00017703,pdam_00007850,pdam_00007838,pdam_00000686,pdam_00020931,pdam_00018710,pdam_00021583,pdam_00021581,pdam_00025357,pdam_00007694,pdam_00007640,pdam_00020744,pdam_00020745,pdam_00011920,pdam_00017001,pdam_00021008,pdam_00016995,pdam_00023283,pdam_00012589,pdam_00012580,pdam_00012584,pdam_00019335,pdam_00002151,pdam_00018748,pdam_00019079,pdam_00002096,pdam_00002204,pdam_00015143,pdam_00002664,pdam_00002677,pdam_00002608,pdam_00014328,pdam_00008291,pdam_00008270,pdam_00003956,pdam_00003908,pdam_00005860,pdam_00013571,pdam_00017452,pdam_00008579,pdam_00002960,pdam_00009110,pdam_00018379,pdam_00013939,pdam_00002933,pdam_00018199,pdam_00021279,pdam_00006913,pdam_00018310,pdam_00009670,pdam_00009217,pdam_00009668,pdam_00017544,pdam_00003141,pdam_00022881,pdam_00004057,pdam_00004051,pdam_00004047,pdam_00020551,pdam_00015799,pdam_00012626,pdam_00004665,pdam_00004649,pdam_00018633,pdam_00008139,pdam_00008112,pdam_00008093,pdam_00011651,pdam_00003722,pdam_00007951,pdam_00007971,pdam_00014402,pdam_00013778,pdam_00004241,pdam_00004239,pdam_00013789,pdam_00014226,pdam_00011338,pdam_00010949,pdam_00012232,pdam_00004201,pdam_00018252,pdam_00018888,pdam_00014259,pdam_00017031,pdam_00017350,pdam_00020616,pdam_00000448,pdam_00000477,pdam_00000352,pdam_00000293,pdam_00000331,pdam_00000391,pdam_00010709,pdam_00020098,pdam_00014824,pdam_00013157,pdam_00014816,pdam_00022091,pdam_00016931,pdam_00013167,pdam_00014812,pdam_00020251,pdam_00020254,pdam_00004562,pdam_00004608,pdam_00011152,pdam_00018672,pdam_00007287,pdam_00007456,pdam_00018943,pdam_00013303,pdam_00021239,pdam_00001672,pdam_00022749,pdam_00016400,pdam_00019099,pdam_00020373,pdam_00020397,pdam_00021724,pdam_00022636,pdam_00022639,pdam_00010382,pdam_00015877,pdam_00021158,pdam_00007182,pdam_00021160,pdam_00007204,pdam_00002418,pdam_00004422,pdam_00009946,pdam_00006300,pdam_00006315,pdam_00022708,pdam_00006215,pdam_00011063,pdam_00008243,pdam_00008212,pdam_00006318,pdam_00022785,pdam_00017953,pdam_00020582,pdam_00007013,pdam_00006966,pdam_00005788,pdam_00005741,pdam_00004964,pdam_00006770,pdam_00006778,pdam_00023225,pdam_00000099,pdam_00006718,pdam_00000056,pdam_00021397,pdam_00021395,pdam_00006427,pdam_00019703,pdam_00023779,pdam_00010782,pdam_00012873,pdam_00022183,pdam_00014623,pdam_00021831,pdam_00005731,pdam_00011908,pdam_00014008,pdam_00014010,pdam_00003608,pdam_00007345,pdam_00003675,pdam_00004524,pdam_00009092,pdam_00025361,pdam_00001476,pdam_00001444,pdam_00021558,pdam_00006783,pdam_00001387,pdam_00007560,pdam_00010511,pdam_00010537,pdam_00024249,pdam_00007407,pdam_00003540,pdam_00022067
GO Process	GO:0065007	Biological regulation	173	7387	0.12	0.28	0.0272	46731.A0A3M6T4C7,46731.A0A3M6T4J2,46731.A0A3M6T4L8,46731.A0A3M6T4M8,46731.A0A3M6T4R8,46731.A0A3M6T5H1,46731.A0A3M6T6T3,46731.A0A3M6T730,46731.A0A3M6T7P0,46731.A0A3M6T834,46731.A0A3M6T910,46731.A0A3M6T9C0,46731.A0A3M6T9D7,46731.A0A3M6TA43,46731.A0A3M6TBF9,46731.A0A3M6TC27,46731.A0A3M6TCF9,46731.A0A3M6TDF4,46731.A0A3M6TDI7,46731.A0A3M6TDL1,46731.A0A3M6TE48,46731.A0A3M6TE87,46731.A0A3M6TF19,46731.A0A3M6TF31,46731.A0A3M6TFE0,46731.A0A3M6TFG6,46731.A0A3M6TFI2,46731.A0A3M6THL8,46731.A0A3M6THZ4,46731.A0A3M6TJU0,46731.A0A3M6TK37,46731.A0A3M6TKZ0,46731.A0A3M6TM28,46731.A0A3M6TMW1,46731.A0A3M6TMY9,46731.A0A3M6TMZ6,46731.A0A3M6TN90,46731.A0A3M6TNC6,46731.A0A3M6TNR4,46731.A0A3M6TNY1,46731.A0A3M6TNZ8,46731.A0A3M6TP00,46731.A0A3M6TPP9,46731.A0A3M6TQ71,46731.A0A3M6TQL1,46731.A0A3M6TR03,46731.A0A3M6TR94,46731.A0A3M6TRS2,46731.A0A3M6TRY5,46731.A0A3M6TS82,46731.A0A3M6TSE1,46731.A0A3M6TT09,46731.A0A3M6TT27,46731.A0A3M6TT55,46731.A0A3M6TTL2,46731.A0A3M6TTR7,46731.A0A3M6TUC1,46731.A0A3M6TUR2,46731.A0A3M6TV57,46731.A0A3M6TWP9,46731.A0A3M6TXG5,46731.A0A3M6TXH0,46731.A0A3M6TXX5,46731.A0A3M6TY50,46731.A0A3M6TYN0,46731.A0A3M6TZI9,46731.A0A3M6TZQ1,46731.A0A3M6TZR6,46731.A0A3M6TZT1,46731.A0A3M6U043,46731.A0A3M6U092,46731.A0A3M6U0B7,46731.A0A3M6U0Q9,46731.A0A3M6U0S2,46731.A0A3M6U102,46731.A0A3M6U149,46731.A0A3M6U1E1,46731.A0A3M6U1G4,46731.A0A3M6U1I8,46731.A0A3M6U1J1,46731.A0A3M6U336,46731.A0A3M6U5N3,46731.A0A3M6U5U0,46731.A0A3M6U673,46731.A0A3M6U6A7,46731.A0A3M6U6H1,46731.A0A3M6U703,46731.A0A3M6U7Y7,46731.A0A3M6U836,46731.A0A3M6U8K4,46731.A0A3M6U8V1,46731.A0A3M6U982,46731.A0A3M6U9S3,46731.A0A3M6UAA8,46731.A0A3M6UAB9,46731.A0A3M6UC40,46731.A0A3M6UC54,46731.A0A3M6UCM6,46731.A0A3M6UCQ0,46731.A0A3M6UCW1,46731.A0A3M6UDR9,46731.A0A3M6UEG2,46731.A0A3M6UFG0,46731.A0A3M6UGS3,46731.A0A3M6UGZ0,46731.A0A3M6UH87,46731.A0A3M6UHP2,46731.A0A3M6UIC9,46731.A0A3M6UIQ3,46731.A0A3M6UJ11,46731.A0A3M6UJ82,46731.A0A3M6UJL5,46731.A0A3M6UK63,46731.A0A3M6UKA1,46731.A0A3M6UKE6,46731.A0A3M6UKN4,46731.A0A3M6UL77,46731.A0A3M6UL97,46731.A0A3M6ULS3,46731.A0A3M6ULV0,46731.A0A3M6UMI6,46731.A0A3M6UMQ2,46731.A0A3M6UN24,46731.A0A3M6UNC8,46731.A0A3M6UPN2,46731.A0A3M6UPR5,46731.A0A3M6UQP4,46731.A0A3M6UQW0,46731.A0A3M6UR23,46731.A0A3M6UR40,46731.A0A3M6UR99,46731.A0A3M6URC8,46731.A0A3M6URK8,46731.A0A3M6US78,46731.A0A3M6USC3,46731.A0A3M6USL8,46731.A0A3M6UTB4,46731.A0A3M6UTG9,46731.A0A3M6UTJ8,46731.A0A3M6UTN4,46731.A0A3M6UU10,46731.A0A3M6UU25,46731.A0A3M6UUE9,46731.A0A3M6UUF1,46731.A0A3M6UUF3,46731.A0A3M6UV25,46731.A0A3M6UV84,46731.A0A3M6UVB1,46731.A0A3M6UVF5,46731.A0A3M6UVV1,46731.A0A3M6UW16,46731.A0A3M6UWF5,46731.A0A3M6UXT1,46731.A0A3M6UY33,46731.A0A3M6UY48,46731.A0A3M6UYF1,46731.A0A3M6UYP5,46731.A0A3M6V0X0,46731.A0A3M6V113,46731.A0A3M6V1F9,46731.A0A3M6V1U6,46731.A0A3M6V287,46731.A0A3M6V2L7,46731.A0A3M6V391,46731.A0A3M6V3A4,46731.A0A3M6V3E6,46731.A0A3M6V3R0,46731.A0A3M6V454,46731.A0A3M6V4T4,46731.A0A3M6V5A6,46731.A0A3M6V6A1,46731.A0A3M6V6I9,46731.A0A3M6V7G2	pdam_00003811,pdam_00010208,pdam_00003797,pdam_00003854,pdam_00005221,pdam_00014996,pdam_00015761,pdam_00016599,pdam_00013812,pdam_00016612,pdam_00006569,pdam_00009048,pdam_00009029,pdam_00010919,pdam_00005891,pdam_00016432,pdam_00017597,pdam_00007601,pdam_00007599,pdam_00015580,pdam_00008040,pdam_00003970,pdam_00025796,pdam_00017273,pdam_00002221,pdam_00002287,pdam_00002288,pdam_00006533,pdam_00023755,pdam_00015852,pdam_00025497,pdam_00001194,pdam_00004911,pdam_00018964,pdam_00018972,pdam_00014157,pdam_00005120,pdam_00020890,pdam_00015273,pdam_00006837,pdam_00001857,pdam_00001760,pdam_00014957,pdam_00010850,pdam_00010837,pdam_00017852,pdam_00011271,pdam_00019809,pdam_00012962,pdam_00002569,pdam_00019506,pdam_00006050,pdam_00002695,pdam_00002715,pdam_00019151,pdam_00002738,pdam_00022515,pdam_00025156,pdam_00000765,pdam_00022700,pdam_00017703,pdam_00009364,pdam_00007838,pdam_00000597,pdam_00020931,pdam_00007694,pdam_00020744,pdam_00020745,pdam_00007688,pdam_00011920,pdam_00017001,pdam_00016995,pdam_00016978,pdam_00023283,pdam_00012589,pdam_00012584,pdam_00002151,pdam_00018748,pdam_00002096,pdam_00002204,pdam_00002622,pdam_00008346,pdam_00008270,pdam_00019840,pdam_00003908,pdam_00005860,pdam_00013571,pdam_00008579,pdam_00009110,MED19,pdam_00013939,pdam_00002933,pdam_00021279,pdam_00009670,pdam_00009217,pdam_00020551,pdam_00015799,pdam_00012626,pdam_00004665,pdam_00004649,pdam_00008093,pdam_00003722,pdam_00014402,pdam_00011338,pdam_00010949,pdam_00004201,pdam_00018888,pdam_00017031,pdam_00020616,pdam_00000477,pdam_00000352,pdam_00000391,pdam_00020098,pdam_00013157,pdam_00014816,pdam_00022091,pdam_00018361,pdam_00020251,pdam_00004562,pdam_00004608,pdam_00011152,pdam_00018672,pdam_00007287,pdam_00007456,pdam_00013305,pdam_00021239,pdam_00016400,pdam_00020373,pdam_00022636,pdam_00017459,pdam_00010382,pdam_00015877,pdam_00022238,pdam_00021158,pdam_00007182,pdam_00002418,pdam_00006300,pdam_00006315,pdam_00022708,pdam_00011063,pdam_00006159,pdam_00008243,pdam_00012860,pdam_00017953,pdam_00020582,pdam_00006966,pdam_00005788,pdam_00023195,pdam_00005741,pdam_00006770,pdam_00006778,pdam_00023225,pdam_00021395,pdam_00019703,pdam_00023779,pdam_00009522,pdam_00010782,pdam_00003608,pdam_00003641,pdam_00019005,pdam_00001107,pdam_00004524,pdam_00010093,pdam_00017999,pdam_00025361,pdam_00017773,pdam_00001476,pdam_00006783,pdam_00001387,pdam_00007560,pdam_00007407,pdam_00003540,pdam_00022067
GO Process	GO:0055085	Transmembrane transport	43	1244	0.29	0.28	0.0488	46731.A0A3M6T6B6,46731.A0A3M6T730,46731.A0A3M6T7P0,46731.A0A3M6T8T4,46731.A0A3M6T910,46731.A0A3M6T9M9,46731.A0A3M6TBF9,46731.A0A3M6TCA5,46731.A0A3M6TE23,46731.A0A3M6TF19,46731.A0A3M6TF31,46731.A0A3M6THZ4,46731.A0A3M6TMW1,46731.A0A3M6TMY9,46731.A0A3M6TPP9,46731.A0A3M6TQG7,46731.A0A3M6TSI1,46731.A0A3M6TT09,46731.A0A3M6TUQ9,46731.A0A3M6TYU3,46731.A0A3M6U0A4,46731.A0A3M6U149,46731.A0A3M6U1I1,46731.A0A3M6U1Z5,46731.A0A3M6U2W0,46731.A0A3M6U516,46731.A0A3M6U5L1,46731.A0A3M6U9S3,46731.A0A3M6UAK9,46731.A0A3M6UGB4,46731.A0A3M6UGH8,46731.A0A3M6UH28,46731.A0A3M6UMI6,46731.A0A3M6US78,46731.A0A3M6UU73,46731.A0A3M6UUF3,46731.A0A3M6UV84,46731.A0A3M6UVF5,46731.A0A3M6UYQ9,46731.A0A3M6UYU1,46731.A0A3M6V1K3,46731.A0A3M6V4T4,46731.A0A3M6V7G2	pdam_00000942,pdam_00016599,pdam_00013812,pdam_00004272,pdam_00006569,pdam_00003129,pdam_00005891,pdam_00019526,pdam_00015595,pdam_00025796,pdam_00017273,pdam_00023755,pdam_00018964,pdam_00018972,pdam_00014957,pdam_00016946,pdam_00016004,pdam_00006050,pdam_00014050,pdam_00021583,pdam_00021008,pdam_00012584,pdam_00019079,pdam_00015143,pdam_00002664,pdam_00014328,pdam_00008291,pdam_00021279,pdam_00009668,pdam_00004239,pdam_00013789,pdam_00012232,pdam_00011152,pdam_00021158,pdam_00006318,pdam_00020582,pdam_00005788,pdam_00005741,pdam_00012873,pdam_00022183,pdam_00007345,pdam_00001387,pdam_00022067
GO Function	GO:0005488	Binding	233	10210	0.11	0.42	0.00080	46731.A0A3M6T4G0,46731.A0A3M6T4M8,46731.A0A3M6T4R8,46731.A0A3M6T5H1,46731.A0A3M6T5L9,46731.A0A3M6T619,46731.A0A3M6T638,46731.A0A3M6T6H0,46731.A0A3M6T6T3,46731.A0A3M6T730,46731.A0A3M6T7C5,46731.A0A3M6T834,46731.A0A3M6T891,46731.A0A3M6T8I8,46731.A0A3M6T8S8,46731.A0A3M6T8X4,46731.A0A3M6T987,46731.A0A3M6T9X0,46731.A0A3M6TA43,46731.A0A3M6TA46,46731.A0A3M6TA92,46731.A0A3M6TCW9,46731.A0A3M6TD30,46731.A0A3M6TDI7,46731.A0A3M6TDL1,46731.A0A3M6TDL3,46731.A0A3M6TDR6,46731.A0A3M6TDV8,46731.A0A3M6TE23,46731.A0A3M6TE33,46731.A0A3M6TE48,46731.A0A3M6TE87,46731.A0A3M6TEQ8,46731.A0A3M6TEX1,46731.A0A3M6TF19,46731.A0A3M6TFI2,46731.A0A3M6TG35,46731.A0A3M6TGI2,46731.A0A3M6TGV6,46731.A0A3M6TH61,46731.A0A3M6THL8,46731.A0A3M6THW2,46731.A0A3M6THZ4,46731.A0A3M6TI43,46731.A0A3M6TI71,46731.A0A3M6TIK9,46731.A0A3M6TIL4,46731.A0A3M6TJ25,46731.A0A3M6TJ31,46731.A0A3M6TJ54,46731.A0A3M6TJ65,46731.A0A3M6TJG6,46731.A0A3M6TJN0,46731.A0A3M6TJU0,46731.A0A3M6TK37,46731.A0A3M6TKZ0,46731.A0A3M6TLH7,46731.A0A3M6TLN8,46731.A0A3M6TM28,46731.A0A3M6TM52,46731.A0A3M6TM72,46731.A0A3M6TMT6,46731.A0A3M6TMY9,46731.A0A3M6TMZ6,46731.A0A3M6TNC6,46731.A0A3M6TNM0,46731.A0A3M6TNZ8,46731.A0A3M6TP00,46731.A0A3M6TP80,46731.A0A3M6TQ71,46731.A0A3M6TQF5,46731.A0A3M6TQZ0,46731.A0A3M6TRY5,46731.A0A3M6TS82,46731.A0A3M6TSE1,46731.A0A3M6TSV5,46731.A0A3M6TT27,46731.A0A3M6TT55,46731.A0A3M6TUC1,46731.A0A3M6TV23,46731.A0A3M6TV36,46731.A0A3M6TV45,46731.A0A3M6TV57,46731.A0A3M6TV82,46731.A0A3M6TV83,46731.A0A3M6TVE3,46731.A0A3M6TVN1,46731.A0A3M6TVT2,46731.A0A3M6TWP9,46731.A0A3M6TXA7,46731.A0A3M6TXH0,46731.A0A3M6TXX5,46731.A0A3M6TY25,46731.A0A3M6TY50,46731.A0A3M6TY92,46731.A0A3M6TZ82,46731.A0A3M6TZI9,46731.A0A3M6TZL4,46731.A0A3M6TZT1,46731.A0A3M6U0B7,46731.A0A3M6U0Q9,46731.A0A3M6U0S2,46731.A0A3M6U102,46731.A0A3M6U122,46731.A0A3M6U188,46731.A0A3M6U1E1,46731.A0A3M6U1I1,46731.A0A3M6U1Z5,46731.A0A3M6U335,46731.A0A3M6U346,46731.A0A3M6U356,46731.A0A3M6U516,46731.A0A3M6U5N3,46731.A0A3M6U5U0,46731.A0A3M6U5W1,46731.A0A3M6U6A7,46731.A0A3M6U6H1,46731.A0A3M6U703,46731.A0A3M6U808,46731.A0A3M6U836,46731.A0A3M6U8A8,46731.A0A3M6U8R2,46731.A0A3M6U982,46731.A0A3M6U9V2,46731.A0A3M6UA99,46731.A0A3M6UAA8,46731.A0A3M6UAB9,46731.A0A3M6UAK9,46731.A0A3M6UB77,46731.A0A3M6UBD2,46731.A0A3M6UBW7,46731.A0A3M6UBZ8,46731.A0A3M6UC40,46731.A0A3M6UCW1,46731.A0A3M6UDR9,46731.A0A3M6UEC9,46731.A0A3M6UEG2,46731.A0A3M6UEP0,46731.A0A3M6UFG0,46731.A0A3M6UFL8,46731.A0A3M6UG80,46731.A0A3M6UGB4,46731.A0A3M6UGJ7,46731.A0A3M6UGS3,46731.A0A3M6UH87,46731.A0A3M6UHH6,46731.A0A3M6UHP2,46731.A0A3M6UIC9,46731.A0A3M6UIF8,46731.A0A3M6UIL8,46731.A0A3M6UIQ3,46731.A0A3M6UIZ6,46731.A0A3M6UJ11,46731.A0A3M6UJ82,46731.A0A3M6UJG7,46731.A0A3M6UJL5,46731.A0A3M6UJR3,46731.A0A3M6UK27,46731.A0A3M6UK63,46731.A0A3M6UKA1,46731.A0A3M6UKA8,46731.A0A3M6UKE6,46731.A0A3M6UKL0,46731.A0A3M6UKN4,46731.A0A3M6UKR2,46731.A0A3M6UL16,46731.A0A3M6UL52,46731.A0A3M6UL77,46731.A0A3M6UL97,46731.A0A3M6ULC3,46731.A0A3M6UMQ2,46731.A0A3M6UN24,46731.A0A3M6UNE0,46731.A0A3M6UPW0,46731.A0A3M6UQ96,46731.A0A3M6UQP4,46731.A0A3M6UQS3,46731.A0A3M6UQY7,46731.A0A3M6UR23,46731.A0A3M6UR40,46731.A0A3M6UR91,46731.A0A3M6UR99,46731.A0A3M6URC8,46731.A0A3M6URK8,46731.A0A3M6USC3,46731.A0A3M6USG7,46731.A0A3M6USJ1,46731.A0A3M6USL8,46731.A0A3M6UT45,46731.A0A3M6UTB4,46731.A0A3M6UTG9,46731.A0A3M6UTJ8,46731.A0A3M6UU10,46731.A0A3M6UU25,46731.A0A3M6UU32,46731.A0A3M6UU85,46731.A0A3M6UUE9,46731.A0A3M6UUF1,46731.A0A3M6UUF3,46731.A0A3M6UV25,46731.A0A3M6UVB1,46731.A0A3M6UWF5,46731.A0A3M6UWL6,46731.A0A3M6UWM2,46731.A0A3M6UWZ9,46731.A0A3M6UXT1,46731.A0A3M6UY33,46731.A0A3M6UY48,46731.A0A3M6UYF1,46731.A0A3M6UYP5,46731.A0A3M6UZF3,46731.A0A3M6UZV0,46731.A0A3M6UZZ8,46731.A0A3M6V061,46731.A0A3M6V0H2,46731.A0A3M6V0X0,46731.A0A3M6V113,46731.A0A3M6V1F9,46731.A0A3M6V1U6,46731.A0A3M6V1U8,46731.A0A3M6V391,46731.A0A3M6V3A4,46731.A0A3M6V3E6,46731.A0A3M6V3G2,46731.A0A3M6V3N9,46731.A0A3M6V3R0,46731.A0A3M6V3X9,46731.A0A3M6V454,46731.A0A3M6V5C9,46731.A0A3M6V5G3,46731.A0A3M6V645,46731.A0A3M6V6A1,46731.A0A3M6V6I9	pdam_00010209,pdam_00003854,pdam_00005221,pdam_00014996,pdam_00017186,pdam_00001018,pdam_00001026,pdam_00005068,pdam_00015761,pdam_00016599,pdam_00024507,pdam_00016612,pdam_00007911,pdam_00006548,pdam_00020032,pdam_00020034,pdam_00009057,pdam_00003058,pdam_00010919,pdam_00003408,pdam_00003406,pdam_00023341,pdam_00016195,pdam_00007599,pdam_00015580,pdam_00007606,pdam_00015590,pdam_00006128,pdam_00015595,pdam_00006100,pdam_00008040,pdam_00003970,pdam_00025061,pdam_00013440,pdam_00025796,pdam_00002288,pdam_00017499,pdam_00009477,pdam_00009895,pdam_00015964,pdam_00006533,pdam_00006528,pdam_00023755,pdam_00017658,pdam_00003222,pdam_00013238,pdam_00012392,pdam_00022822,pdam_00013516,pdam_00021718,pdam_00022825,pdam_00012275,pdam_00012258,pdam_00015852,pdam_00025497,pdam_00001194,pdam_00009850,pdam_00009857,pdam_00004911,pdam_00010899,pdam_00004864,pdam_00010272,pdam_00018972,pdam_00014157,pdam_00020890,pdam_00005108,pdam_00001857,pdam_00001760,pdam_00014556,pdam_00010850,pdam_00010830,pdam_00019502,pdam_00012962,pdam_00002569,pdam_00019506,pdam_00011208,pdam_00002695,pdam_00002715,pdam_00022515,pdam_00022670,pdam_00000856,pdam_00016491,pdam_00000765,pdam_00022668,pdam_00000837,pdam_00000754,pdam_00023241,pdam_00008420,pdam_00022700,pdam_00002032,pdam_00009364,pdam_00007838,pdam_00000493,pdam_00000597,pdam_00000686,pdam_00021581,pdam_00007694,pdam_00007640,pdam_00007688,pdam_00016995,pdam_00016978,pdam_00023283,pdam_00012589,pdam_00012580,pdam_00019335,pdam_00002151,pdam_00019079,pdam_00015143,pdam_00002692,pdam_00010626,pdam_00002608,pdam_00014328,pdam_00008346,pdam_00008270,pdam_00003956,pdam_00003908,pdam_00005860,pdam_00013571,pdam_00002960,pdam_00009110,pdam_00017308,pdam_00018379,pdam_00002933,pdam_00006913,pdam_00018310,pdam_00009670,pdam_00009217,pdam_00009668,pdam_00017544,pdam_00022881,pdam_00004057,pdam_00004051,pdam_00020551,pdam_00004649,pdam_00008093,pdam_00011651,pdam_00003722,pdam_00015162,pdam_00014402,pdam_00013778,pdam_00004241,pdam_00004239,pdam_00014226,pdam_00011338,pdam_00004201,pdam_00015574,pdam_00018888,pdam_00017031,pdam_00017039,pdam_00017350,pdam_00020616,pdam_00000448,pdam_00000477,pdam_00000352,pdam_00000331,pdam_00000391,pdam_00010709,pdam_00014885,pdam_00020098,pdam_00013157,pdam_00013143,pdam_00014816,pdam_00012120,pdam_00022091,pdam_00016931,pdam_00013167,pdam_00014812,pdam_00018361,pdam_00020251,pdam_00020254,pdam_00018672,pdam_00007287,pdam_00018943,pdam_00001652,pdam_00022749,pdam_00016400,pdam_00019099,pdam_00021724,pdam_00022636,pdam_00017459,pdam_00022639,pdam_00010382,pdam_00015877,pdam_00022238,pdam_00007182,pdam_00021160,pdam_00007204,pdam_00002418,pdam_00009946,pdam_00006300,pdam_00006315,pdam_00022708,pdam_00006159,pdam_00008243,pdam_00008212,pdam_00022785,pdam_00012860,pdam_00017953,pdam_00020582,pdam_00006966,pdam_00023195,pdam_00023225,pdam_00000099,pdam_00006718,pdam_00000056,pdam_00021395,pdam_00019703,pdam_00023779,pdam_00009522,pdam_00010782,pdam_00021831,pdam_00007740,pdam_00005731,pdam_00011908,pdam_00014010,pdam_00003608,pdam_00003641,pdam_00019005,pdam_00001107,pdam_00003675,pdam_00017999,pdam_00025361,pdam_00017773,pdam_00025758,pdam_00017029,pdam_00001476,pdam_00001444,pdam_00006783,pdam_00010511,pdam_00010537,pdam_00024249,pdam_00007407,pdam_00003540
GO Function	GO:0005216	Ion channel activity	26	529	0.44	0.46	0.0050	46731.A0A3M6T6B6,46731.A0A3M6T730,46731.A0A3M6T7P0,46731.A0A3M6T910,46731.A0A3M6T9M9,46731.A0A3M6TCA5,46731.A0A3M6TF19,46731.A0A3M6TF31,46731.A0A3M6THZ4,46731.A0A3M6TMW1,46731.A0A3M6TMY9,46731.A0A3M6TPP9,46731.A0A3M6TSI1,46731.A0A3M6TT09,46731.A0A3M6TUQ9,46731.A0A3M6U516,46731.A0A3M6U9S3,46731.A0A3M6UAK9,46731.A0A3M6UGB4,46731.A0A3M6UMI6,46731.A0A3M6US78,46731.A0A3M6UUF3,46731.A0A3M6UV84,46731.A0A3M6UVF5,46731.A0A3M6V4T4,46731.A0A3M6V7G2	pdam_00000942,pdam_00016599,pdam_00013812,pdam_00006569,pdam_00003129,pdam_00019526,pdam_00025796,pdam_00017273,pdam_00023755,pdam_00018964,pdam_00018972,pdam_00014957,pdam_00016004,pdam_00006050,pdam_00014050,pdam_00014328,pdam_00021279,pdam_00009668,pdam_00004239,pdam_00011152,pdam_00021158,pdam_00020582,pdam_00005788,pdam_00005741,pdam_00001387,pdam_00022067
GO Function	GO:0022857	Transmembrane transporter activity	43	1202	0.31	0.42	0.0056	46731.A0A3M6T6B6,46731.A0A3M6T730,46731.A0A3M6T7P0,46731.A0A3M6T8T4,46731.A0A3M6T910,46731.A0A3M6T9M9,46731.A0A3M6TA25,46731.A0A3M6TBF9,46731.A0A3M6TCA5,46731.A0A3M6TE23,46731.A0A3M6TF19,46731.A0A3M6TF31,46731.A0A3M6THZ4,46731.A0A3M6TMW1,46731.A0A3M6TMY9,46731.A0A3M6TPP9,46731.A0A3M6TQG7,46731.A0A3M6TSI1,46731.A0A3M6TT09,46731.A0A3M6TUQ9,46731.A0A3M6TYU3,46731.A0A3M6U0A4,46731.A0A3M6U149,46731.A0A3M6U1Z5,46731.A0A3M6U2W0,46731.A0A3M6U516,46731.A0A3M6U5L1,46731.A0A3M6U9S3,46731.A0A3M6UAK9,46731.A0A3M6UGB4,46731.A0A3M6UGH8,46731.A0A3M6UH28,46731.A0A3M6UMI6,46731.A0A3M6US78,46731.A0A3M6UU73,46731.A0A3M6UUF3,46731.A0A3M6UV84,46731.A0A3M6UVF5,46731.A0A3M6UYQ9,46731.A0A3M6UYU1,46731.A0A3M6V1K3,46731.A0A3M6V4T4,46731.A0A3M6V7G2	pdam_00000942,pdam_00016599,pdam_00013812,pdam_00004272,pdam_00006569,pdam_00003129,pdam_00003347,pdam_00005891,pdam_00019526,pdam_00015595,pdam_00025796,pdam_00017273,pdam_00023755,pdam_00018964,pdam_00018972,pdam_00014957,pdam_00016946,pdam_00016004,pdam_00006050,pdam_00014050,pdam_00021583,pdam_00021008,pdam_00012584,pdam_00015143,pdam_00002664,pdam_00014328,pdam_00008291,pdam_00021279,pdam_00009668,pdam_00004239,pdam_00013789,pdam_00012232,pdam_00011152,pdam_00021158,pdam_00006318,pdam_00020582,pdam_00005788,pdam_00005741,pdam_00012873,pdam_00022183,pdam_00007345,pdam_00001387,pdam_00022067
GO Function	GO:0005215	Transporter activity	44	1255	0.3	0.41	0.0059	46731.A0A3M6T6B6,46731.A0A3M6T730,46731.A0A3M6T7P0,46731.A0A3M6T8T4,46731.A0A3M6T910,46731.A0A3M6T9M9,46731.A0A3M6TA25,46731.A0A3M6TBF9,46731.A0A3M6TCA5,46731.A0A3M6TDL3,46731.A0A3M6TE23,46731.A0A3M6TF19,46731.A0A3M6TF31,46731.A0A3M6THZ4,46731.A0A3M6TMW1,46731.A0A3M6TMY9,46731.A0A3M6TPP9,46731.A0A3M6TQG7,46731.A0A3M6TSI1,46731.A0A3M6TT09,46731.A0A3M6TUQ9,46731.A0A3M6TYU3,46731.A0A3M6U0A4,46731.A0A3M6U149,46731.A0A3M6U1Z5,46731.A0A3M6U2W0,46731.A0A3M6U516,46731.A0A3M6U5L1,46731.A0A3M6U9S3,46731.A0A3M6UAK9,46731.A0A3M6UGB4,46731.A0A3M6UGH8,46731.A0A3M6UH28,46731.A0A3M6UMI6,46731.A0A3M6US78,46731.A0A3M6UU73,46731.A0A3M6UUF3,46731.A0A3M6UV84,46731.A0A3M6UVF5,46731.A0A3M6UYQ9,46731.A0A3M6UYU1,46731.A0A3M6V1K3,46731.A0A3M6V4T4,46731.A0A3M6V7G2	pdam_00000942,pdam_00016599,pdam_00013812,pdam_00004272,pdam_00006569,pdam_00003129,pdam_00003347,pdam_00005891,pdam_00019526,pdam_00007606,pdam_00015595,pdam_00025796,pdam_00017273,pdam_00023755,pdam_00018964,pdam_00018972,pdam_00014957,pdam_00016946,pdam_00016004,pdam_00006050,pdam_00014050,pdam_00021583,pdam_00021008,pdam_00012584,pdam_00015143,pdam_00002664,pdam_00014328,pdam_00008291,pdam_00021279,pdam_00009668,pdam_00004239,pdam_00013789,pdam_00012232,pdam_00011152,pdam_00021158,pdam_00006318,pdam_00020582,pdam_00005788,pdam_00005741,pdam_00012873,pdam_00022183,pdam_00007345,pdam_00001387,pdam_00022067
GO Function	GO:0015075	Ion transmembrane transporter activity	31	763	0.36	0.42	0.0069	46731.A0A3M6T6B6,46731.A0A3M6T730,46731.A0A3M6T7P0,46731.A0A3M6T910,46731.A0A3M6T9M9,46731.A0A3M6TA25,46731.A0A3M6TBF9,46731.A0A3M6TCA5,46731.A0A3M6TF19,46731.A0A3M6TF31,46731.A0A3M6THZ4,46731.A0A3M6TMW1,46731.A0A3M6TMY9,46731.A0A3M6TPP9,46731.A0A3M6TSI1,46731.A0A3M6TT09,46731.A0A3M6TUQ9,46731.A0A3M6TYU3,46731.A0A3M6U149,46731.A0A3M6U516,46731.A0A3M6U9S3,46731.A0A3M6UAK9,46731.A0A3M6UGB4,46731.A0A3M6UMI6,46731.A0A3M6US78,46731.A0A3M6UUF3,46731.A0A3M6UV84,46731.A0A3M6UVF5,46731.A0A3M6V1K3,46731.A0A3M6V4T4,46731.A0A3M6V7G2	pdam_00000942,pdam_00016599,pdam_00013812,pdam_00006569,pdam_00003129,pdam_00003347,pdam_00005891,pdam_00019526,pdam_00025796,pdam_00017273,pdam_00023755,pdam_00018964,pdam_00018972,pdam_00014957,pdam_00016004,pdam_00006050,pdam_00014050,pdam_00021583,pdam_00012584,pdam_00014328,pdam_00021279,pdam_00009668,pdam_00004239,pdam_00011152,pdam_00021158,pdam_00020582,pdam_00005788,pdam_00005741,pdam_00007345,pdam_00001387,pdam_00022067
GO Function	GO:0022836	Gated channel activity	19	351	0.49	0.45	0.0069	46731.A0A3M6T730,46731.A0A3M6T7P0,46731.A0A3M6T910,46731.A0A3M6T9M9,46731.A0A3M6TCA5,46731.A0A3M6TF31,46731.A0A3M6TMW1,46731.A0A3M6TSI1,46731.A0A3M6TT09,46731.A0A3M6U516,46731.A0A3M6U9S3,46731.A0A3M6UGB4,46731.A0A3M6UMI6,46731.A0A3M6US78,46731.A0A3M6UUF3,46731.A0A3M6UV84,46731.A0A3M6UVF5,46731.A0A3M6V4T4,46731.A0A3M6V7G2	pdam_00016599,pdam_00013812,pdam_00006569,pdam_00003129,pdam_00019526,pdam_00017273,pdam_00018964,pdam_00016004,pdam_00006050,pdam_00014328,pdam_00021279,pdam_00004239,pdam_00011152,pdam_00021158,pdam_00020582,pdam_00005788,pdam_00005741,pdam_00001387,pdam_00022067
GO Function	GO:0005261	Cation channel activity	22	458	0.43	0.43	0.0075	46731.A0A3M6T6B6,46731.A0A3M6T730,46731.A0A3M6T7P0,46731.A0A3M6T910,46731.A0A3M6T9M9,46731.A0A3M6TCA5,46731.A0A3M6TF19,46731.A0A3M6TF31,46731.A0A3M6THZ4,46731.A0A3M6TMW1,46731.A0A3M6TMY9,46731.A0A3M6TPP9,46731.A0A3M6TSI1,46731.A0A3M6TT09,46731.A0A3M6TUQ9,46731.A0A3M6U516,46731.A0A3M6U9S3,46731.A0A3M6UAK9,46731.A0A3M6UMI6,46731.A0A3M6US78,46731.A0A3M6UVF5,46731.A0A3M6V7G2	pdam_00000942,pdam_00016599,pdam_00013812,pdam_00006569,pdam_00003129,pdam_00019526,pdam_00025796,pdam_00017273,pdam_00023755,pdam_00018964,pdam_00018972,pdam_00014957,pdam_00016004,pdam_00006050,pdam_00014050,pdam_00014328,pdam_00021279,pdam_00009668,pdam_00011152,pdam_00021158,pdam_00005741,pdam_00022067
GO Function	GO:0015318	Inorganic molecular entity transmembrane transporter activity	29	703	0.37	0.42	0.0075	46731.A0A3M6T6B6,46731.A0A3M6T730,46731.A0A3M6T7P0,46731.A0A3M6T910,46731.A0A3M6T9M9,46731.A0A3M6TA25,46731.A0A3M6TBF9,46731.A0A3M6TCA5,46731.A0A3M6TF19,46731.A0A3M6TF31,46731.A0A3M6THZ4,46731.A0A3M6TMW1,46731.A0A3M6TMY9,46731.A0A3M6TPP9,46731.A0A3M6TSI1,46731.A0A3M6TT09,46731.A0A3M6TUQ9,46731.A0A3M6U149,46731.A0A3M6U516,46731.A0A3M6U9S3,46731.A0A3M6UAK9,46731.A0A3M6UGB4,46731.A0A3M6UMI6,46731.A0A3M6US78,46731.A0A3M6UUF3,46731.A0A3M6UV84,46731.A0A3M6UVF5,46731.A0A3M6V4T4,46731.A0A3M6V7G2	pdam_00000942,pdam_00016599,pdam_00013812,pdam_00006569,pdam_00003129,pdam_00003347,pdam_00005891,pdam_00019526,pdam_00025796,pdam_00017273,pdam_00023755,pdam_00018964,pdam_00018972,pdam_00014957,pdam_00016004,pdam_00006050,pdam_00014050,pdam_00012584,pdam_00014328,pdam_00021279,pdam_00009668,pdam_00004239,pdam_00011152,pdam_00021158,pdam_00020582,pdam_00005788,pdam_00005741,pdam_00001387,pdam_00022067
GO Function	GO:0022890	Inorganic cation transmembrane transporter activity	24	595	0.36	0.3	0.0390	46731.A0A3M6T6B6,46731.A0A3M6T730,46731.A0A3M6T7P0,46731.A0A3M6T910,46731.A0A3M6T9M9,46731.A0A3M6TBF9,46731.A0A3M6TCA5,46731.A0A3M6TF19,46731.A0A3M6TF31,46731.A0A3M6THZ4,46731.A0A3M6TMW1,46731.A0A3M6TMY9,46731.A0A3M6TPP9,46731.A0A3M6TSI1,46731.A0A3M6TT09,46731.A0A3M6TUQ9,46731.A0A3M6U149,46731.A0A3M6U516,46731.A0A3M6U9S3,46731.A0A3M6UAK9,46731.A0A3M6UMI6,46731.A0A3M6US78,46731.A0A3M6UVF5,46731.A0A3M6V7G2	pdam_00000942,pdam_00016599,pdam_00013812,pdam_00006569,pdam_00003129,pdam_00005891,pdam_00019526,pdam_00025796,pdam_00017273,pdam_00023755,pdam_00018964,pdam_00018972,pdam_00014957,pdam_00016004,pdam_00006050,pdam_00014050,pdam_00012584,pdam_00014328,pdam_00021279,pdam_00009668,pdam_00011152,pdam_00021158,pdam_00005741,pdam_00022067
GO Function	GO:0005244	Voltage-gated ion channel activity	11	166	0.57	0.32	0.0422	46731.A0A3M6T7P0,46731.A0A3M6T910,46731.A0A3M6TMW1,46731.A0A3M6TSI1,46731.A0A3M6TT09,46731.A0A3M6U9S3,46731.A0A3M6UGB4,46731.A0A3M6US78,46731.A0A3M6UUF3,46731.A0A3M6UV84,46731.A0A3M6UVF5	pdam_00013812,pdam_00006569,pdam_00018964,pdam_00016004,pdam_00006050,pdam_00021279,pdam_00004239,pdam_00021158,pdam_00020582,pdam_00005788,pdam_00005741
GO Function	GO:0043167	Ion binding	113	4686	0.13	0.26	0.0422	46731.A0A3M6T4M8,46731.A0A3M6T5L9,46731.A0A3M6T638,46731.A0A3M6T6H0,46731.A0A3M6T7C5,46731.A0A3M6T8S8,46731.A0A3M6T9X0,46731.A0A3M6TDI7,46731.A0A3M6TDR6,46731.A0A3M6TE23,46731.A0A3M6TE48,46731.A0A3M6TE87,46731.A0A3M6TEQ8,46731.A0A3M6TEX1,46731.A0A3M6TF19,46731.A0A3M6TFI2,46731.A0A3M6TGI2,46731.A0A3M6TGV6,46731.A0A3M6TH61,46731.A0A3M6THW2,46731.A0A3M6THZ4,46731.A0A3M6TJ25,46731.A0A3M6TJ65,46731.A0A3M6TJN0,46731.A0A3M6TJU0,46731.A0A3M6TKZ0,46731.A0A3M6TM28,46731.A0A3M6TMY9,46731.A0A3M6TMZ6,46731.A0A3M6TNZ8,46731.A0A3M6TSV5,46731.A0A3M6TT55,46731.A0A3M6TUC1,46731.A0A3M6TV23,46731.A0A3M6TV36,46731.A0A3M6TV45,46731.A0A3M6TV82,46731.A0A3M6TV83,46731.A0A3M6TVT2,46731.A0A3M6TXH0,46731.A0A3M6TZI9,46731.A0A3M6TZL4,46731.A0A3M6U0B7,46731.A0A3M6U0Q9,46731.A0A3M6U102,46731.A0A3M6U122,46731.A0A3M6U188,46731.A0A3M6U1I1,46731.A0A3M6U1Z5,46731.A0A3M6U5U0,46731.A0A3M6U5W1,46731.A0A3M6U703,46731.A0A3M6U808,46731.A0A3M6U836,46731.A0A3M6U8A8,46731.A0A3M6U8R2,46731.A0A3M6UB77,46731.A0A3M6UBD2,46731.A0A3M6UBZ8,46731.A0A3M6UC40,46731.A0A3M6UCW1,46731.A0A3M6UEC9,46731.A0A3M6UEP0,46731.A0A3M6UGB4,46731.A0A3M6UH87,46731.A0A3M6UHH6,46731.A0A3M6UIC9,46731.A0A3M6UIQ3,46731.A0A3M6UIZ6,46731.A0A3M6UJ82,46731.A0A3M6UJG7,46731.A0A3M6UJR3,46731.A0A3M6UK27,46731.A0A3M6UK63,46731.A0A3M6UKN4,46731.A0A3M6UKR2,46731.A0A3M6UL16,46731.A0A3M6ULC3,46731.A0A3M6UMQ2,46731.A0A3M6UN24,46731.A0A3M6UNE0,46731.A0A3M6UQP4,46731.A0A3M6UQS3,46731.A0A3M6UQY7,46731.A0A3M6UR23,46731.A0A3M6UR91,46731.A0A3M6UR99,46731.A0A3M6USG7,46731.A0A3M6USL8,46731.A0A3M6UTB4,46731.A0A3M6UU25,46731.A0A3M6UUE9,46731.A0A3M6UUF1,46731.A0A3M6UV25,46731.A0A3M6UVB1,46731.A0A3M6UWF5,46731.A0A3M6UWL6,46731.A0A3M6UWM2,46731.A0A3M6UXT1,46731.A0A3M6UY48,46731.A0A3M6UYF1,46731.A0A3M6UZF3,46731.A0A3M6UZV0,46731.A0A3M6UZZ8,46731.A0A3M6V061,46731.A0A3M6V113,46731.A0A3M6V1U8,46731.A0A3M6V3A4,46731.A0A3M6V3E6,46731.A0A3M6V454,46731.A0A3M6V5C9,46731.A0A3M6V5G3,46731.A0A3M6V6I9	pdam_00003854,pdam_00017186,pdam_00001026,pdam_00005068,pdam_00024507,pdam_00020032,pdam_00003058,pdam_00007599,pdam_00015590,pdam_00015595,pdam_00008040,pdam_00003970,pdam_00025061,pdam_00013440,pdam_00025796,pdam_00002288,pdam_00009477,pdam_00009895,pdam_00015964,pdam_00006528,pdam_00023755,pdam_00022822,pdam_00022825,pdam_00012258,pdam_00015852,pdam_00001194,pdam_00004911,pdam_00018972,pdam_00014157,pdam_00001857,pdam_00011208,pdam_00002715,pdam_00022515,pdam_00022670,pdam_00000856,pdam_00016491,pdam_00022668,pdam_00000837,pdam_00008420,pdam_00009364,pdam_00007694,pdam_00007640,pdam_00016995,pdam_00016978,pdam_00012589,pdam_00012580,pdam_00019335,pdam_00019079,pdam_00015143,pdam_00008270,pdam_00003956,pdam_00013571,pdam_00002960,pdam_00009110,pdam_00017308,pdam_00018379,pdam_00017544,pdam_00022881,pdam_00004051,pdam_00020551,pdam_00004649,pdam_00011651,pdam_00015162,pdam_00004239,pdam_00004201,pdam_00015574,pdam_00017031,pdam_00020616,pdam_00000448,pdam_00000352,pdam_00000331,pdam_00010709,pdam_00014885,pdam_00020098,pdam_00022091,pdam_00016931,pdam_00013167,pdam_00020254,pdam_00018672,pdam_00007287,pdam_00018943,pdam_00016400,pdam_00019099,pdam_00021724,pdam_00022636,pdam_00022639,pdam_00010382,pdam_00021160,pdam_00002418,pdam_00006300,pdam_00008243,pdam_00012860,pdam_00017953,pdam_00006966,pdam_00023195,pdam_00023225,pdam_00000099,pdam_00006718,pdam_00021395,pdam_00023779,pdam_00009522,pdam_00021831,pdam_00007740,pdam_00005731,pdam_00011908,pdam_00003641,pdam_00003675,pdam_00025361,pdam_00017773,pdam_00006783,pdam_00010511,pdam_00010537,pdam_00003540
GO Component	GO:0110165	Cellular anatomical entity	376	15952	0.13	0.72	2.31e-19	46731.A0A3M6T4C7,46731.A0A3M6T4G0,46731.A0A3M6T4J2,46731.A0A3M6T4L8,46731.A0A3M6T4M8,46731.A0A3M6T4R8,46731.A0A3M6T5H1,46731.A0A3M6T5L9,46731.A0A3M6T619,46731.A0A3M6T638,46731.A0A3M6T678,46731.A0A3M6T6B6,46731.A0A3M6T6H0,46731.A0A3M6T6T3,46731.A0A3M6T730,46731.A0A3M6T7C5,46731.A0A3M6T7P0,46731.A0A3M6T834,46731.A0A3M6T891,46731.A0A3M6T8I8,46731.A0A3M6T8K7,46731.A0A3M6T8S8,46731.A0A3M6T8T4,46731.A0A3M6T8X4,46731.A0A3M6T910,46731.A0A3M6T987,46731.A0A3M6T9C0,46731.A0A3M6T9D7,46731.A0A3M6T9M9,46731.A0A3M6T9Q2,46731.A0A3M6T9X0,46731.A0A3M6T9X8,46731.A0A3M6TA25,46731.A0A3M6TA43,46731.A0A3M6TA46,46731.A0A3M6TA92,46731.A0A3M6TAP1,46731.A0A3M6TAQ3,46731.A0A3M6TB17,46731.A0A3M6TBF9,46731.A0A3M6TC27,46731.A0A3M6TCA5,46731.A0A3M6TCF9,46731.A0A3M6TCJ4,46731.A0A3M6TCW9,46731.A0A3M6TD30,46731.A0A3M6TDF4,46731.A0A3M6TDI7,46731.A0A3M6TDL1,46731.A0A3M6TDL3,46731.A0A3M6TDR6,46731.A0A3M6TDV7,46731.A0A3M6TDV8,46731.A0A3M6TE23,46731.A0A3M6TE33,46731.A0A3M6TE48,46731.A0A3M6TE87,46731.A0A3M6TEQ8,46731.A0A3M6TEX1,46731.A0A3M6TF19,46731.A0A3M6TF31,46731.A0A3M6TF62,46731.A0A3M6TFE0,46731.A0A3M6TFG6,46731.A0A3M6TFI2,46731.A0A3M6TG35,46731.A0A3M6TGI2,46731.A0A3M6TGV6,46731.A0A3M6TH18,46731.A0A3M6TH61,46731.A0A3M6THL8,46731.A0A3M6THW2,46731.A0A3M6THZ4,46731.A0A3M6TI43,46731.A0A3M6TI71,46731.A0A3M6TIK9,46731.A0A3M6TIL4,46731.A0A3M6TJ25,46731.A0A3M6TJ31,46731.A0A3M6TJ54,46731.A0A3M6TJ65,46731.A0A3M6TJG6,46731.A0A3M6TJN0,46731.A0A3M6TJU0,46731.A0A3M6TK22,46731.A0A3M6TK37,46731.A0A3M6TKZ0,46731.A0A3M6TLH7,46731.A0A3M6TLN8,46731.A0A3M6TM28,46731.A0A3M6TM52,46731.A0A3M6TM72,46731.A0A3M6TMT6,46731.A0A3M6TMW1,46731.A0A3M6TMY9,46731.A0A3M6TMZ6,46731.A0A3M6TN90,46731.A0A3M6TNC6,46731.A0A3M6TNM0,46731.A0A3M6TNR4,46731.A0A3M6TNY1,46731.A0A3M6TNZ8,46731.A0A3M6TP00,46731.A0A3M6TP80,46731.A0A3M6TPP9,46731.A0A3M6TPS7,46731.A0A3M6TQ71,46731.A0A3M6TQF5,46731.A0A3M6TQG7,46731.A0A3M6TQL1,46731.A0A3M6TQZ0,46731.A0A3M6TR03,46731.A0A3M6TR94,46731.A0A3M6TRS2,46731.A0A3M6TRY5,46731.A0A3M6TS82,46731.A0A3M6TSE1,46731.A0A3M6TSI1,46731.A0A3M6TSV5,46731.A0A3M6TT09,46731.A0A3M6TT27,46731.A0A3M6TT55,46731.A0A3M6TTL2,46731.A0A3M6TTR7,46731.A0A3M6TU52,46731.A0A3M6TU60,46731.A0A3M6TU96,46731.A0A3M6TUC1,46731.A0A3M6TUQ9,46731.A0A3M6TUR2,46731.A0A3M6TUS1,46731.A0A3M6TV23,46731.A0A3M6TV36,46731.A0A3M6TV45,46731.A0A3M6TV57,46731.A0A3M6TV82,46731.A0A3M6TV83,46731.A0A3M6TVE3,46731.A0A3M6TVN1,46731.A0A3M6TVT2,46731.A0A3M6TWN1,46731.A0A3M6TWP9,46731.A0A3M6TXA7,46731.A0A3M6TXG5,46731.A0A3M6TXH0,46731.A0A3M6TXJ4,46731.A0A3M6TXX5,46731.A0A3M6TY25,46731.A0A3M6TY50,46731.A0A3M6TY92,46731.A0A3M6TYH6,46731.A0A3M6TYN0,46731.A0A3M6TYQ9,46731.A0A3M6TYU3,46731.A0A3M6TZ82,46731.A0A3M6TZB9,46731.A0A3M6TZI9,46731.A0A3M6TZL4,46731.A0A3M6TZQ1,46731.A0A3M6TZR6,46731.A0A3M6TZT1,46731.A0A3M6U043,46731.A0A3M6U092,46731.A0A3M6U0A4,46731.A0A3M6U0B7,46731.A0A3M6U0Q9,46731.A0A3M6U0S2,46731.A0A3M6U0W0,46731.A0A3M6U0W1,46731.A0A3M6U102,46731.A0A3M6U122,46731.A0A3M6U149,46731.A0A3M6U1E1,46731.A0A3M6U1G4,46731.A0A3M6U1I1,46731.A0A3M6U1I8,46731.A0A3M6U1J1,46731.A0A3M6U1Z5,46731.A0A3M6U2W0,46731.A0A3M6U329,46731.A0A3M6U335,46731.A0A3M6U336,46731.A0A3M6U346,46731.A0A3M6U356,46731.A0A3M6U516,46731.A0A3M6U5L1,46731.A0A3M6U5N3,46731.A0A3M6U5U0,46731.A0A3M6U5W1,46731.A0A3M6U673,46731.A0A3M6U6A7,46731.A0A3M6U6H1,46731.A0A3M6U703,46731.A0A3M6U7B3,46731.A0A3M6U7Y7,46731.A0A3M6U808,46731.A0A3M6U836,46731.A0A3M6U8A8,46731.A0A3M6U8K4,46731.A0A3M6U8R2,46731.A0A3M6U8V1,46731.A0A3M6U982,46731.A0A3M6U9B7,46731.A0A3M6U9S3,46731.A0A3M6U9V2,46731.A0A3M6UA99,46731.A0A3M6UAA8,46731.A0A3M6UAB9,46731.A0A3M6UAK9,46731.A0A3M6UAS1,46731.A0A3M6UB77,46731.A0A3M6UB97,46731.A0A3M6UBA1,46731.A0A3M6UBD2,46731.A0A3M6UBW7,46731.A0A3M6UBZ8,46731.A0A3M6UC29,46731.A0A3M6UC40,46731.A0A3M6UC54,46731.A0A3M6UCM6,46731.A0A3M6UCQ0,46731.A0A3M6UCW1,46731.A0A3M6UD51,46731.A0A3M6UDB6,46731.A0A3M6UDC1,46731.A0A3M6UDG2,46731.A0A3M6UDQ0,46731.A0A3M6UDR9,46731.A0A3M6UEC9,46731.A0A3M6UEG2,46731.A0A3M6UEP0,46731.A0A3M6UEY4,46731.A0A3M6UF56,46731.A0A3M6UFG0,46731.A0A3M6UFL8,46731.A0A3M6UG80,46731.A0A3M6UGB4,46731.A0A3M6UGH8,46731.A0A3M6UGJ7,46731.A0A3M6UGS3,46731.A0A3M6UGZ0,46731.A0A3M6UH28,46731.A0A3M6UH87,46731.A0A3M6UH88,46731.A0A3M6UHH6,46731.A0A3M6UHP2,46731.A0A3M6UIA6,46731.A0A3M6UIC9,46731.A0A3M6UIE7,46731.A0A3M6UIF8,46731.A0A3M6UIL8,46731.A0A3M6UIQ3,46731.A0A3M6UIZ6,46731.A0A3M6UJ11,46731.A0A3M6UJ82,46731.A0A3M6UJ93,46731.A0A3M6UJG7,46731.A0A3M6UJL5,46731.A0A3M6UJR3,46731.A0A3M6UJU4,46731.A0A3M6UK27,46731.A0A3M6UK63,46731.A0A3M6UK87,46731.A0A3M6UKA1,46731.A0A3M6UKA8,46731.A0A3M6UKE6,46731.A0A3M6UKL0,46731.A0A3M6UKN4,46731.A0A3M6UKR2,46731.A0A3M6UL16,46731.A0A3M6UL52,46731.A0A3M6UL77,46731.A0A3M6UL97,46731.A0A3M6ULC3,46731.A0A3M6ULS3,46731.A0A3M6ULV0,46731.A0A3M6UMI6,46731.A0A3M6UMQ2,46731.A0A3M6UN24,46731.A0A3M6UN42,46731.A0A3M6UNC8,46731.A0A3M6UNE0,46731.A0A3M6UP93,46731.A0A3M6UPN2,46731.A0A3M6UPR5,46731.A0A3M6UPU5,46731.A0A3M6UPW0,46731.A0A3M6UQ96,46731.A0A3M6UQP4,46731.A0A3M6UQS3,46731.A0A3M6UQW0,46731.A0A3M6UQX0,46731.A0A3M6UQY7,46731.A0A3M6UR23,46731.A0A3M6UR40,46731.A0A3M6UR91,46731.A0A3M6UR99,46731.A0A3M6URC8,46731.A0A3M6URK8,46731.A0A3M6US78,46731.A0A3M6USC3,46731.A0A3M6USG7,46731.A0A3M6USJ1,46731.A0A3M6USL8,46731.A0A3M6USS9,46731.A0A3M6UT45,46731.A0A3M6UTB4,46731.A0A3M6UTG9,46731.A0A3M6UTJ8,46731.A0A3M6UTM6,46731.A0A3M6UTN4,46731.A0A3M6UU10,46731.A0A3M6UU25,46731.A0A3M6UU32,46731.A0A3M6UU73,46731.A0A3M6UU85,46731.A0A3M6UUE9,46731.A0A3M6UUF1,46731.A0A3M6UUF3,46731.A0A3M6UUQ0,46731.A0A3M6UUT7,46731.A0A3M6UV25,46731.A0A3M6UV84,46731.A0A3M6UVB1,46731.A0A3M6UVF5,46731.A0A3M6UVI0,46731.A0A3M6UVV1,46731.A0A3M6UW16,46731.A0A3M6UW26,46731.A0A3M6UW36,46731.A0A3M6UWF5,46731.A0A3M6UWL6,46731.A0A3M6UWM2,46731.A0A3M6UWZ9,46731.A0A3M6UXK6,46731.A0A3M6UXT1,46731.A0A3M6UY29,46731.A0A3M6UY33,46731.A0A3M6UY48,46731.A0A3M6UYF1,46731.A0A3M6UYP5,46731.A0A3M6UYQ9,46731.A0A3M6UYU1,46731.A0A3M6UZB5,46731.A0A3M6UZF3,46731.A0A3M6UZV0,46731.A0A3M6UZZ8,46731.A0A3M6V061,46731.A0A3M6V089,46731.A0A3M6V0H2,46731.A0A3M6V0X0,46731.A0A3M6V113,46731.A0A3M6V1F9,46731.A0A3M6V1K3,46731.A0A3M6V1U6,46731.A0A3M6V1U8,46731.A0A3M6V287,46731.A0A3M6V2L7,46731.A0A3M6V384,46731.A0A3M6V391,46731.A0A3M6V3A4,46731.A0A3M6V3E6,46731.A0A3M6V3G2,46731.A0A3M6V3N9,46731.A0A3M6V3R0,46731.A0A3M6V3X9,46731.A0A3M6V438,46731.A0A3M6V454,46731.A0A3M6V4T4,46731.A0A3M6V5A6,46731.A0A3M6V5C9,46731.A0A3M6V5G3,46731.A0A3M6V645,46731.A0A3M6V6A1,46731.A0A3M6V6I9,46731.A0A3M6V7G2	pdam_00003811,pdam_00010209,pdam_00010208,pdam_00003797,pdam_00003854,pdam_00005221,pdam_00014996,pdam_00017186,pdam_00001018,pdam_00001026,pdam_00001040,pdam_00000942,pdam_00005068,pdam_00015761,pdam_00016599,pdam_00024507,pdam_00013812,pdam_00016612,pdam_00007911,pdam_00006548,pdam_00006601,pdam_00020032,pdam_00004272,pdam_00020034,pdam_00006569,pdam_00009057,pdam_00009048,pdam_00009029,pdam_00003129,pdam_00012314,pdam_00003058,pdam_00023361,pdam_00003347,pdam_00010919,pdam_00003408,pdam_00003406,pdam_00005533,pdam_00011832,pdam_00016791,pdam_00005891,pdam_00016432,pdam_00019526,pdam_00017597,pdam_00021856,pdam_00023341,pdam_00016195,pdam_00007601,pdam_00007599,pdam_00015580,pdam_00007606,pdam_00015590,pdam_00015587,pdam_00006128,pdam_00015595,pdam_00006100,pdam_00008040,pdam_00003970,pdam_00025061,pdam_00013440,pdam_00025796,pdam_00017273,pdam_00002219,pdam_00002221,pdam_00002287,pdam_00002288,pdam_00017499,pdam_00009477,pdam_00009895,pdam_00007528,pdam_00015964,pdam_00006533,pdam_00006528,pdam_00023755,pdam_00017658,pdam_00003222,pdam_00013238,pdam_00012392,pdam_00022822,pdam_00013516,pdam_00021718,pdam_00022825,pdam_00012275,pdam_00012258,pdam_00015852,pdam_00022581,pdam_00025497,pdam_00001194,pdam_00009850,pdam_00009857,pdam_00004911,pdam_00010899,pdam_00004864,pdam_00010272,pdam_00018964,pdam_00018972,pdam_00014157,pdam_00005120,pdam_00020890,pdam_00005108,pdam_00015273,pdam_00006837,pdam_00001857,pdam_00001760,pdam_00014556,pdam_00014957,pdam_00016091,pdam_00010850,pdam_00010830,pdam_00016946,pdam_00010837,pdam_00019502,pdam_00017852,pdam_00011271,pdam_00019809,pdam_00012962,pdam_00002569,pdam_00019506,pdam_00016004,pdam_00011208,pdam_00006050,pdam_00002695,pdam_00002715,pdam_00019151,pdam_00002738,pdam_00017091,pdam_00017099,pdam_00020314,pdam_00022515,pdam_00014050,pdam_00025156,pdam_00014049,pdam_00022670,pdam_00000856,pdam_00016491,pdam_00000765,pdam_00022668,pdam_00000837,pdam_00000754,pdam_00023241,pdam_00008420,pdam_00004146,pdam_00022700,pdam_00002032,pdam_00017703,pdam_00009364,pdam_00007850,pdam_00007838,pdam_00000493,pdam_00000597,pdam_00000686,pdam_00000710,pdam_00020931,pdam_00018710,pdam_00021583,pdam_00021581,pdam_00025357,pdam_00007694,pdam_00007640,pdam_00020744,pdam_00020745,pdam_00007688,pdam_00011920,pdam_00017001,pdam_00021008,pdam_00016995,pdam_00016978,pdam_00023283,pdam_00021753,pdam_00017810,pdam_00012589,pdam_00012580,pdam_00012584,pdam_00002151,pdam_00018748,pdam_00019079,pdam_00002096,pdam_00002204,pdam_00015143,pdam_00002664,pdam_00002677,pdam_00002692,pdam_00002622,pdam_00010626,pdam_00002608,pdam_00014328,pdam_00008291,pdam_00008346,pdam_00008270,pdam_00003956,pdam_00019840,pdam_00003908,pdam_00005860,pdam_00013571,pdam_00017452,pdam_00008579,pdam_00002960,pdam_00009110,pdam_00017308,MED19,pdam_00018379,pdam_00013939,pdam_00002933,pdam_00018199,pdam_00021279,pdam_00006913,pdam_00018310,pdam_00009670,pdam_00009217,pdam_00009668,pdam_00013199,pdam_00017544,pdam_00016117,pdam_00003141,pdam_00022881,pdam_00004057,pdam_00004051,pdam_00004047,pdam_00020551,pdam_00015799,pdam_00012626,pdam_00004665,pdam_00004649,pdam_00018633,pdam_00020299,pdam_00020303,pdam_00008139,pdam_00008112,pdam_00008093,pdam_00011651,pdam_00003722,pdam_00015162,pdam_00007951,pdam_00007971,pdam_00014402,pdam_00013778,pdam_00004241,pdam_00004239,pdam_00013789,pdam_00014226,pdam_00011338,pdam_00010949,pdam_00012232,pdam_00004201,pdam_00018252,pdam_00015574,pdam_00018888,pdam_00014259,pdam_00017031,pdam_00021998,pdam_00017039,pdam_00017350,pdam_00020616,pdam_00000448,pdam_00000477,pdam_00000352,pdam_00000293,pdam_00000331,pdam_00000391,pdam_00010709,pdam_00000375,pdam_00014885,pdam_00020098,pdam_00014824,pdam_00013157,pdam_00013143,pdam_00014816,pdam_00012120,pdam_00022091,pdam_00016931,pdam_00013167,pdam_00014812,pdam_00018361,pdam_00020251,pdam_00020254,pdam_00004562,pdam_00004608,pdam_00011152,pdam_00018672,pdam_00007287,pdam_00018590,pdam_00007456,pdam_00018943,pdam_00013303,pdam_00013305,pdam_00021239,pdam_00001672,pdam_00001652,pdam_00022749,pdam_00016400,pdam_00019099,pdam_00020373,pdam_00020397,pdam_00021724,pdam_00022636,pdam_00017459,pdam_00022639,pdam_00010382,pdam_00015877,pdam_00022238,pdam_00021158,pdam_00007182,pdam_00021160,pdam_00007204,pdam_00002418,pdam_00004422,pdam_00009946,pdam_00006300,pdam_00006315,pdam_00022708,pdam_00006215,pdam_00011063,pdam_00006159,pdam_00008243,pdam_00008212,pdam_00006318,pdam_00022785,pdam_00012860,pdam_00017953,pdam_00020582,pdam_00016033,pdam_00007013,pdam_00006966,pdam_00005788,pdam_00023195,pdam_00005741,pdam_00004964,pdam_00006770,pdam_00006778,pdam_00005784,pdam_00005795,pdam_00023225,pdam_00000099,pdam_00006718,pdam_00000056,pdam_00021397,pdam_00021395,pdam_00006427,pdam_00019703,pdam_00023779,pdam_00009522,pdam_00010782,pdam_00012873,pdam_00022183,pdam_00014623,pdam_00021831,pdam_00007740,pdam_00005731,pdam_00011908,pdam_00014008,pdam_00014010,pdam_00003608,pdam_00003641,pdam_00019005,pdam_00007345,pdam_00001107,pdam_00003675,pdam_00004524,pdam_00010093,pdam_00009092,pdam_00017999,pdam_00025361,pdam_00017773,pdam_00025758,pdam_00017029,pdam_00001476,pdam_00001444,pdam_00021558,pdam_00006783,pdam_00001387,pdam_00007560,pdam_00010511,pdam_00010537,pdam_00024249,pdam_00007407,pdam_00003540,pdam_00022067
GO Component	GO:0016020	Membrane	170	6170	0.19	0.65	7.55e-08	46731.A0A3M6T4C7,46731.A0A3M6T4G0,46731.A0A3M6T4M8,46731.A0A3M6T5L9,46731.A0A3M6T6B6,46731.A0A3M6T730,46731.A0A3M6T7C5,46731.A0A3M6T7P0,46731.A0A3M6T834,46731.A0A3M6T891,46731.A0A3M6T8T4,46731.A0A3M6T8X4,46731.A0A3M6T910,46731.A0A3M6T987,46731.A0A3M6T9C0,46731.A0A3M6T9D7,46731.A0A3M6T9M9,46731.A0A3M6T9X0,46731.A0A3M6T9X8,46731.A0A3M6TA25,46731.A0A3M6TA46,46731.A0A3M6TBF9,46731.A0A3M6TCA5,46731.A0A3M6TCF9,46731.A0A3M6TDF4,46731.A0A3M6TDL3,46731.A0A3M6TDV7,46731.A0A3M6TE23,46731.A0A3M6TE33,46731.A0A3M6TE48,46731.A0A3M6TE87,46731.A0A3M6TF19,46731.A0A3M6TF31,46731.A0A3M6TFE0,46731.A0A3M6TFG6,46731.A0A3M6TG35,46731.A0A3M6TGI2,46731.A0A3M6TH18,46731.A0A3M6TH61,46731.A0A3M6THZ4,46731.A0A3M6TIL4,46731.A0A3M6TJ25,46731.A0A3M6TJG6,46731.A0A3M6TJU0,46731.A0A3M6TK22,46731.A0A3M6TK37,46731.A0A3M6TM28,46731.A0A3M6TMW1,46731.A0A3M6TMY9,46731.A0A3M6TMZ6,46731.A0A3M6TNM0,46731.A0A3M6TNY1,46731.A0A3M6TPP9,46731.A0A3M6TQG7,46731.A0A3M6TQL1,46731.A0A3M6TRS2,46731.A0A3M6TRY5,46731.A0A3M6TSI1,46731.A0A3M6TT09,46731.A0A3M6TTL2,46731.A0A3M6TTR7,46731.A0A3M6TU52,46731.A0A3M6TU96,46731.A0A3M6TUQ9,46731.A0A3M6TUR2,46731.A0A3M6TUS1,46731.A0A3M6TVN1,46731.A0A3M6TVT2,46731.A0A3M6TWN1,46731.A0A3M6TWP9,46731.A0A3M6TXA7,46731.A0A3M6TXG5,46731.A0A3M6TYU3,46731.A0A3M6TZQ1,46731.A0A3M6TZR6,46731.A0A3M6U092,46731.A0A3M6U0A4,46731.A0A3M6U0W0,46731.A0A3M6U0W1,46731.A0A3M6U102,46731.A0A3M6U149,46731.A0A3M6U1G4,46731.A0A3M6U1I1,46731.A0A3M6U1I8,46731.A0A3M6U1Z5,46731.A0A3M6U2W0,46731.A0A3M6U329,46731.A0A3M6U346,46731.A0A3M6U356,46731.A0A3M6U516,46731.A0A3M6U5L1,46731.A0A3M6U6A7,46731.A0A3M6U703,46731.A0A3M6U7B3,46731.A0A3M6U7Y7,46731.A0A3M6U808,46731.A0A3M6U836,46731.A0A3M6U9S3,46731.A0A3M6UAA8,46731.A0A3M6UAB9,46731.A0A3M6UAK9,46731.A0A3M6UAS1,46731.A0A3M6UBD2,46731.A0A3M6UBZ8,46731.A0A3M6UC40,46731.A0A3M6UEG2,46731.A0A3M6UFG0,46731.A0A3M6UFL8,46731.A0A3M6UGB4,46731.A0A3M6UGH8,46731.A0A3M6UGJ7,46731.A0A3M6UGZ0,46731.A0A3M6UH28,46731.A0A3M6UIF8,46731.A0A3M6UIQ3,46731.A0A3M6UJ11,46731.A0A3M6UJ82,46731.A0A3M6UJ93,46731.A0A3M6UKA1,46731.A0A3M6UKA8,46731.A0A3M6ULS3,46731.A0A3M6ULV0,46731.A0A3M6UMI6,46731.A0A3M6UN24,46731.A0A3M6UNC8,46731.A0A3M6UPR5,46731.A0A3M6UPU5,46731.A0A3M6UQ96,46731.A0A3M6UQW0,46731.A0A3M6UQY7,46731.A0A3M6UR23,46731.A0A3M6UR99,46731.A0A3M6URC8,46731.A0A3M6US78,46731.A0A3M6USG7,46731.A0A3M6USL8,46731.A0A3M6UU25,46731.A0A3M6UU73,46731.A0A3M6UU85,46731.A0A3M6UUF3,46731.A0A3M6UUQ0,46731.A0A3M6UV25,46731.A0A3M6UV84,46731.A0A3M6UVF5,46731.A0A3M6UVV1,46731.A0A3M6UW16,46731.A0A3M6UW26,46731.A0A3M6UWF5,46731.A0A3M6UWM2,46731.A0A3M6UY33,46731.A0A3M6UYF1,46731.A0A3M6UYP5,46731.A0A3M6UYQ9,46731.A0A3M6UYU1,46731.A0A3M6UZB5,46731.A0A3M6V0X0,46731.A0A3M6V113,46731.A0A3M6V1K3,46731.A0A3M6V1U8,46731.A0A3M6V287,46731.A0A3M6V2L7,46731.A0A3M6V384,46731.A0A3M6V3G2,46731.A0A3M6V3R0,46731.A0A3M6V3X9,46731.A0A3M6V454,46731.A0A3M6V4T4,46731.A0A3M6V5A6,46731.A0A3M6V6I9,46731.A0A3M6V7G2	pdam_00003811,pdam_00010209,pdam_00003854,pdam_00017186,pdam_00000942,pdam_00016599,pdam_00024507,pdam_00013812,pdam_00016612,pdam_00007911,pdam_00004272,pdam_00020034,pdam_00006569,pdam_00009057,pdam_00009048,pdam_00009029,pdam_00003129,pdam_00003058,pdam_00023361,pdam_00003347,pdam_00003408,pdam_00005891,pdam_00019526,pdam_00017597,pdam_00007601,pdam_00007606,pdam_00015587,pdam_00015595,pdam_00006100,pdam_00008040,pdam_00003970,pdam_00025796,pdam_00017273,pdam_00002221,pdam_00002287,pdam_00017499,pdam_00009477,pdam_00007528,pdam_00015964,pdam_00023755,pdam_00012392,pdam_00022822,pdam_00012275,pdam_00015852,pdam_00022581,pdam_00025497,pdam_00004911,pdam_00018964,pdam_00018972,pdam_00014157,pdam_00005108,pdam_00006837,pdam_00014957,pdam_00016946,pdam_00010837,pdam_00019809,pdam_00012962,pdam_00016004,pdam_00006050,pdam_00019151,pdam_00002738,pdam_00017091,pdam_00020314,pdam_00014050,pdam_00025156,pdam_00014049,pdam_00023241,pdam_00008420,pdam_00004146,pdam_00022700,pdam_00002032,pdam_00017703,pdam_00021583,pdam_00020744,pdam_00020745,pdam_00017001,pdam_00021008,pdam_00021753,pdam_00017810,pdam_00012589,pdam_00012584,pdam_00018748,pdam_00019079,pdam_00002096,pdam_00015143,pdam_00002664,pdam_00002677,pdam_00010626,pdam_00002608,pdam_00014328,pdam_00008291,pdam_00003908,pdam_00013571,pdam_00017452,pdam_00008579,pdam_00002960,pdam_00009110,pdam_00021279,pdam_00009670,pdam_00009217,pdam_00009668,pdam_00013199,pdam_00022881,pdam_00004051,pdam_00020551,pdam_00003722,pdam_00014402,pdam_00013778,pdam_00004239,pdam_00013789,pdam_00014226,pdam_00010949,pdam_00012232,pdam_00017039,pdam_00020616,pdam_00000477,pdam_00000352,pdam_00000293,pdam_00013157,pdam_00013143,pdam_00004562,pdam_00004608,pdam_00011152,pdam_00007287,pdam_00007456,pdam_00021239,pdam_00001672,pdam_00022749,pdam_00020373,pdam_00021724,pdam_00022636,pdam_00010382,pdam_00015877,pdam_00021158,pdam_00021160,pdam_00002418,pdam_00008243,pdam_00006318,pdam_00022785,pdam_00020582,pdam_00016033,pdam_00006966,pdam_00005788,pdam_00005741,pdam_00006770,pdam_00006778,pdam_00005784,pdam_00023225,pdam_00006718,pdam_00019703,pdam_00009522,pdam_00010782,pdam_00012873,pdam_00022183,pdam_00014623,pdam_00003608,pdam_00003641,pdam_00007345,pdam_00003675,pdam_00004524,pdam_00010093,pdam_00009092,pdam_00025758,pdam_00001476,pdam_00001444,pdam_00006783,pdam_00001387,pdam_00007560,pdam_00003540,pdam_00022067
GO Component	GO:0016021	Integral component of membrane	118	4287	0.19	0.52	0.00011	46731.A0A3M6T4C7,46731.A0A3M6T4G0,46731.A0A3M6T4M8,46731.A0A3M6T6B6,46731.A0A3M6T730,46731.A0A3M6T7C5,46731.A0A3M6T7P0,46731.A0A3M6T834,46731.A0A3M6T891,46731.A0A3M6T8T4,46731.A0A3M6T8X4,46731.A0A3M6T910,46731.A0A3M6T987,46731.A0A3M6T9D7,46731.A0A3M6T9M9,46731.A0A3M6T9X8,46731.A0A3M6TA25,46731.A0A3M6TA46,46731.A0A3M6TBF9,46731.A0A3M6TCA5,46731.A0A3M6TDF4,46731.A0A3M6TDV7,46731.A0A3M6TE23,46731.A0A3M6TE48,46731.A0A3M6TF31,46731.A0A3M6TFE0,46731.A0A3M6TFG6,46731.A0A3M6TG35,46731.A0A3M6TH61,46731.A0A3M6THZ4,46731.A0A3M6TJ25,46731.A0A3M6TJG6,46731.A0A3M6TJU0,46731.A0A3M6TMW1,46731.A0A3M6TMY9,46731.A0A3M6TMZ6,46731.A0A3M6TNY1,46731.A0A3M6TPP9,46731.A0A3M6TQG7,46731.A0A3M6TQL1,46731.A0A3M6TRS2,46731.A0A3M6TRY5,46731.A0A3M6TSI1,46731.A0A3M6TT09,46731.A0A3M6TTL2,46731.A0A3M6TTR7,46731.A0A3M6TU52,46731.A0A3M6TU96,46731.A0A3M6TUQ9,46731.A0A3M6TUR2,46731.A0A3M6TVN1,46731.A0A3M6TWN1,46731.A0A3M6TXG5,46731.A0A3M6TYU3,46731.A0A3M6TZQ1,46731.A0A3M6TZR6,46731.A0A3M6U092,46731.A0A3M6U0A4,46731.A0A3M6U149,46731.A0A3M6U1G4,46731.A0A3M6U1I1,46731.A0A3M6U1I8,46731.A0A3M6U1Z5,46731.A0A3M6U2W0,46731.A0A3M6U329,46731.A0A3M6U516,46731.A0A3M6U5L1,46731.A0A3M6U7Y7,46731.A0A3M6U836,46731.A0A3M6U9S3,46731.A0A3M6UAA8,46731.A0A3M6UAK9,46731.A0A3M6UAS1,46731.A0A3M6UBZ8,46731.A0A3M6UGB4,46731.A0A3M6UGH8,46731.A0A3M6UGZ0,46731.A0A3M6UH28,46731.A0A3M6UIF8,46731.A0A3M6UIQ3,46731.A0A3M6UJ93,46731.A0A3M6UKA1,46731.A0A3M6ULV0,46731.A0A3M6UMI6,46731.A0A3M6UN24,46731.A0A3M6UNC8,46731.A0A3M6UPR5,46731.A0A3M6UPU5,46731.A0A3M6UQW0,46731.A0A3M6UQY7,46731.A0A3M6UR23,46731.A0A3M6URC8,46731.A0A3M6US78,46731.A0A3M6UU73,46731.A0A3M6UU85,46731.A0A3M6UUF3,46731.A0A3M6UV84,46731.A0A3M6UVF5,46731.A0A3M6UVV1,46731.A0A3M6UW16,46731.A0A3M6UW26,46731.A0A3M6UWF5,46731.A0A3M6UWM2,46731.A0A3M6UY33,46731.A0A3M6UYP5,46731.A0A3M6UYQ9,46731.A0A3M6UYU1,46731.A0A3M6V113,46731.A0A3M6V1K3,46731.A0A3M6V1U8,46731.A0A3M6V287,46731.A0A3M6V384,46731.A0A3M6V3G2,46731.A0A3M6V3R0,46731.A0A3M6V454,46731.A0A3M6V4T4,46731.A0A3M6V5A6,46731.A0A3M6V7G2	pdam_00003811,pdam_00010209,pdam_00003854,pdam_00000942,pdam_00016599,pdam_00024507,pdam_00013812,pdam_00016612,pdam_00007911,pdam_00004272,pdam_00020034,pdam_00006569,pdam_00009057,pdam_00009029,pdam_00003129,pdam_00023361,pdam_00003347,pdam_00003408,pdam_00005891,pdam_00019526,pdam_00007601,pdam_00015587,pdam_00015595,pdam_00008040,pdam_00017273,pdam_00002221,pdam_00002287,pdam_00017499,pdam_00015964,pdam_00023755,pdam_00022822,pdam_00012275,pdam_00015852,pdam_00018964,pdam_00018972,pdam_00014157,pdam_00006837,pdam_00014957,pdam_00016946,pdam_00010837,pdam_00019809,pdam_00012962,pdam_00016004,pdam_00006050,pdam_00019151,pdam_00002738,pdam_00017091,pdam_00020314,pdam_00014050,pdam_00025156,pdam_00023241,pdam_00004146,pdam_00017703,pdam_00021583,pdam_00020744,pdam_00020745,pdam_00017001,pdam_00021008,pdam_00012584,pdam_00018748,pdam_00019079,pdam_00002096,pdam_00015143,pdam_00002664,pdam_00002677,pdam_00014328,pdam_00008291,pdam_00008579,pdam_00009110,pdam_00021279,pdam_00009670,pdam_00009668,pdam_00013199,pdam_00004051,pdam_00004239,pdam_00013789,pdam_00010949,pdam_00012232,pdam_00017039,pdam_00020616,pdam_00000293,pdam_00013157,pdam_00004608,pdam_00011152,pdam_00007287,pdam_00007456,pdam_00021239,pdam_00001672,pdam_00020373,pdam_00021724,pdam_00022636,pdam_00015877,pdam_00021158,pdam_00006318,pdam_00022785,pdam_00020582,pdam_00005788,pdam_00005741,pdam_00006770,pdam_00006778,pdam_00005784,pdam_00023225,pdam_00006718,pdam_00019703,pdam_00010782,pdam_00012873,pdam_00022183,pdam_00003641,pdam_00007345,pdam_00003675,pdam_00004524,pdam_00009092,pdam_00025758,pdam_00001476,pdam_00006783,pdam_00001387,pdam_00007560,pdam_00022067
GO Component	GO:0031224	Intrinsic component of membrane	119	4346	0.19	0.51	0.00011	46731.A0A3M6T4C7,46731.A0A3M6T4G0,46731.A0A3M6T4M8,46731.A0A3M6T6B6,46731.A0A3M6T730,46731.A0A3M6T7C5,46731.A0A3M6T7P0,46731.A0A3M6T834,46731.A0A3M6T891,46731.A0A3M6T8T4,46731.A0A3M6T8X4,46731.A0A3M6T910,46731.A0A3M6T987,46731.A0A3M6T9D7,46731.A0A3M6T9M9,46731.A0A3M6T9X8,46731.A0A3M6TA25,46731.A0A3M6TA46,46731.A0A3M6TBF9,46731.A0A3M6TCA5,46731.A0A3M6TDF4,46731.A0A3M6TDV7,46731.A0A3M6TE23,46731.A0A3M6TE48,46731.A0A3M6TF31,46731.A0A3M6TFE0,46731.A0A3M6TFG6,46731.A0A3M6TG35,46731.A0A3M6TH61,46731.A0A3M6THZ4,46731.A0A3M6TJ25,46731.A0A3M6TJG6,46731.A0A3M6TJU0,46731.A0A3M6TMW1,46731.A0A3M6TMY9,46731.A0A3M6TMZ6,46731.A0A3M6TNY1,46731.A0A3M6TPP9,46731.A0A3M6TQG7,46731.A0A3M6TQL1,46731.A0A3M6TRS2,46731.A0A3M6TRY5,46731.A0A3M6TSI1,46731.A0A3M6TT09,46731.A0A3M6TTL2,46731.A0A3M6TTR7,46731.A0A3M6TU52,46731.A0A3M6TU96,46731.A0A3M6TUQ9,46731.A0A3M6TUR2,46731.A0A3M6TVN1,46731.A0A3M6TWN1,46731.A0A3M6TXG5,46731.A0A3M6TYU3,46731.A0A3M6TZQ1,46731.A0A3M6TZR6,46731.A0A3M6U092,46731.A0A3M6U0A4,46731.A0A3M6U149,46731.A0A3M6U1G4,46731.A0A3M6U1I1,46731.A0A3M6U1I8,46731.A0A3M6U1Z5,46731.A0A3M6U2W0,46731.A0A3M6U329,46731.A0A3M6U516,46731.A0A3M6U5L1,46731.A0A3M6U7Y7,46731.A0A3M6U836,46731.A0A3M6U9S3,46731.A0A3M6UAA8,46731.A0A3M6UAK9,46731.A0A3M6UAS1,46731.A0A3M6UBZ8,46731.A0A3M6UGB4,46731.A0A3M6UGH8,46731.A0A3M6UGZ0,46731.A0A3M6UH28,46731.A0A3M6UIF8,46731.A0A3M6UIQ3,46731.A0A3M6UJ93,46731.A0A3M6UKA1,46731.A0A3M6ULV0,46731.A0A3M6UMI6,46731.A0A3M6UN24,46731.A0A3M6UNC8,46731.A0A3M6UPR5,46731.A0A3M6UPU5,46731.A0A3M6UQW0,46731.A0A3M6UQY7,46731.A0A3M6UR23,46731.A0A3M6URC8,46731.A0A3M6US78,46731.A0A3M6UU73,46731.A0A3M6UU85,46731.A0A3M6UUF3,46731.A0A3M6UV84,46731.A0A3M6UVF5,46731.A0A3M6UVV1,46731.A0A3M6UW16,46731.A0A3M6UW26,46731.A0A3M6UWF5,46731.A0A3M6UWM2,46731.A0A3M6UY33,46731.A0A3M6UYP5,46731.A0A3M6UYQ9,46731.A0A3M6UYU1,46731.A0A3M6UZB5,46731.A0A3M6V113,46731.A0A3M6V1K3,46731.A0A3M6V1U8,46731.A0A3M6V287,46731.A0A3M6V384,46731.A0A3M6V3G2,46731.A0A3M6V3R0,46731.A0A3M6V454,46731.A0A3M6V4T4,46731.A0A3M6V5A6,46731.A0A3M6V7G2	pdam_00003811,pdam_00010209,pdam_00003854,pdam_00000942,pdam_00016599,pdam_00024507,pdam_00013812,pdam_00016612,pdam_00007911,pdam_00004272,pdam_00020034,pdam_00006569,pdam_00009057,pdam_00009029,pdam_00003129,pdam_00023361,pdam_00003347,pdam_00003408,pdam_00005891,pdam_00019526,pdam_00007601,pdam_00015587,pdam_00015595,pdam_00008040,pdam_00017273,pdam_00002221,pdam_00002287,pdam_00017499,pdam_00015964,pdam_00023755,pdam_00022822,pdam_00012275,pdam_00015852,pdam_00018964,pdam_00018972,pdam_00014157,pdam_00006837,pdam_00014957,pdam_00016946,pdam_00010837,pdam_00019809,pdam_00012962,pdam_00016004,pdam_00006050,pdam_00019151,pdam_00002738,pdam_00017091,pdam_00020314,pdam_00014050,pdam_00025156,pdam_00023241,pdam_00004146,pdam_00017703,pdam_00021583,pdam_00020744,pdam_00020745,pdam_00017001,pdam_00021008,pdam_00012584,pdam_00018748,pdam_00019079,pdam_00002096,pdam_00015143,pdam_00002664,pdam_00002677,pdam_00014328,pdam_00008291,pdam_00008579,pdam_00009110,pdam_00021279,pdam_00009670,pdam_00009668,pdam_00013199,pdam_00004051,pdam_00004239,pdam_00013789,pdam_00010949,pdam_00012232,pdam_00017039,pdam_00020616,pdam_00000293,pdam_00013157,pdam_00004608,pdam_00011152,pdam_00007287,pdam_00007456,pdam_00021239,pdam_00001672,pdam_00020373,pdam_00021724,pdam_00022636,pdam_00015877,pdam_00021158,pdam_00006318,pdam_00022785,pdam_00020582,pdam_00005788,pdam_00005741,pdam_00006770,pdam_00006778,pdam_00005784,pdam_00023225,pdam_00006718,pdam_00019703,pdam_00010782,pdam_00012873,pdam_00022183,pdam_00014623,pdam_00003641,pdam_00007345,pdam_00003675,pdam_00004524,pdam_00009092,pdam_00025758,pdam_00001476,pdam_00006783,pdam_00001387,pdam_00007560,pdam_00022067
GO Component	GO:0071944	Cell periphery	105	3663	0.21	0.53	0.00011	46731.A0A3M6T4M8,46731.A0A3M6T5L9,46731.A0A3M6T730,46731.A0A3M6T7P0,46731.A0A3M6T834,46731.A0A3M6T891,46731.A0A3M6T8X4,46731.A0A3M6T910,46731.A0A3M6T987,46731.A0A3M6T9D7,46731.A0A3M6T9M9,46731.A0A3M6T9Q2,46731.A0A3M6T9X8,46731.A0A3M6TBF9,46731.A0A3M6TCA5,46731.A0A3M6TCF9,46731.A0A3M6TE23,46731.A0A3M6TE48,46731.A0A3M6TE87,46731.A0A3M6TF19,46731.A0A3M6TF31,46731.A0A3M6TFE0,46731.A0A3M6TFG6,46731.A0A3M6TG35,46731.A0A3M6TGV6,46731.A0A3M6THZ4,46731.A0A3M6TJG6,46731.A0A3M6TK37,46731.A0A3M6TMW1,46731.A0A3M6TMY9,46731.A0A3M6TMZ6,46731.A0A3M6TNY1,46731.A0A3M6TPP9,46731.A0A3M6TQG7,46731.A0A3M6TQL1,46731.A0A3M6TRS2,46731.A0A3M6TSI1,46731.A0A3M6TT09,46731.A0A3M6TT55,46731.A0A3M6TTL2,46731.A0A3M6TTR7,46731.A0A3M6TUQ9,46731.A0A3M6TUR2,46731.A0A3M6TVN1,46731.A0A3M6TWP9,46731.A0A3M6TXG5,46731.A0A3M6TZQ1,46731.A0A3M6TZR6,46731.A0A3M6U092,46731.A0A3M6U0W0,46731.A0A3M6U149,46731.A0A3M6U1G4,46731.A0A3M6U1I8,46731.A0A3M6U1Z5,46731.A0A3M6U2W0,46731.A0A3M6U516,46731.A0A3M6U6A7,46731.A0A3M6U7Y7,46731.A0A3M6U9S3,46731.A0A3M6UA99,46731.A0A3M6UBZ8,46731.A0A3M6UC40,46731.A0A3M6UCM6,46731.A0A3M6UEG2,46731.A0A3M6UFG0,46731.A0A3M6UFL8,46731.A0A3M6UGJ7,46731.A0A3M6UGZ0,46731.A0A3M6UIF8,46731.A0A3M6UJ11,46731.A0A3M6UJ82,46731.A0A3M6UJR3,46731.A0A3M6UMI6,46731.A0A3M6UMQ2,46731.A0A3M6UN24,46731.A0A3M6UNC8,46731.A0A3M6UPU5,46731.A0A3M6UQ96,46731.A0A3M6UQW0,46731.A0A3M6UR23,46731.A0A3M6URC8,46731.A0A3M6US78,46731.A0A3M6UU73,46731.A0A3M6UU85,46731.A0A3M6UV84,46731.A0A3M6UVF5,46731.A0A3M6UVV1,46731.A0A3M6UW16,46731.A0A3M6UWF5,46731.A0A3M6UWM2,46731.A0A3M6UY33,46731.A0A3M6UYF1,46731.A0A3M6UYP5,46731.A0A3M6V061,46731.A0A3M6V0X0,46731.A0A3M6V1K3,46731.A0A3M6V287,46731.A0A3M6V2L7,46731.A0A3M6V3E6,46731.A0A3M6V3G2,46731.A0A3M6V3R0,46731.A0A3M6V454,46731.A0A3M6V4T4,46731.A0A3M6V5A6,46731.A0A3M6V7G2	pdam_00003854,pdam_00017186,pdam_00016599,pdam_00013812,pdam_00016612,pdam_00007911,pdam_00020034,pdam_00006569,pdam_00009057,pdam_00009029,pdam_00003129,pdam_00012314,pdam_00023361,pdam_00005891,pdam_00019526,pdam_00017597,pdam_00015595,pdam_00008040,pdam_00003970,pdam_00025796,pdam_00017273,pdam_00002221,pdam_00002287,pdam_00017499,pdam_00009895,pdam_00023755,pdam_00012275,pdam_00025497,pdam_00018964,pdam_00018972,pdam_00014157,pdam_00006837,pdam_00014957,pdam_00016946,pdam_00010837,pdam_00019809,pdam_00016004,pdam_00006050,pdam_00002715,pdam_00019151,pdam_00002738,pdam_00014050,pdam_00025156,pdam_00023241,pdam_00022700,pdam_00017703,pdam_00020744,pdam_00020745,pdam_00017001,pdam_00021753,pdam_00012584,pdam_00018748,pdam_00002096,pdam_00015143,pdam_00002664,pdam_00014328,pdam_00003908,pdam_00008579,pdam_00021279,pdam_00018310,pdam_00004051,pdam_00020551,pdam_00012626,pdam_00003722,pdam_00014402,pdam_00013778,pdam_00014226,pdam_00010949,pdam_00017039,pdam_00000477,pdam_00000352,pdam_00010709,pdam_00011152,pdam_00018672,pdam_00007287,pdam_00007456,pdam_00001672,pdam_00022749,pdam_00020373,pdam_00022636,pdam_00015877,pdam_00021158,pdam_00006318,pdam_00022785,pdam_00005788,pdam_00005741,pdam_00006770,pdam_00006778,pdam_00023225,pdam_00006718,pdam_00019703,pdam_00009522,pdam_00010782,pdam_00011908,pdam_00003608,pdam_00007345,pdam_00004524,pdam_00010093,pdam_00017773,pdam_00025758,pdam_00001476,pdam_00006783,pdam_00001387,pdam_00007560,pdam_00022067
GO Component	GO:0005886	Plasma membrane	91	3369	0.18	0.39	0.0042	46731.A0A3M6T4M8,46731.A0A3M6T5L9,46731.A0A3M6T730,46731.A0A3M6T7P0,46731.A0A3M6T834,46731.A0A3M6T891,46731.A0A3M6T8X4,46731.A0A3M6T910,46731.A0A3M6T9D7,46731.A0A3M6T9M9,46731.A0A3M6TBF9,46731.A0A3M6TCA5,46731.A0A3M6TCF9,46731.A0A3M6TE23,46731.A0A3M6TE48,46731.A0A3M6TE87,46731.A0A3M6TF19,46731.A0A3M6TF31,46731.A0A3M6TFE0,46731.A0A3M6TG35,46731.A0A3M6THZ4,46731.A0A3M6TJG6,46731.A0A3M6TK37,46731.A0A3M6TMW1,46731.A0A3M6TMY9,46731.A0A3M6TMZ6,46731.A0A3M6TNY1,46731.A0A3M6TPP9,46731.A0A3M6TQG7,46731.A0A3M6TQL1,46731.A0A3M6TRS2,46731.A0A3M6TSI1,46731.A0A3M6TT09,46731.A0A3M6TTL2,46731.A0A3M6TTR7,46731.A0A3M6TUQ9,46731.A0A3M6TUR2,46731.A0A3M6TVN1,46731.A0A3M6TWP9,46731.A0A3M6TXG5,46731.A0A3M6TZQ1,46731.A0A3M6TZR6,46731.A0A3M6U092,46731.A0A3M6U0W0,46731.A0A3M6U149,46731.A0A3M6U1G4,46731.A0A3M6U1I8,46731.A0A3M6U1Z5,46731.A0A3M6U2W0,46731.A0A3M6U516,46731.A0A3M6U6A7,46731.A0A3M6U9S3,46731.A0A3M6UBZ8,46731.A0A3M6UC40,46731.A0A3M6UEG2,46731.A0A3M6UFG0,46731.A0A3M6UFL8,46731.A0A3M6UGJ7,46731.A0A3M6UGZ0,46731.A0A3M6UIF8,46731.A0A3M6UJ11,46731.A0A3M6UJ82,46731.A0A3M6UMI6,46731.A0A3M6UN24,46731.A0A3M6UNC8,46731.A0A3M6UPU5,46731.A0A3M6UQ96,46731.A0A3M6UQW0,46731.A0A3M6UR23,46731.A0A3M6URC8,46731.A0A3M6US78,46731.A0A3M6UU73,46731.A0A3M6UU85,46731.A0A3M6UV84,46731.A0A3M6UVF5,46731.A0A3M6UVV1,46731.A0A3M6UW16,46731.A0A3M6UWF5,46731.A0A3M6UY33,46731.A0A3M6UYF1,46731.A0A3M6UYP5,46731.A0A3M6V0X0,46731.A0A3M6V1K3,46731.A0A3M6V287,46731.A0A3M6V2L7,46731.A0A3M6V3G2,46731.A0A3M6V3R0,46731.A0A3M6V454,46731.A0A3M6V4T4,46731.A0A3M6V5A6,46731.A0A3M6V7G2	pdam_00003854,pdam_00017186,pdam_00016599,pdam_00013812,pdam_00016612,pdam_00007911,pdam_00020034,pdam_00006569,pdam_00009029,pdam_00003129,pdam_00005891,pdam_00019526,pdam_00017597,pdam_00015595,pdam_00008040,pdam_00003970,pdam_00025796,pdam_00017273,pdam_00002221,pdam_00017499,pdam_00023755,pdam_00012275,pdam_00025497,pdam_00018964,pdam_00018972,pdam_00014157,pdam_00006837,pdam_00014957,pdam_00016946,pdam_00010837,pdam_00019809,pdam_00016004,pdam_00006050,pdam_00019151,pdam_00002738,pdam_00014050,pdam_00025156,pdam_00023241,pdam_00022700,pdam_00017703,pdam_00020744,pdam_00020745,pdam_00017001,pdam_00021753,pdam_00012584,pdam_00018748,pdam_00002096,pdam_00015143,pdam_00002664,pdam_00014328,pdam_00003908,pdam_00021279,pdam_00004051,pdam_00020551,pdam_00003722,pdam_00014402,pdam_00013778,pdam_00014226,pdam_00010949,pdam_00017039,pdam_00000477,pdam_00000352,pdam_00011152,pdam_00007287,pdam_00007456,pdam_00001672,pdam_00022749,pdam_00020373,pdam_00022636,pdam_00015877,pdam_00021158,pdam_00006318,pdam_00022785,pdam_00005788,pdam_00005741,pdam_00006770,pdam_00006778,pdam_00023225,pdam_00019703,pdam_00009522,pdam_00010782,pdam_00003608,pdam_00007345,pdam_00004524,pdam_00010093,pdam_00025758,pdam_00001476,pdam_00006783,pdam_00001387,pdam_00007560,pdam_00022067
GO Component	GO:0005887	Integral component of plasma membrane	30	789	0.33	0.37	0.0141	46731.A0A3M6T4M8,46731.A0A3M6T9D7,46731.A0A3M6T9M9,46731.A0A3M6TF31,46731.A0A3M6THZ4,46731.A0A3M6TMW1,46731.A0A3M6TMY9,46731.A0A3M6TMZ6,46731.A0A3M6TPP9,46731.A0A3M6TTL2,46731.A0A3M6TTR7,46731.A0A3M6TUQ9,46731.A0A3M6TVN1,46731.A0A3M6TXG5,46731.A0A3M6U2W0,46731.A0A3M6U9S3,46731.A0A3M6UMI6,46731.A0A3M6UN24,46731.A0A3M6UNC8,46731.A0A3M6UPU5,46731.A0A3M6UQW0,46731.A0A3M6UR23,46731.A0A3M6UU73,46731.A0A3M6UVF5,46731.A0A3M6UWF5,46731.A0A3M6V1K3,46731.A0A3M6V287,46731.A0A3M6V454,46731.A0A3M6V4T4,46731.A0A3M6V5A6	pdam_00003854,pdam_00009029,pdam_00003129,pdam_00017273,pdam_00023755,pdam_00018964,pdam_00018972,pdam_00014157,pdam_00014957,pdam_00019151,pdam_00002738,pdam_00014050,pdam_00023241,pdam_00017703,pdam_00002664,pdam_00021279,pdam_00011152,pdam_00007287,pdam_00007456,pdam_00001672,pdam_00020373,pdam_00022636,pdam_00006318,pdam_00005741,pdam_00023225,pdam_00007345,pdam_00004524,pdam_00006783,pdam_00001387,pdam_00007560
GO Component	GO:0005622	Intracellular anatomical structure	217	10142	0.08	0.29	0.0202	46731.A0A3M6T4C7,46731.A0A3M6T4L8,46731.A0A3M6T4M8,46731.A0A3M6T5H1,46731.A0A3M6T5L9,46731.A0A3M6T619,46731.A0A3M6T638,46731.A0A3M6T6H0,46731.A0A3M6T6T3,46731.A0A3M6T730,46731.A0A3M6T8K7,46731.A0A3M6T8S8,46731.A0A3M6T9C0,46731.A0A3M6T9X0,46731.A0A3M6TA25,46731.A0A3M6TA92,46731.A0A3M6TAQ3,46731.A0A3M6TCW9,46731.A0A3M6TD30,46731.A0A3M6TDF4,46731.A0A3M6TDL1,46731.A0A3M6TDL3,46731.A0A3M6TDV8,46731.A0A3M6TE87,46731.A0A3M6TEQ8,46731.A0A3M6TEX1,46731.A0A3M6TF19,46731.A0A3M6TFG6,46731.A0A3M6TFI2,46731.A0A3M6TGI2,46731.A0A3M6TH18,46731.A0A3M6TH61,46731.A0A3M6THL8,46731.A0A3M6THW2,46731.A0A3M6TI43,46731.A0A3M6TI71,46731.A0A3M6TIK9,46731.A0A3M6TIL4,46731.A0A3M6TJ54,46731.A0A3M6TJN0,46731.A0A3M6TKZ0,46731.A0A3M6TLH7,46731.A0A3M6TLN8,46731.A0A3M6TM28,46731.A0A3M6TM52,46731.A0A3M6TM72,46731.A0A3M6TN90,46731.A0A3M6TNC6,46731.A0A3M6TNM0,46731.A0A3M6TNR4,46731.A0A3M6TNY1,46731.A0A3M6TNZ8,46731.A0A3M6TP00,46731.A0A3M6TP80,46731.A0A3M6TQ71,46731.A0A3M6TQF5,46731.A0A3M6TQZ0,46731.A0A3M6TR03,46731.A0A3M6TR94,46731.A0A3M6TS82,46731.A0A3M6TSE1,46731.A0A3M6TSV5,46731.A0A3M6TT27,46731.A0A3M6TU52,46731.A0A3M6TU60,46731.A0A3M6TU96,46731.A0A3M6TUC1,46731.A0A3M6TV23,46731.A0A3M6TV36,46731.A0A3M6TV57,46731.A0A3M6TV82,46731.A0A3M6TV83,46731.A0A3M6TVE3,46731.A0A3M6TVT2,46731.A0A3M6TWP9,46731.A0A3M6TXA7,46731.A0A3M6TXH0,46731.A0A3M6TXX5,46731.A0A3M6TY25,46731.A0A3M6TY50,46731.A0A3M6TY92,46731.A0A3M6TYH6,46731.A0A3M6TYN0,46731.A0A3M6TYU3,46731.A0A3M6TZ82,46731.A0A3M6TZB9,46731.A0A3M6TZI9,46731.A0A3M6TZL4,46731.A0A3M6TZT1,46731.A0A3M6U043,46731.A0A3M6U0B7,46731.A0A3M6U0Q9,46731.A0A3M6U0S2,46731.A0A3M6U0W0,46731.A0A3M6U0W1,46731.A0A3M6U102,46731.A0A3M6U122,46731.A0A3M6U1E1,46731.A0A3M6U1I1,46731.A0A3M6U1J1,46731.A0A3M6U329,46731.A0A3M6U335,46731.A0A3M6U356,46731.A0A3M6U5N3,46731.A0A3M6U5U0,46731.A0A3M6U6A7,46731.A0A3M6U6H1,46731.A0A3M6U703,46731.A0A3M6U808,46731.A0A3M6U836,46731.A0A3M6U8K4,46731.A0A3M6U8R2,46731.A0A3M6U8V1,46731.A0A3M6U982,46731.A0A3M6U9B7,46731.A0A3M6UA99,46731.A0A3M6UAA8,46731.A0A3M6UB77,46731.A0A3M6UB97,46731.A0A3M6UBA1,46731.A0A3M6UBD2,46731.A0A3M6UBW7,46731.A0A3M6UC29,46731.A0A3M6UC40,46731.A0A3M6UC54,46731.A0A3M6UCM6,46731.A0A3M6UCQ0,46731.A0A3M6UCW1,46731.A0A3M6UD51,46731.A0A3M6UDG2,46731.A0A3M6UDQ0,46731.A0A3M6UDR9,46731.A0A3M6UEC9,46731.A0A3M6UEG2,46731.A0A3M6UEP0,46731.A0A3M6UEY4,46731.A0A3M6UFG0,46731.A0A3M6UG80,46731.A0A3M6UGB4,46731.A0A3M6UGJ7,46731.A0A3M6UGS3,46731.A0A3M6UH28,46731.A0A3M6UH87,46731.A0A3M6UH88,46731.A0A3M6UHH6,46731.A0A3M6UHP2,46731.A0A3M6UIC9,46731.A0A3M6UIQ3,46731.A0A3M6UJ11,46731.A0A3M6UJ82,46731.A0A3M6UJ93,46731.A0A3M6UJL5,46731.A0A3M6UJU4,46731.A0A3M6UK63,46731.A0A3M6UK87,46731.A0A3M6UKA1,46731.A0A3M6UKE6,46731.A0A3M6UKN4,46731.A0A3M6UKR2,46731.A0A3M6UL52,46731.A0A3M6UL77,46731.A0A3M6UL97,46731.A0A3M6ULC3,46731.A0A3M6ULS3,46731.A0A3M6ULV0,46731.A0A3M6UN42,46731.A0A3M6UP93,46731.A0A3M6UPN2,46731.A0A3M6UPR5,46731.A0A3M6UQP4,46731.A0A3M6UQS3,46731.A0A3M6UQX0,46731.A0A3M6UQY7,46731.A0A3M6UR40,46731.A0A3M6UR99,46731.A0A3M6URK8,46731.A0A3M6USC3,46731.A0A3M6USG7,46731.A0A3M6USL8,46731.A0A3M6UT45,46731.A0A3M6UTB4,46731.A0A3M6UTG9,46731.A0A3M6UTJ8,46731.A0A3M6UU10,46731.A0A3M6UU25,46731.A0A3M6UU32,46731.A0A3M6UUF1,46731.A0A3M6UUF3,46731.A0A3M6UUQ0,46731.A0A3M6UV25,46731.A0A3M6UV84,46731.A0A3M6UVB1,46731.A0A3M6UVI0,46731.A0A3M6UWL6,46731.A0A3M6UWZ9,46731.A0A3M6UXK6,46731.A0A3M6UXT1,46731.A0A3M6UY33,46731.A0A3M6UY48,46731.A0A3M6UZF3,46731.A0A3M6UZZ8,46731.A0A3M6V089,46731.A0A3M6V0H2,46731.A0A3M6V0X0,46731.A0A3M6V113,46731.A0A3M6V1F9,46731.A0A3M6V1U6,46731.A0A3M6V1U8,46731.A0A3M6V384,46731.A0A3M6V391,46731.A0A3M6V3A4,46731.A0A3M6V3N9,46731.A0A3M6V5C9,46731.A0A3M6V5G3,46731.A0A3M6V645,46731.A0A3M6V6A1,46731.A0A3M6V6I9	pdam_00003811,pdam_00003797,pdam_00003854,pdam_00014996,pdam_00017186,pdam_00001018,pdam_00001026,pdam_00005068,pdam_00015761,pdam_00016599,pdam_00006601,pdam_00020032,pdam_00009048,pdam_00003058,pdam_00003347,pdam_00003406,pdam_00011832,pdam_00023341,pdam_00016195,pdam_00007601,pdam_00015580,pdam_00007606,pdam_00006128,pdam_00003970,pdam_00025061,pdam_00013440,pdam_00025796,pdam_00002287,pdam_00002288,pdam_00009477,pdam_00007528,pdam_00015964,pdam_00006533,pdam_00006528,pdam_00017658,pdam_00003222,pdam_00013238,pdam_00012392,pdam_00021718,pdam_00012258,pdam_00001194,pdam_00009850,pdam_00009857,pdam_00004911,pdam_00010899,pdam_00004864,pdam_00005120,pdam_00020890,pdam_00005108,pdam_00015273,pdam_00006837,pdam_00001857,pdam_00001760,pdam_00014556,pdam_00010850,pdam_00010830,pdam_00019502,pdam_00017852,pdam_00011271,pdam_00002569,pdam_00019506,pdam_00011208,pdam_00002695,pdam_00017091,pdam_00017099,pdam_00020314,pdam_00022515,pdam_00022670,pdam_00000856,pdam_00000765,pdam_00022668,pdam_00000837,pdam_00000754,pdam_00008420,pdam_00022700,pdam_00002032,pdam_00009364,pdam_00007838,pdam_00000493,pdam_00000597,pdam_00000686,pdam_00000710,pdam_00020931,pdam_00021583,pdam_00021581,pdam_00025357,pdam_00007694,pdam_00007640,pdam_00007688,pdam_00011920,pdam_00016995,pdam_00016978,pdam_00023283,pdam_00021753,pdam_00017810,pdam_00012589,pdam_00012580,pdam_00002151,pdam_00019079,pdam_00002204,pdam_00002677,pdam_00002692,pdam_00002608,pdam_00008346,pdam_00008270,pdam_00003908,pdam_00005860,pdam_00013571,pdam_00002960,pdam_00009110,MED19,pdam_00018379,pdam_00013939,pdam_00002933,pdam_00018199,pdam_00018310,pdam_00009670,pdam_00017544,pdam_00016117,pdam_00003141,pdam_00022881,pdam_00004057,pdam_00004047,pdam_00020551,pdam_00015799,pdam_00012626,pdam_00004665,pdam_00004649,pdam_00018633,pdam_00008139,pdam_00008112,pdam_00008093,pdam_00011651,pdam_00003722,pdam_00015162,pdam_00007951,pdam_00014402,pdam_00004241,pdam_00004239,pdam_00014226,pdam_00011338,pdam_00012232,pdam_00004201,pdam_00018252,pdam_00015574,pdam_00018888,pdam_00017031,pdam_00020616,pdam_00000477,pdam_00000352,pdam_00000293,pdam_00000391,pdam_00000375,pdam_00020098,pdam_00014824,pdam_00013157,pdam_00014816,pdam_00022091,pdam_00016931,pdam_00014812,pdam_00018361,pdam_00020251,pdam_00020254,pdam_00004562,pdam_00004608,pdam_00018590,pdam_00013303,pdam_00013305,pdam_00021239,pdam_00016400,pdam_00019099,pdam_00020397,pdam_00021724,pdam_00017459,pdam_00010382,pdam_00022238,pdam_00007182,pdam_00021160,pdam_00002418,pdam_00009946,pdam_00006300,pdam_00006315,pdam_00022708,pdam_00006159,pdam_00008243,pdam_00008212,pdam_00017953,pdam_00020582,pdam_00016033,pdam_00006966,pdam_00005788,pdam_00023195,pdam_00004964,pdam_00000099,pdam_00000056,pdam_00021397,pdam_00021395,pdam_00019703,pdam_00023779,pdam_00021831,pdam_00005731,pdam_00014008,pdam_00014010,pdam_00003608,pdam_00003641,pdam_00019005,pdam_00001107,pdam_00003675,pdam_00009092,pdam_00017999,pdam_00025361,pdam_00017029,pdam_00010511,pdam_00010537,pdam_00024249,pdam_00007407,pdam_00003540
GO Component	GO:0005737	Cytoplasm	162	7265	0.1	0.27	0.0346	46731.A0A3M6T4C7,46731.A0A3M6T4L8,46731.A0A3M6T4M8,46731.A0A3M6T5L9,46731.A0A3M6T638,46731.A0A3M6T730,46731.A0A3M6T8K7,46731.A0A3M6T8S8,46731.A0A3M6T9C0,46731.A0A3M6T9X0,46731.A0A3M6TA25,46731.A0A3M6TCW9,46731.A0A3M6TDF4,46731.A0A3M6TDL1,46731.A0A3M6TDL3,46731.A0A3M6TE87,46731.A0A3M6TEQ8,46731.A0A3M6TEX1,46731.A0A3M6TF19,46731.A0A3M6TFG6,46731.A0A3M6TFI2,46731.A0A3M6TGI2,46731.A0A3M6TH18,46731.A0A3M6TH61,46731.A0A3M6THW2,46731.A0A3M6TI43,46731.A0A3M6TI71,46731.A0A3M6TIK9,46731.A0A3M6TIL4,46731.A0A3M6TJ54,46731.A0A3M6TJN0,46731.A0A3M6TKZ0,46731.A0A3M6TLH7,46731.A0A3M6TLN8,46731.A0A3M6TM28,46731.A0A3M6TNC6,46731.A0A3M6TNM0,46731.A0A3M6TNR4,46731.A0A3M6TNY1,46731.A0A3M6TNZ8,46731.A0A3M6TP80,46731.A0A3M6TR03,46731.A0A3M6TR94,46731.A0A3M6TSE1,46731.A0A3M6TSV5,46731.A0A3M6TU52,46731.A0A3M6TU60,46731.A0A3M6TUC1,46731.A0A3M6TV23,46731.A0A3M6TV36,46731.A0A3M6TV57,46731.A0A3M6TV83,46731.A0A3M6TVT2,46731.A0A3M6TWP9,46731.A0A3M6TXX5,46731.A0A3M6TY50,46731.A0A3M6TY92,46731.A0A3M6TYH6,46731.A0A3M6TYN0,46731.A0A3M6TYU3,46731.A0A3M6TZ82,46731.A0A3M6TZB9,46731.A0A3M6TZI9,46731.A0A3M6U043,46731.A0A3M6U0B7,46731.A0A3M6U0S2,46731.A0A3M6U0W0,46731.A0A3M6U0W1,46731.A0A3M6U102,46731.A0A3M6U1E1,46731.A0A3M6U1I1,46731.A0A3M6U1J1,46731.A0A3M6U329,46731.A0A3M6U356,46731.A0A3M6U5U0,46731.A0A3M6U6H1,46731.A0A3M6U703,46731.A0A3M6U808,46731.A0A3M6U836,46731.A0A3M6U8V1,46731.A0A3M6U982,46731.A0A3M6U9B7,46731.A0A3M6UA99,46731.A0A3M6UAA8,46731.A0A3M6UB77,46731.A0A3M6UB97,46731.A0A3M6UBA1,46731.A0A3M6UBD2,46731.A0A3M6UBW7,46731.A0A3M6UC29,46731.A0A3M6UC40,46731.A0A3M6UC54,46731.A0A3M6UCM6,46731.A0A3M6UCQ0,46731.A0A3M6UCW1,46731.A0A3M6UD51,46731.A0A3M6UDG2,46731.A0A3M6UDQ0,46731.A0A3M6UDR9,46731.A0A3M6UEC9,46731.A0A3M6UEG2,46731.A0A3M6UEP0,46731.A0A3M6UEY4,46731.A0A3M6UFG0,46731.A0A3M6UGB4,46731.A0A3M6UGJ7,46731.A0A3M6UGS3,46731.A0A3M6UH28,46731.A0A3M6UHH6,46731.A0A3M6UIC9,46731.A0A3M6UIQ3,46731.A0A3M6UJ11,46731.A0A3M6UJ82,46731.A0A3M6UJ93,46731.A0A3M6UK87,46731.A0A3M6UKA1,46731.A0A3M6UKE6,46731.A0A3M6UKN4,46731.A0A3M6UKR2,46731.A0A3M6UL52,46731.A0A3M6ULS3,46731.A0A3M6ULV0,46731.A0A3M6UN42,46731.A0A3M6UP93,46731.A0A3M6UPN2,46731.A0A3M6UPR5,46731.A0A3M6UQP4,46731.A0A3M6UQS3,46731.A0A3M6UQX0,46731.A0A3M6UQY7,46731.A0A3M6UR40,46731.A0A3M6UR99,46731.A0A3M6USC3,46731.A0A3M6USG7,46731.A0A3M6USL8,46731.A0A3M6UTB4,46731.A0A3M6UTG9,46731.A0A3M6UU32,46731.A0A3M6UUF1,46731.A0A3M6UUF3,46731.A0A3M6UUQ0,46731.A0A3M6UV25,46731.A0A3M6UV84,46731.A0A3M6UVB1,46731.A0A3M6UXK6,46731.A0A3M6UXT1,46731.A0A3M6UY33,46731.A0A3M6UY48,46731.A0A3M6UZF3,46731.A0A3M6UZZ8,46731.A0A3M6V089,46731.A0A3M6V0H2,46731.A0A3M6V0X0,46731.A0A3M6V113,46731.A0A3M6V1F9,46731.A0A3M6V1U8,46731.A0A3M6V384,46731.A0A3M6V3A4,46731.A0A3M6V5C9,46731.A0A3M6V5G3,46731.A0A3M6V645,46731.A0A3M6V6I9	pdam_00003811,pdam_00003797,pdam_00003854,pdam_00017186,pdam_00001026,pdam_00016599,pdam_00006601,pdam_00020032,pdam_00009048,pdam_00003058,pdam_00003347,pdam_00023341,pdam_00007601,pdam_00015580,pdam_00007606,pdam_00003970,pdam_00025061,pdam_00013440,pdam_00025796,pdam_00002287,pdam_00002288,pdam_00009477,pdam_00007528,pdam_00015964,pdam_00006528,pdam_00017658,pdam_00003222,pdam_00013238,pdam_00012392,pdam_00021718,pdam_00012258,pdam_00001194,pdam_00009850,pdam_00009857,pdam_00004911,pdam_00020890,pdam_00005108,pdam_00015273,pdam_00006837,pdam_00001857,pdam_00014556,pdam_00017852,pdam_00011271,pdam_00019506,pdam_00011208,pdam_00017091,pdam_00017099,pdam_00022515,pdam_00022670,pdam_00000856,pdam_00000765,pdam_00000837,pdam_00008420,pdam_00022700,pdam_00007838,pdam_00000597,pdam_00000686,pdam_00000710,pdam_00020931,pdam_00021583,pdam_00021581,pdam_00025357,pdam_00007694,pdam_00011920,pdam_00016995,pdam_00023283,pdam_00021753,pdam_00017810,pdam_00012589,pdam_00002151,pdam_00019079,pdam_00002204,pdam_00002677,pdam_00002608,pdam_00008270,pdam_00005860,pdam_00013571,pdam_00002960,pdam_00009110,pdam_00013939,pdam_00002933,pdam_00018199,pdam_00018310,pdam_00009670,pdam_00017544,pdam_00016117,pdam_00003141,pdam_00022881,pdam_00004057,pdam_00004047,pdam_00020551,pdam_00015799,pdam_00012626,pdam_00004665,pdam_00004649,pdam_00018633,pdam_00008139,pdam_00008112,pdam_00008093,pdam_00011651,pdam_00003722,pdam_00015162,pdam_00007951,pdam_00014402,pdam_00004239,pdam_00014226,pdam_00011338,pdam_00012232,pdam_00015574,pdam_00017031,pdam_00020616,pdam_00000477,pdam_00000352,pdam_00000293,pdam_00014824,pdam_00013157,pdam_00014816,pdam_00022091,pdam_00016931,pdam_00014812,pdam_00004562,pdam_00004608,pdam_00018590,pdam_00013303,pdam_00013305,pdam_00021239,pdam_00016400,pdam_00019099,pdam_00020397,pdam_00021724,pdam_00017459,pdam_00010382,pdam_00007182,pdam_00021160,pdam_00002418,pdam_00006300,pdam_00006315,pdam_00008212,pdam_00017953,pdam_00020582,pdam_00016033,pdam_00006966,pdam_00005788,pdam_00023195,pdam_00021397,pdam_00021395,pdam_00019703,pdam_00023779,pdam_00021831,pdam_00005731,pdam_00014008,pdam_00014010,pdam_00003608,pdam_00003641,pdam_00019005,pdam_00003675,pdam_00009092,pdam_00025361,pdam_00010511,pdam_00010537,pdam_00024249,pdam_00003540
COMPARTMENTS	GOCC:0110165	Cellular anatomical entity	331	14382	0.11	0.63	7.85e-11	46731.A0A3M6T4C7,46731.A0A3M6T4G0,46731.A0A3M6T4J2,46731.A0A3M6T4L8,46731.A0A3M6T4R8,46731.A0A3M6T5H1,46731.A0A3M6T5L9,46731.A0A3M6T619,46731.A0A3M6T678,46731.A0A3M6T6B6,46731.A0A3M6T6H0,46731.A0A3M6T730,46731.A0A3M6T7P0,46731.A0A3M6T834,46731.A0A3M6T891,46731.A0A3M6T8I8,46731.A0A3M6T8K7,46731.A0A3M6T8S8,46731.A0A3M6T8T4,46731.A0A3M6T8X4,46731.A0A3M6T910,46731.A0A3M6T987,46731.A0A3M6T9C0,46731.A0A3M6T9D7,46731.A0A3M6T9M9,46731.A0A3M6T9Q2,46731.A0A3M6T9X0,46731.A0A3M6T9X8,46731.A0A3M6TA25,46731.A0A3M6TA43,46731.A0A3M6TA46,46731.A0A3M6TA92,46731.A0A3M6TAP1,46731.A0A3M6TAQ3,46731.A0A3M6TB17,46731.A0A3M6TBF9,46731.A0A3M6TC27,46731.A0A3M6TCA5,46731.A0A3M6TCF9,46731.A0A3M6TCJ4,46731.A0A3M6TCW9,46731.A0A3M6TD30,46731.A0A3M6TDF4,46731.A0A3M6TDI7,46731.A0A3M6TDL1,46731.A0A3M6TDL3,46731.A0A3M6TDR6,46731.A0A3M6TE23,46731.A0A3M6TE33,46731.A0A3M6TE48,46731.A0A3M6TE87,46731.A0A3M6TEX1,46731.A0A3M6TF19,46731.A0A3M6TF31,46731.A0A3M6TF62,46731.A0A3M6TFE0,46731.A0A3M6TFG6,46731.A0A3M6TFI2,46731.A0A3M6TG35,46731.A0A3M6TGI2,46731.A0A3M6TGV6,46731.A0A3M6TH18,46731.A0A3M6TH61,46731.A0A3M6THL8,46731.A0A3M6THW2,46731.A0A3M6THZ4,46731.A0A3M6TI43,46731.A0A3M6TI71,46731.A0A3M6TIK9,46731.A0A3M6TIL4,46731.A0A3M6TJ31,46731.A0A3M6TJ54,46731.A0A3M6TJ65,46731.A0A3M6TJG6,46731.A0A3M6TJN0,46731.A0A3M6TJU0,46731.A0A3M6TK22,46731.A0A3M6TK37,46731.A0A3M6TKZ0,46731.A0A3M6TLH7,46731.A0A3M6TLN8,46731.A0A3M6TM28,46731.A0A3M6TM52,46731.A0A3M6TMT6,46731.A0A3M6TMW1,46731.A0A3M6TMY9,46731.A0A3M6TMZ6,46731.A0A3M6TN90,46731.A0A3M6TNC6,46731.A0A3M6TNM0,46731.A0A3M6TNY1,46731.A0A3M6TNZ8,46731.A0A3M6TPP9,46731.A0A3M6TPS7,46731.A0A3M6TQ71,46731.A0A3M6TQF5,46731.A0A3M6TQG7,46731.A0A3M6TQL1,46731.A0A3M6TQZ0,46731.A0A3M6TR03,46731.A0A3M6TR94,46731.A0A3M6TRS2,46731.A0A3M6TRY5,46731.A0A3M6TS82,46731.A0A3M6TSE1,46731.A0A3M6TSI1,46731.A0A3M6TSV5,46731.A0A3M6TT09,46731.A0A3M6TT27,46731.A0A3M6TT55,46731.A0A3M6TTL2,46731.A0A3M6TTR7,46731.A0A3M6TU52,46731.A0A3M6TU96,46731.A0A3M6TUC1,46731.A0A3M6TUQ9,46731.A0A3M6TUR2,46731.A0A3M6TUS1,46731.A0A3M6TV23,46731.A0A3M6TV45,46731.A0A3M6TV82,46731.A0A3M6TV83,46731.A0A3M6TVE3,46731.A0A3M6TVN1,46731.A0A3M6TVT2,46731.A0A3M6TWN1,46731.A0A3M6TWP9,46731.A0A3M6TXA7,46731.A0A3M6TXG5,46731.A0A3M6TXH0,46731.A0A3M6TXJ4,46731.A0A3M6TY25,46731.A0A3M6TY92,46731.A0A3M6TYH6,46731.A0A3M6TYN0,46731.A0A3M6TYQ9,46731.A0A3M6TZ82,46731.A0A3M6TZB9,46731.A0A3M6TZI9,46731.A0A3M6TZQ1,46731.A0A3M6TZR6,46731.A0A3M6TZT1,46731.A0A3M6U043,46731.A0A3M6U092,46731.A0A3M6U0A4,46731.A0A3M6U0Q9,46731.A0A3M6U0S2,46731.A0A3M6U0W0,46731.A0A3M6U122,46731.A0A3M6U149,46731.A0A3M6U1E1,46731.A0A3M6U1G4,46731.A0A3M6U1I1,46731.A0A3M6U1I8,46731.A0A3M6U1J1,46731.A0A3M6U1Z5,46731.A0A3M6U2W0,46731.A0A3M6U329,46731.A0A3M6U335,46731.A0A3M6U336,46731.A0A3M6U346,46731.A0A3M6U356,46731.A0A3M6U516,46731.A0A3M6U5N3,46731.A0A3M6U5U0,46731.A0A3M6U5W1,46731.A0A3M6U673,46731.A0A3M6U6A7,46731.A0A3M6U6H1,46731.A0A3M6U703,46731.A0A3M6U7B3,46731.A0A3M6U7Y7,46731.A0A3M6U808,46731.A0A3M6U836,46731.A0A3M6U8A8,46731.A0A3M6U8K4,46731.A0A3M6U8R2,46731.A0A3M6U8V1,46731.A0A3M6U982,46731.A0A3M6U9B7,46731.A0A3M6U9S3,46731.A0A3M6U9V2,46731.A0A3M6UA99,46731.A0A3M6UAA8,46731.A0A3M6UAB9,46731.A0A3M6UAK9,46731.A0A3M6UAS1,46731.A0A3M6UB77,46731.A0A3M6UB97,46731.A0A3M6UBA1,46731.A0A3M6UBD2,46731.A0A3M6UBW7,46731.A0A3M6UBZ8,46731.A0A3M6UC29,46731.A0A3M6UC40,46731.A0A3M6UC54,46731.A0A3M6UCM6,46731.A0A3M6UCQ0,46731.A0A3M6UCW1,46731.A0A3M6UD51,46731.A0A3M6UDB6,46731.A0A3M6UDC1,46731.A0A3M6UDG2,46731.A0A3M6UDQ0,46731.A0A3M6UEC9,46731.A0A3M6UEG2,46731.A0A3M6UEP0,46731.A0A3M6UEY4,46731.A0A3M6UF56,46731.A0A3M6UFG0,46731.A0A3M6UFL8,46731.A0A3M6UGB4,46731.A0A3M6UGJ7,46731.A0A3M6UGS3,46731.A0A3M6UGZ0,46731.A0A3M6UH28,46731.A0A3M6UH88,46731.A0A3M6UHH6,46731.A0A3M6UHP2,46731.A0A3M6UIA6,46731.A0A3M6UIC9,46731.A0A3M6UIE7,46731.A0A3M6UIF8,46731.A0A3M6UIL8,46731.A0A3M6UIQ3,46731.A0A3M6UIZ6,46731.A0A3M6UJ11,46731.A0A3M6UJ82,46731.A0A3M6UJ93,46731.A0A3M6UJG7,46731.A0A3M6UJR3,46731.A0A3M6UJU4,46731.A0A3M6UK27,46731.A0A3M6UK63,46731.A0A3M6UKA1,46731.A0A3M6UKA8,46731.A0A3M6UKE6,46731.A0A3M6UKL0,46731.A0A3M6UKN4,46731.A0A3M6UKR2,46731.A0A3M6UL16,46731.A0A3M6UL52,46731.A0A3M6UL77,46731.A0A3M6UL97,46731.A0A3M6ULS3,46731.A0A3M6UMI6,46731.A0A3M6UN24,46731.A0A3M6UNC8,46731.A0A3M6UNE0,46731.A0A3M6UP93,46731.A0A3M6UPR5,46731.A0A3M6UPU5,46731.A0A3M6UPW0,46731.A0A3M6UQ96,46731.A0A3M6UQP4,46731.A0A3M6UQS3,46731.A0A3M6UQW0,46731.A0A3M6UQY7,46731.A0A3M6UR23,46731.A0A3M6UR91,46731.A0A3M6UR99,46731.A0A3M6URC8,46731.A0A3M6US78,46731.A0A3M6USC3,46731.A0A3M6USG7,46731.A0A3M6USL8,46731.A0A3M6USS9,46731.A0A3M6UTB4,46731.A0A3M6UTG8,46731.A0A3M6UTG9,46731.A0A3M6UTJ8,46731.A0A3M6UTM6,46731.A0A3M6UTN4,46731.A0A3M6UU10,46731.A0A3M6UU25,46731.A0A3M6UU32,46731.A0A3M6UU73,46731.A0A3M6UU85,46731.A0A3M6UUE9,46731.A0A3M6UUF1,46731.A0A3M6UUF3,46731.A0A3M6UUQ0,46731.A0A3M6UUT7,46731.A0A3M6UV25,46731.A0A3M6UV84,46731.A0A3M6UVB1,46731.A0A3M6UVF5,46731.A0A3M6UVV1,46731.A0A3M6UW16,46731.A0A3M6UW26,46731.A0A3M6UW36,46731.A0A3M6UWF5,46731.A0A3M6UWL6,46731.A0A3M6UWM2,46731.A0A3M6UWZ9,46731.A0A3M6UXK6,46731.A0A3M6UXT1,46731.A0A3M6UY29,46731.A0A3M6UY33,46731.A0A3M6UY48,46731.A0A3M6UYP5,46731.A0A3M6UYQ9,46731.A0A3M6UYU1,46731.A0A3M6UZB5,46731.A0A3M6UZF3,46731.A0A3M6UZV0,46731.A0A3M6UZZ8,46731.A0A3M6V061,46731.A0A3M6V089,46731.A0A3M6V0H2,46731.A0A3M6V0X0,46731.A0A3M6V113,46731.A0A3M6V1F9,46731.A0A3M6V1K3,46731.A0A3M6V1U8,46731.A0A3M6V287,46731.A0A3M6V3A4,46731.A0A3M6V3E6,46731.A0A3M6V3G2,46731.A0A3M6V3R0,46731.A0A3M6V3X9,46731.A0A3M6V438,46731.A0A3M6V454,46731.A0A3M6V4T4,46731.A0A3M6V5A6,46731.A0A3M6V5C9,46731.A0A3M6V5G3,46731.A0A3M6V645,46731.A0A3M6V6A1,46731.A0A3M6V6I9,46731.A0A3M6V7G2	pdam_00003811,pdam_00010209,pdam_00010208,pdam_00003797,pdam_00005221,pdam_00014996,pdam_00017186,pdam_00001018,pdam_00001040,pdam_00000942,pdam_00005068,pdam_00016599,pdam_00013812,pdam_00016612,pdam_00007911,pdam_00006548,pdam_00006601,pdam_00020032,pdam_00004272,pdam_00020034,pdam_00006569,pdam_00009057,pdam_00009048,pdam_00009029,pdam_00003129,pdam_00012314,pdam_00003058,pdam_00023361,pdam_00003347,pdam_00010919,pdam_00003408,pdam_00003406,pdam_00005533,pdam_00011832,pdam_00016791,pdam_00005891,pdam_00016432,pdam_00019526,pdam_00017597,pdam_00021856,pdam_00023341,pdam_00016195,pdam_00007601,pdam_00007599,pdam_00015580,pdam_00007606,pdam_00015590,pdam_00015595,pdam_00006100,pdam_00008040,pdam_00003970,pdam_00013440,pdam_00025796,pdam_00017273,pdam_00002219,pdam_00002221,pdam_00002287,pdam_00002288,pdam_00017499,pdam_00009477,pdam_00009895,pdam_00007528,pdam_00015964,pdam_00006533,pdam_00006528,pdam_00023755,pdam_00017658,pdam_00003222,pdam_00013238,pdam_00012392,pdam_00013516,pdam_00021718,pdam_00022825,pdam_00012275,pdam_00012258,pdam_00015852,pdam_00022581,pdam_00025497,pdam_00001194,pdam_00009850,pdam_00009857,pdam_00004911,pdam_00010899,pdam_00010272,pdam_00018964,pdam_00018972,pdam_00014157,pdam_00005120,pdam_00020890,pdam_00005108,pdam_00006837,pdam_00001857,pdam_00014957,pdam_00016091,pdam_00010850,pdam_00010830,pdam_00016946,pdam_00010837,pdam_00019502,pdam_00017852,pdam_00011271,pdam_00019809,pdam_00012962,pdam_00002569,pdam_00019506,pdam_00016004,pdam_00011208,pdam_00006050,pdam_00002695,pdam_00002715,pdam_00019151,pdam_00002738,pdam_00017091,pdam_00020314,pdam_00022515,pdam_00014050,pdam_00025156,pdam_00014049,pdam_00022670,pdam_00016491,pdam_00022668,pdam_00000837,pdam_00000754,pdam_00023241,pdam_00008420,pdam_00004146,pdam_00022700,pdam_00002032,pdam_00017703,pdam_00009364,pdam_00007850,pdam_00000493,pdam_00000686,pdam_00000710,pdam_00020931,pdam_00018710,pdam_00021581,pdam_00025357,pdam_00007694,pdam_00020744,pdam_00020745,pdam_00007688,pdam_00011920,pdam_00017001,pdam_00021008,pdam_00016978,pdam_00023283,pdam_00021753,pdam_00012580,pdam_00012584,pdam_00002151,pdam_00018748,pdam_00019079,pdam_00002096,pdam_00002204,pdam_00015143,pdam_00002664,pdam_00002677,pdam_00002692,pdam_00002622,pdam_00010626,pdam_00002608,pdam_00014328,pdam_00008346,pdam_00008270,pdam_00003956,pdam_00019840,pdam_00003908,pdam_00005860,pdam_00013571,pdam_00017452,pdam_00008579,pdam_00002960,pdam_00009110,pdam_00017308,MED19,pdam_00018379,pdam_00013939,pdam_00002933,pdam_00018199,pdam_00021279,pdam_00006913,pdam_00018310,pdam_00009670,pdam_00009217,pdam_00009668,pdam_00013199,pdam_00017544,pdam_00016117,pdam_00003141,pdam_00022881,pdam_00004057,pdam_00004051,pdam_00004047,pdam_00020551,pdam_00015799,pdam_00012626,pdam_00004665,pdam_00004649,pdam_00018633,pdam_00020299,pdam_00020303,pdam_00008139,pdam_00008112,pdam_00011651,pdam_00003722,pdam_00015162,pdam_00007951,pdam_00007971,pdam_00014402,pdam_00013778,pdam_00004239,pdam_00014226,pdam_00011338,pdam_00010949,pdam_00012232,pdam_00018252,pdam_00015574,pdam_00018888,pdam_00014259,pdam_00017031,pdam_00021998,pdam_00017039,pdam_00017350,pdam_00020616,pdam_00000448,pdam_00000477,pdam_00000352,pdam_00000293,pdam_00000331,pdam_00010709,pdam_00000375,pdam_00014885,pdam_00020098,pdam_00013157,pdam_00013143,pdam_00014816,pdam_00012120,pdam_00022091,pdam_00016931,pdam_00013167,pdam_00014812,pdam_00018361,pdam_00020251,pdam_00004562,pdam_00011152,pdam_00007287,pdam_00007456,pdam_00018943,pdam_00013303,pdam_00021239,pdam_00001672,pdam_00001652,pdam_00022749,pdam_00016400,pdam_00019099,pdam_00020373,pdam_00021724,pdam_00022636,pdam_00022639,pdam_00010382,pdam_00015877,pdam_00021158,pdam_00007182,pdam_00021160,pdam_00002418,pdam_00004422,pdam_00006300,pdam_00002352,pdam_00006315,pdam_00022708,pdam_00006215,pdam_00011063,pdam_00006159,pdam_00008243,pdam_00008212,pdam_00006318,pdam_00022785,pdam_00012860,pdam_00017953,pdam_00020582,pdam_00016033,pdam_00007013,pdam_00006966,pdam_00005788,pdam_00023195,pdam_00005741,pdam_00006770,pdam_00006778,pdam_00005784,pdam_00005795,pdam_00023225,pdam_00000099,pdam_00006718,pdam_00000056,pdam_00021397,pdam_00021395,pdam_00006427,pdam_00019703,pdam_00023779,pdam_00010782,pdam_00012873,pdam_00022183,pdam_00014623,pdam_00021831,pdam_00007740,pdam_00005731,pdam_00011908,pdam_00014008,pdam_00014010,pdam_00003608,pdam_00003641,pdam_00019005,pdam_00007345,pdam_00003675,pdam_00004524,pdam_00025361,pdam_00017773,pdam_00025758,pdam_00001476,pdam_00001444,pdam_00021558,pdam_00006783,pdam_00001387,pdam_00007560,pdam_00010511,pdam_00010537,pdam_00024249,pdam_00007407,pdam_00003540,pdam_00022067
COMPARTMENTS	GOCC:0016020	Membrane	88	2907	0.23	0.51	0.00028	46731.A0A3M6T4C7,46731.A0A3M6T730,46731.A0A3M6T7P0,46731.A0A3M6T8T4,46731.A0A3M6T910,46731.A0A3M6T987,46731.A0A3M6T9D7,46731.A0A3M6T9M9,46731.A0A3M6TA25,46731.A0A3M6TBF9,46731.A0A3M6TC27,46731.A0A3M6TCA5,46731.A0A3M6TE23,46731.A0A3M6TE33,46731.A0A3M6TE48,46731.A0A3M6TE87,46731.A0A3M6TF19,46731.A0A3M6TF31,46731.A0A3M6TFG6,46731.A0A3M6TH18,46731.A0A3M6TH61,46731.A0A3M6THZ4,46731.A0A3M6TJ31,46731.A0A3M6TM28,46731.A0A3M6TMW1,46731.A0A3M6TMY9,46731.A0A3M6TMZ6,46731.A0A3M6TNY1,46731.A0A3M6TPP9,46731.A0A3M6TQG7,46731.A0A3M6TRY5,46731.A0A3M6TSI1,46731.A0A3M6TT09,46731.A0A3M6TTL2,46731.A0A3M6TTR7,46731.A0A3M6TU96,46731.A0A3M6TUQ9,46731.A0A3M6TUS1,46731.A0A3M6TV45,46731.A0A3M6TWN1,46731.A0A3M6TZR6,46731.A0A3M6U0A4,46731.A0A3M6U0W0,46731.A0A3M6U149,46731.A0A3M6U1I1,46731.A0A3M6U1Z5,46731.A0A3M6U346,46731.A0A3M6U356,46731.A0A3M6U516,46731.A0A3M6U7B3,46731.A0A3M6U7Y7,46731.A0A3M6U836,46731.A0A3M6U9S3,46731.A0A3M6UAA8,46731.A0A3M6UAB9,46731.A0A3M6UAK9,46731.A0A3M6UAS1,46731.A0A3M6UD51,46731.A0A3M6UH28,46731.A0A3M6UIA6,46731.A0A3M6UJU4,46731.A0A3M6UKA8,46731.A0A3M6UMI6,46731.A0A3M6UN24,46731.A0A3M6UNC8,46731.A0A3M6UQY7,46731.A0A3M6UR23,46731.A0A3M6UR99,46731.A0A3M6US78,46731.A0A3M6USL8,46731.A0A3M6UU73,46731.A0A3M6UUF3,46731.A0A3M6UUQ0,46731.A0A3M6UV25,46731.A0A3M6UV84,46731.A0A3M6UVF5,46731.A0A3M6UWF5,46731.A0A3M6UWM2,46731.A0A3M6UY33,46731.A0A3M6UYP5,46731.A0A3M6UYQ9,46731.A0A3M6UYU1,46731.A0A3M6UZB5,46731.A0A3M6V0H2,46731.A0A3M6V1K3,46731.A0A3M6V287,46731.A0A3M6V3A4,46731.A0A3M6V5A6	pdam_00003811,pdam_00016599,pdam_00013812,pdam_00004272,pdam_00006569,pdam_00009057,pdam_00009029,pdam_00003129,pdam_00003347,pdam_00005891,pdam_00016432,pdam_00019526,pdam_00015595,pdam_00006100,pdam_00008040,pdam_00003970,pdam_00025796,pdam_00017273,pdam_00002287,pdam_00007528,pdam_00015964,pdam_00023755,pdam_00013516,pdam_00004911,pdam_00018964,pdam_00018972,pdam_00014157,pdam_00006837,pdam_00014957,pdam_00016946,pdam_00012962,pdam_00016004,pdam_00006050,pdam_00019151,pdam_00002738,pdam_00020314,pdam_00014050,pdam_00014049,pdam_00016491,pdam_00004146,pdam_00020745,pdam_00021008,pdam_00021753,pdam_00012584,pdam_00019079,pdam_00015143,pdam_00010626,pdam_00002608,pdam_00014328,pdam_00017452,pdam_00008579,pdam_00009110,pdam_00021279,pdam_00009670,pdam_00009217,pdam_00009668,pdam_00013199,pdam_00018633,pdam_00012232,pdam_00014259,pdam_00000375,pdam_00013143,pdam_00011152,pdam_00007287,pdam_00007456,pdam_00021724,pdam_00022636,pdam_00010382,pdam_00021158,pdam_00002418,pdam_00006318,pdam_00020582,pdam_00016033,pdam_00006966,pdam_00005788,pdam_00005741,pdam_00023225,pdam_00006718,pdam_00019703,pdam_00010782,pdam_00012873,pdam_00022183,pdam_00014623,pdam_00014010,pdam_00007345,pdam_00004524,pdam_00025361,pdam_00007560
UniProt Keywords	KW-0175	Coiled coil	96	3480	0.19	0.42	0.0019	46731.A0A3M6T4M8,46731.A0A3M6T619,46731.A0A3M6T6T3,46731.A0A3M6T7P0,46731.A0A3M6T7V9,46731.A0A3M6T9Q2,46731.A0A3M6T9X8,46731.A0A3M6TAP1,46731.A0A3M6TCW9,46731.A0A3M6TD30,46731.A0A3M6TDF4,46731.A0A3M6TDL3,46731.A0A3M6TDV8,46731.A0A3M6TEG5,46731.A0A3M6TEQ8,46731.A0A3M6THZ4,46731.A0A3M6TI43,46731.A0A3M6TIK9,46731.A0A3M6TIM3,46731.A0A3M6TM52,46731.A0A3M6TMJ5,46731.A0A3M6TMW1,46731.A0A3M6TN90,46731.A0A3M6TNC6,46731.A0A3M6TNZ8,46731.A0A3M6TP80,46731.A0A3M6TQF5,46731.A0A3M6TQZ0,46731.A0A3M6TRY5,46731.A0A3M6TSV5,46731.A0A3M6TV36,46731.A0A3M6TXA7,46731.A0A3M6TY92,46731.A0A3M6TYN0,46731.A0A3M6TZ82,46731.A0A3M6U043,46731.A0A3M6U0A4,46731.A0A3M6U0W1,46731.A0A3M6U122,46731.A0A3M6U1J1,46731.A0A3M6U516,46731.A0A3M6U5L1,46731.A0A3M6U5U0,46731.A0A3M6U6A7,46731.A0A3M6U6H1,46731.A0A3M6U9Y1,46731.A0A3M6UA99,46731.A0A3M6UC29,46731.A0A3M6UCM6,46731.A0A3M6UCW1,46731.A0A3M6UCW7,46731.A0A3M6UDQ0,46731.A0A3M6UDR9,46731.A0A3M6UFG0,46731.A0A3M6UG80,46731.A0A3M6UGJ7,46731.A0A3M6UGS3,46731.A0A3M6UH87,46731.A0A3M6UHP2,46731.A0A3M6UIE7,46731.A0A3M6UIF8,46731.A0A3M6UIK5,46731.A0A3M6UIQ3,46731.A0A3M6UJU4,46731.A0A3M6UK63,46731.A0A3M6UK87,46731.A0A3M6UKA8,46731.A0A3M6UKL0,46731.A0A3M6UL52,46731.A0A3M6ULV0,46731.A0A3M6UMI6,46731.A0A3M6UMQ2,46731.A0A3M6UN42,46731.A0A3M6UNE0,46731.A0A3M6UP93,46731.A0A3M6UQY7,46731.A0A3M6UR40,46731.A0A3M6URK8,46731.A0A3M6UT45,46731.A0A3M6UTB4,46731.A0A3M6UTG9,46731.A0A3M6UTM6,46731.A0A3M6UTN4,46731.A0A3M6UVB1,46731.A0A3M6UWL6,46731.A0A3M6UXK6,46731.A0A3M6UXT1,46731.A0A3M6UY29,46731.A0A3M6UY47,46731.A0A3M6UZF3,46731.A0A3M6UZZ8,46731.A0A3M6V1U6,46731.A0A3M6V438,46731.A0A3M6V5J1,46731.A0A3M6V655,46731.A0A3M6V7G2	pdam_00003854,pdam_00001018,pdam_00015761,pdam_00013812,pdam_00012837,pdam_00012314,pdam_00023361,pdam_00005533,pdam_00023341,pdam_00016195,pdam_00007601,pdam_00007606,pdam_00006128,pdam_00016817,pdam_00025061,pdam_00023755,pdam_00017658,pdam_00013238,pdam_00019201,pdam_00010899,pdam_00010268,pdam_00018964,pdam_00005120,pdam_00020890,pdam_00001857,pdam_00014556,pdam_00010830,pdam_00019502,pdam_00012962,pdam_00011208,pdam_00000856,pdam_00002032,pdam_00000686,pdam_00020931,pdam_00021581,pdam_00011920,pdam_00021008,pdam_00017810,pdam_00012580,pdam_00002204,pdam_00014328,pdam_00008291,pdam_00008270,pdam_00003908,pdam_00005860,pdam_00006952,pdam_00018310,pdam_00004047,pdam_00012626,pdam_00004649,pdam_00014845,pdam_00008112,pdam_00008093,pdam_00014402,pdam_00004241,pdam_00014226,pdam_00011338,pdam_00004201,pdam_00018888,pdam_00021998,pdam_00017039,pdam_00013288,pdam_00020616,pdam_00000375,pdam_00020098,pdam_00014824,pdam_00013143,pdam_00012120,pdam_00014812,pdam_00004608,pdam_00011152,pdam_00018672,pdam_00018590,pdam_00018943,pdam_00013303,pdam_00021724,pdam_00017459,pdam_00022238,pdam_00009946,pdam_00006300,pdam_00006315,pdam_00006215,pdam_00011063,pdam_00023195,pdam_00000099,pdam_00021397,pdam_00021395,pdam_00006427,pdam_00006442,pdam_00021831,pdam_00005731,pdam_00001107,pdam_00021558,pdam_00016687,pdam_00020196,pdam_00022067
UniProt Keywords	KW-1133	Transmembrane helix	138	5557	0.15	0.4	0.0019	46731.A0A3M6T4C7,46731.A0A3M6T4G0,46731.A0A3M6T6B6,46731.A0A3M6T730,46731.A0A3M6T7C5,46731.A0A3M6T7P0,46731.A0A3M6T8T4,46731.A0A3M6T910,46731.A0A3M6T9C0,46731.A0A3M6T9D7,46731.A0A3M6T9M9,46731.A0A3M6T9Q2,46731.A0A3M6T9X0,46731.A0A3M6TA25,46731.A0A3M6TA43,46731.A0A3M6TBF9,46731.A0A3M6TBU6,46731.A0A3M6TC27,46731.A0A3M6TCA5,46731.A0A3M6TCF9,46731.A0A3M6TDF4,46731.A0A3M6TDV7,46731.A0A3M6TE23,46731.A0A3M6TE33,46731.A0A3M6TE48,46731.A0A3M6TEG5,46731.A0A3M6TF31,46731.A0A3M6TFE0,46731.A0A3M6TFG6,46731.A0A3M6TG35,46731.A0A3M6TGI2,46731.A0A3M6TGV5,46731.A0A3M6THZ4,46731.A0A3M6TJ25,46731.A0A3M6TJG6,46731.A0A3M6TJU0,46731.A0A3M6TK22,46731.A0A3M6TMW1,46731.A0A3M6TMY9,46731.A0A3M6TNB8,46731.A0A3M6TND5,46731.A0A3M6TNE2,46731.A0A3M6TNY1,46731.A0A3M6TP48,46731.A0A3M6TPP9,46731.A0A3M6TQG7,46731.A0A3M6TRS2,46731.A0A3M6TRY5,46731.A0A3M6TS82,46731.A0A3M6TSI1,46731.A0A3M6TT09,46731.A0A3M6TTL2,46731.A0A3M6TTR7,46731.A0A3M6TU52,46731.A0A3M6TU60,46731.A0A3M6TU96,46731.A0A3M6TUQ9,46731.A0A3M6TUR2,46731.A0A3M6TV23,46731.A0A3M6TV45,46731.A0A3M6TVN1,46731.A0A3M6TVT2,46731.A0A3M6TXG5,46731.A0A3M6TYU3,46731.A0A3M6TZQ1,46731.A0A3M6TZR6,46731.A0A3M6U092,46731.A0A3M6U149,46731.A0A3M6U1G4,46731.A0A3M6U1I1,46731.A0A3M6U1I8,46731.A0A3M6U1Z5,46731.A0A3M6U2V9,46731.A0A3M6U2W0,46731.A0A3M6U329,46731.A0A3M6U516,46731.A0A3M6U5L1,46731.A0A3M6U673,46731.A0A3M6U703,46731.A0A3M6U7Y7,46731.A0A3M6U808,46731.A0A3M6U9S3,46731.A0A3M6U9Y1,46731.A0A3M6UAA8,46731.A0A3M6UAK9,46731.A0A3M6UAS1,46731.A0A3M6UBD2,46731.A0A3M6UBT0,46731.A0A3M6UBZ8,46731.A0A3M6UDB6,46731.A0A3M6UDC1,46731.A0A3M6UGB4,46731.A0A3M6UGH8,46731.A0A3M6UGZ0,46731.A0A3M6UH28,46731.A0A3M6UIF8,46731.A0A3M6UIQ3,46731.A0A3M6UJ93,46731.A0A3M6UJG7,46731.A0A3M6UKA8,46731.A0A3M6UKT4,46731.A0A3M6UMI6,46731.A0A3M6UNC8,46731.A0A3M6UNE0,46731.A0A3M6UQ96,46731.A0A3M6UQW0,46731.A0A3M6UR23,46731.A0A3M6UR99,46731.A0A3M6URC8,46731.A0A3M6US78,46731.A0A3M6UT45,46731.A0A3M6UTG8,46731.A0A3M6UU10,46731.A0A3M6UU73,46731.A0A3M6UU85,46731.A0A3M6UUQ6,46731.A0A3M6UVF5,46731.A0A3M6UVV1,46731.A0A3M6UW16,46731.A0A3M6UW26,46731.A0A3M6UWM2,46731.A0A3M6UY33,46731.A0A3M6UYQ9,46731.A0A3M6UYU1,46731.A0A3M6UZB5,46731.A0A3M6V1K3,46731.A0A3M6V287,46731.A0A3M6V384,46731.A0A3M6V3R0,46731.A0A3M6V3U4,46731.A0A3M6V432,46731.A0A3M6V454,46731.A0A3M6V4T4,46731.A0A3M6V5A6,46731.A0A3M6V5C9,46731.A0A3M6V5G3,46731.A0A3M6V6A1,46731.A0A3M6V7G2	pdam_00003811,pdam_00010209,pdam_00000942,pdam_00016599,pdam_00024507,pdam_00013812,pdam_00004272,pdam_00006569,pdam_00009048,pdam_00009029,pdam_00003129,pdam_00012314,pdam_00003058,pdam_00003347,pdam_00010919,pdam_00005891,pdam_00012440,pdam_00016432,pdam_00019526,pdam_00017597,pdam_00007601,pdam_00015587,pdam_00015595,pdam_00006100,pdam_00008040,pdam_00016817,pdam_00017273,pdam_00002221,pdam_00002287,pdam_00017499,pdam_00009477,pdam_00007518,pdam_00023755,pdam_00022822,pdam_00012275,pdam_00015852,pdam_00022581,pdam_00018964,pdam_00018972,pdam_00021844,pdam_00005156,pdam_00005154,pdam_00006837,pdam_00009721,pdam_00014957,pdam_00016946,pdam_00019809,pdam_00012962,pdam_00002569,pdam_00016004,pdam_00006050,pdam_00019151,pdam_00002738,pdam_00017091,pdam_00017099,pdam_00020314,pdam_00014050,pdam_00025156,pdam_00022670,pdam_00016491,pdam_00023241,pdam_00008420,pdam_00017703,pdam_00021583,pdam_00020744,pdam_00020745,pdam_00017001,pdam_00012584,pdam_00018748,pdam_00019079,pdam_00002096,pdam_00015143,pdam_00005310,pdam_00002664,pdam_00002677,pdam_00014328,pdam_00008291,pdam_00019840,pdam_00013571,pdam_00008579,pdam_00002960,pdam_00021279,pdam_00006952,pdam_00009670,pdam_00009668,pdam_00013199,pdam_00022881,pdam_00017892,pdam_00004051,pdam_00020299,pdam_00020303,pdam_00004239,pdam_00013789,pdam_00010949,pdam_00012232,pdam_00017039,pdam_00020616,pdam_00000293,pdam_00000331,pdam_00013143,pdam_00011967,pdam_00011152,pdam_00007456,pdam_00018943,pdam_00022749,pdam_00020373,pdam_00022636,pdam_00010382,pdam_00015877,pdam_00021158,pdam_00009946,pdam_00002352,pdam_00006159,pdam_00006318,pdam_00022785,pdam_00025131,pdam_00005741,pdam_00006770,pdam_00006778,pdam_00005784,pdam_00006718,pdam_00019703,pdam_00012873,pdam_00022183,pdam_00014623,pdam_00007345,pdam_00004524,pdam_00009092,pdam_00001476,pdam_00001407,pdam_00001458,pdam_00006783,pdam_00001387,pdam_00007560,pdam_00010511,pdam_00010537,pdam_00007407,pdam_00022067
UniProt Keywords	KW-0677	Repeat	26	614	0.38	0.47	0.0035	46731.A0A3M6T987,46731.A0A3M6T9X8,46731.A0A3M6TA43,46731.A0A3M6TE33,46731.A0A3M6TE48,46731.A0A3M6TEG5,46731.A0A3M6TJ65,46731.A0A3M6TJG6,46731.A0A3M6TV57,46731.A0A3M6TVE3,46731.A0A3M6TXA7,46731.A0A3M6TY50,46731.A0A3M6TYU3,46731.A0A3M6U335,46731.A0A3M6U7Y7,46731.A0A3M6U9B7,46731.A0A3M6U9V2,46731.A0A3M6UBZ8,46731.A0A3M6UFG0,46731.A0A3M6UIZ6,46731.A0A3M6UL97,46731.A0A3M6UMQ2,46731.A0A3M6UR40,46731.A0A3M6V454,46731.A0A3M6V6A1,46731.A0A3M6V7G2	pdam_00009057,pdam_00023361,pdam_00010919,pdam_00006100,pdam_00008040,pdam_00016817,pdam_00022825,pdam_00012275,pdam_00000765,pdam_00000754,pdam_00002032,pdam_00000597,pdam_00021583,pdam_00002692,pdam_00008579,pdam_00018199,pdam_00006913,pdam_00004051,pdam_00014402,pdam_00000448,pdam_00020251,pdam_00018672,pdam_00017459,pdam_00006783,pdam_00007407,pdam_00022067
UniProt Keywords	KW-0378	Hydrolase	21	485	0.39	0.4	0.0110	46731.A0A3M6T638,46731.A0A3M6T678,46731.A0A3M6T9C0,46731.A0A3M6TCF9,46731.A0A3M6TIL4,46731.A0A3M6TMT6,46731.A0A3M6TPS7,46731.A0A3M6TWP9,46731.A0A3M6TZQ1,46731.A0A3M6TZR6,46731.A0A3M6U8A8,46731.A0A3M6UB97,46731.A0A3M6UJ11,46731.A0A3M6UPW0,46731.A0A3M6USG7,46731.A0A3M6UTB4,46731.A0A3M6UWL6,46731.A0A3M6UZV0,46731.A0A3M6V061,46731.A0A3M6V5C9,46731.A0A3M6V5G3	pdam_00001026,pdam_00001040,pdam_00009048,pdam_00017597,pdam_00012392,pdam_00010272,pdam_00016091,pdam_00022700,pdam_00020744,pdam_00020745,pdam_00017308,pdam_00016117,pdam_00000477,pdam_00001652,pdam_00021160,pdam_00006300,pdam_00000099,pdam_00007740,pdam_00011908,pdam_00010511,pdam_00010537
UniProt Keywords	KW-0853	WD repeat	12	217	0.5	0.35	0.0283	46731.A0A3M6T9X8,46731.A0A3M6TAQ3,46731.A0A3M6TD30,46731.A0A3M6TM52,46731.A0A3M6TXA7,46731.A0A3M6U102,46731.A0A3M6U9B7,46731.A0A3M6UAA8,46731.A0A3M6UH88,46731.A0A3M6UK87,46731.A0A3M6UL52,46731.A0A3M6UPN2	pdam_00023361,pdam_00011832,pdam_00016195,pdam_00010899,pdam_00002032,pdam_00012589,pdam_00018199,pdam_00009670,pdam_00018252,pdam_00014824,pdam_00014812,pdam_00013305
InterPro	IPR008979	Galactose-binding-like domain superfamily	20	354	0.5	0.31	0.0442	46731.A0A3M6T4G0,46731.A0A3M6T678,46731.A0A3M6T891,46731.A0A3M6T9C0,46731.A0A3M6TA43,46731.A0A3M6TDF4,46731.A0A3M6TDR6,46731.A0A3M6TE33,46731.A0A3M6TXG5,46731.A0A3M6TZR6,46731.A0A3M6UB97,46731.A0A3M6UFL8,46731.A0A3M6UIA6,46731.A0A3M6UIL8,46731.A0A3M6UL16,46731.A0A3M6ULC6,46731.A0A3M6UN15,46731.A0A3M6UN24,46731.A0A3M6UPR5,46731.A0A3M6V5A6	pdam_00010209,pdam_00001040,pdam_00007911,pdam_00009048,pdam_00010919,pdam_00007601,pdam_00015590,pdam_00006100,pdam_00017703,pdam_00020745,pdam_00016117,pdam_00013778,pdam_00014259,pdam_00017350,pdam_00013167,pdam_00013183,pdam_00007257,pdam_00007287,pdam_00021239,pdam_00007560
SMART	SM00231	Coagulation factor 5/8 C-terminal domain, discoidin domain	14	197	0.6	0.43	0.0127	46731.A0A3M6T4G0,46731.A0A3M6T678,46731.A0A3M6T891,46731.A0A3M6TA43,46731.A0A3M6TDR6,46731.A0A3M6TE33,46731.A0A3M6TXG5,46731.A0A3M6TZR6,46731.A0A3M6UFL8,46731.A0A3M6UIL8,46731.A0A3M6UL16,46731.A0A3M6UN15,46731.A0A3M6UN24,46731.A0A3M6V5A6	pdam_00010209,pdam_00001040,pdam_00007911,pdam_00010919,pdam_00015590,pdam_00006100,pdam_00017703,pdam_00020745,pdam_00013778,pdam_00017350,pdam_00013167,pdam_00007257,pdam_00007287,pdam_00007560
