#category	term ID	term description	observed gene count	background gene count	strength	signal	false discovery rate	matching proteins in your network (IDs)	matching proteins in your network (labels)
GO Process	GO:0009987	Cellular process	361	12654	0.1	0.56	5.08e-07	46731.A0A3M6T467,46731.A0A3M6T469,46731.A0A3M6T4G8,46731.A0A3M6T4I9,46731.A0A3M6T4L6,46731.A0A3M6T579,46731.A0A3M6T5B6,46731.A0A3M6T6B6,46731.A0A3M6T6M6,46731.A0A3M6T6R5,46731.A0A3M6T740,46731.A0A3M6T7B9,46731.A0A3M6T7Q3,46731.A0A3M6T7U5,46731.A0A3M6T856,46731.A0A3M6T8D5,46731.A0A3M6T976,46731.A0A3M6T988,46731.A0A3M6T989,46731.A0A3M6T9T7,46731.A0A3M6TA47,46731.A0A3M6TB15,46731.A0A3M6TBK3,46731.A0A3M6TBP1,46731.A0A3M6TC03,46731.A0A3M6TC09,46731.A0A3M6TC14,46731.A0A3M6TC94,46731.A0A3M6TCG5,46731.A0A3M6TCK6,46731.A0A3M6TD44,46731.A0A3M6TD71,46731.A0A3M6TD79,46731.A0A3M6TDI1,46731.A0A3M6TDN3,46731.A0A3M6TDQ5,46731.A0A3M6TDQ9,46731.A0A3M6TE42,46731.A0A3M6TE44,46731.A0A3M6TE51,46731.A0A3M6TEC5,46731.A0A3M6TEE2,46731.A0A3M6TF35,46731.A0A3M6TF63,46731.A0A3M6TFP7,46731.A0A3M6TFQ9,46731.A0A3M6TFZ9,46731.A0A3M6TG13,46731.A0A3M6TG77,46731.A0A3M6TGB4,46731.A0A3M6TGL6,46731.A0A3M6TGX4,46731.A0A3M6THC4,46731.A0A3M6THC8,46731.A0A3M6TII5,46731.A0A3M6TIJ7,46731.A0A3M6TIX2,46731.A0A3M6TJA9,46731.A0A3M6TJM8,46731.A0A3M6TJR0,46731.A0A3M6TJR9,46731.A0A3M6TKC4,46731.A0A3M6TKJ7,46731.A0A3M6TKP1,46731.A0A3M6TKX7,46731.A0A3M6TL36,46731.A0A3M6TL47,46731.A0A3M6TLE6,46731.A0A3M6TLH9,46731.A0A3M6TLI2,46731.A0A3M6TLN5,46731.A0A3M6TLR3,46731.A0A3M6TM85,46731.A0A3M6TMA0,46731.A0A3M6TMH4,46731.A0A3M6TN24,46731.A0A3M6TNI2,46731.A0A3M6TNR8,46731.A0A3M6TP11,46731.A0A3M6TP39,46731.A0A3M6TP40,46731.A0A3M6TP71,46731.A0A3M6TP85,46731.A0A3M6TPB9,46731.A0A3M6TPE5,46731.A0A3M6TPY8,46731.A0A3M6TQG4,46731.A0A3M6TQM7,46731.A0A3M6TR46,46731.A0A3M6TR98,46731.A0A3M6TRA4,46731.A0A3M6TRH7,46731.A0A3M6TRR8,46731.A0A3M6TRS1,46731.A0A3M6TRV9,46731.A0A3M6TS39,46731.A0A3M6TS69,46731.A0A3M6TSF0,46731.A0A3M6TSH4,46731.A0A3M6TSI3,46731.A0A3M6TSU5,46731.A0A3M6TSU9,46731.A0A3M6TSX7,46731.A0A3M6TTE1,46731.A0A3M6TTI1,46731.A0A3M6TTK5,46731.A0A3M6TTL2,46731.A0A3M6TTQ7,46731.A0A3M6TTS8,46731.A0A3M6TTT0,46731.A0A3M6TTX1,46731.A0A3M6TU12,46731.A0A3M6TUB8,46731.A0A3M6TVA7,46731.A0A3M6TVB9,46731.A0A3M6TVP0,46731.A0A3M6TVQ5,46731.A0A3M6TVW6,46731.A0A3M6TVZ9,46731.A0A3M6TX49,46731.A0A3M6TXE0,46731.A0A3M6TXE2,46731.A0A3M6TXF9,46731.A0A3M6TXH4,46731.A0A3M6TXK3,46731.A0A3M6TY22,46731.A0A3M6TYN1,46731.A0A3M6TYP5,46731.A0A3M6TYW8,46731.A0A3M6TYX6,46731.A0A3M6TZ19,46731.A0A3M6TZ57,46731.A0A3M6TZA4,46731.A0A3M6TZA7,46731.A0A3M6TZY0,46731.A0A3M6U028,46731.A0A3M6U075,46731.A0A3M6U083,46731.A0A3M6U0A4,46731.A0A3M6U0B8,46731.A0A3M6U0P8,46731.A0A3M6U0S2,46731.A0A3M6U0Z8,46731.A0A3M6U128,46731.A0A3M6U150,46731.A0A3M6U1F0,46731.A0A3M6U1M9,46731.A0A3M6U1R9,46731.A0A3M6U1X3,46731.A0A3M6U282,46731.A0A3M6U2S6,46731.A0A3M6U2W8,46731.A0A3M6U376,46731.A0A3M6U3D8,46731.A0A3M6U3F2,46731.A0A3M6U3L4,46731.A0A3M6U3Q4,46731.A0A3M6U3V6,46731.A0A3M6U410,46731.A0A3M6U474,46731.A0A3M6U4I6,46731.A0A3M6U4J1,46731.A0A3M6U4P7,46731.A0A3M6U4V6,46731.A0A3M6U514,46731.A0A3M6U534,46731.A0A3M6U583,46731.A0A3M6U5P1,46731.A0A3M6U5U1,46731.A0A3M6U5X5,46731.A0A3M6U600,46731.A0A3M6U6B4,46731.A0A3M6U6L2,46731.A0A3M6U738,46731.A0A3M6U762,46731.A0A3M6U7H4,46731.A0A3M6U7S8,46731.A0A3M6U7Z3,46731.A0A3M6U801,46731.A0A3M6U8F6,46731.A0A3M6U8M7,46731.A0A3M6U997,46731.A0A3M6U9B2,46731.A0A3M6U9J8,46731.A0A3M6U9Q0,46731.A0A3M6U9R7,46731.A0A3M6U9V2,46731.A0A3M6UA15,46731.A0A3M6UA33,46731.A0A3M6UA46,46731.A0A3M6UAI7,46731.A0A3M6UB20,46731.A0A3M6UBD2,46731.A0A3M6UBL7,46731.A0A3M6UBM6,46731.A0A3M6UBM8,46731.A0A3M6UBT4,46731.A0A3M6UC09,46731.A0A3M6UC85,46731.A0A3M6UCD4,46731.A0A3M6UCE4,46731.A0A3M6UCW9,46731.A0A3M6UD71,46731.A0A3M6UD80,46731.A0A3M6UD97,46731.A0A3M6UDF4,46731.A0A3M6UDH3,46731.A0A3M6UDR8,46731.A0A3M6UE64,46731.A0A3M6UE91,46731.A0A3M6UEC4,46731.A0A3M6UEV1,46731.A0A3M6UEW7,46731.A0A3M6UEY1,46731.A0A3M6UF13,46731.A0A3M6UFC0,46731.A0A3M6UFJ3,46731.A0A3M6UG21,46731.A0A3M6UG87,46731.A0A3M6UGP9,46731.A0A3M6UGZ0,46731.A0A3M6UHU6,46731.A0A3M6UHV1,46731.A0A3M6UIB8,46731.A0A3M6UIF2,46731.A0A3M6UIJ6,46731.A0A3M6UJ26,46731.A0A3M6UJC4,46731.A0A3M6UJD7,46731.A0A3M6UJK3,46731.A0A3M6UJS8,46731.A0A3M6UJT2,46731.A0A3M6UK60,46731.A0A3M6UK77,46731.A0A3M6UKH7,46731.A0A3M6UKJ2,46731.A0A3M6UKM4,46731.A0A3M6UKS2,46731.A0A3M6UKT9,46731.A0A3M6UL04,46731.A0A3M6ULG9,46731.A0A3M6ULQ8,46731.A0A3M6ULW1,46731.A0A3M6UM02,46731.A0A3M6UM15,46731.A0A3M6UM91,46731.A0A3M6UMR0,46731.A0A3M6UN04,46731.A0A3M6UN27,46731.A0A3M6UN43,46731.A0A3M6UN47,46731.A0A3M6UP48,46731.A0A3M6UP50,46731.A0A3M6UP66,46731.A0A3M6UPA5,46731.A0A3M6UPC4,46731.A0A3M6UPD9,46731.A0A3M6UPF7,46731.A0A3M6UPM0,46731.A0A3M6UPN3,46731.A0A3M6UPS0,46731.A0A3M6UPV7,46731.A0A3M6UPX3,46731.A0A3M6UQ53,46731.A0A3M6UQ65,46731.A0A3M6UQF8,46731.A0A3M6UQY5,46731.A0A3M6URA4,46731.A0A3M6URL1,46731.A0A3M6URM2,46731.A0A3M6URV9,46731.A0A3M6US04,46731.A0A3M6US90,46731.A0A3M6USA1,46731.A0A3M6USL6,46731.A0A3M6USY4,46731.A0A3M6USY5,46731.A0A3M6USZ5,46731.A0A3M6UT39,46731.A0A3M6UTD8,46731.A0A3M6UTG1,46731.A0A3M6UTH2,46731.A0A3M6UTK8,46731.A0A3M6UTY2,46731.A0A3M6UUA5,46731.A0A3M6UUJ0,46731.A0A3M6UUR3,46731.A0A3M6UUU6,46731.A0A3M6UVF1,46731.A0A3M6UVJ8,46731.A0A3M6UVS6,46731.A0A3M6UW01,46731.A0A3M6UWF2,46731.A0A3M6UX15,46731.A0A3M6UX67,46731.A0A3M6UX77,46731.A0A3M6UXE6,46731.A0A3M6UXH5,46731.A0A3M6UXJ2,46731.A0A3M6UXL1,46731.A0A3M6UXQ5,46731.A0A3M6UXR2,46731.A0A3M6UXY1,46731.A0A3M6UY01,46731.A0A3M6UY03,46731.A0A3M6UY54,46731.A0A3M6UY57,46731.A0A3M6UY84,46731.A0A3M6UYC5,46731.A0A3M6UYF7,46731.A0A3M6UYG4,46731.A0A3M6UYJ5,46731.A0A3M6UYQ2,46731.A0A3M6UYR9,46731.A0A3M6UYX5,46731.A0A3M6UZ72,46731.A0A3M6UZ79,46731.A0A3M6UZH4,46731.A0A3M6UZT3,46731.A0A3M6UZU9,46731.A0A3M6UZY6,46731.A0A3M6V014,46731.A0A3M6V043,46731.A0A3M6V082,46731.A0A3M6V0M3,46731.A0A3M6V0M4,46731.A0A3M6V112,46731.A0A3M6V149,46731.A0A3M6V163,46731.A0A3M6V1A9,46731.A0A3M6V1H8,46731.A0A3M6V1R6,46731.A0A3M6V1Y0,46731.A0A3M6V233,46731.A0A3M6V237,46731.A0A3M6V2K6,46731.A0A3M6V333,46731.A0A3M6V357,46731.A0A3M6V3D0,46731.A0A3M6V3F9,46731.A0A3M6V3K7,46731.A0A3M6V3N6,46731.A0A3M6V3T5,46731.A0A3M6V433,46731.A0A3M6V437,46731.A0A3M6V468,46731.A0A3M6V496,46731.A0A3M6V4M7,46731.A0A3M6V4Q7,46731.A0A3M6V566,46731.A0A3M6V5I3,46731.A0A3M6V5J3,46731.A0A3M6V5L3,46731.A0A3M6V5Q9,46731.A0A3M6V685,46731.A0A3M6V6E6,46731.A0A3M6V6H2,46731.A0A3M6V6I8,46731.A0A3M6V6P0,46731.A0A3M6V6W1,46731.A0A3M6V6Y7	pdam_00022844,pdam_00019771,pdam_00003812,pdam_00019775,pdam_00021762,pdam_00010052,pdam_00019229,pdam_00000942,pdam_00005030,pdam_00005028,pdam_00011425,pdam_00008954,pdam_00008942,pdam_00024112,pdam_00012826,pdam_00007894,pdam_00009028,pdam_00020025,pdam_00009047,pdam_00003113,pdam_00003331,pdam_00008396,pdam_00005880,pdam_00016760,pdam_00013976,pdam_00025221,pdam_00018924,pdam_00008146,pdam_00019240,pdam_00020527,pdam_00013531,pdam_00016741,pdam_00018978,pdam_00017899,pdam_00005993,pdam_00005957,pdam_00015588,pdam_00003998,pdam_00004024,pdam_00003972,pdam_00022296,pdam_00022332,pdam_00021264,pdam_00023615,pdam_00014342,pdam_00002269,pdam_00008706,pdam_00008702,pdam_00022241,pdam_00009469,pdam_00022449,pdam_00009882,pdam_00006539,pdam_00006544,pdam_00003243,pdam_00013258,pdam_00018331,pdam_00013055,pdam_00008873,pdam_00008664,pdam_00008875,pdam_00005587,pdam_00012478,pdam_00020941,pdam_00001346,pdam_00020945,pdam_00001308,pdam_00023406,pdam_00009842,pdam_00001270,pdam_00009405,pdam_00004906,pdam_00010901,pdam_00004886,pdam_00010278,pdam_00021905,pdam_00005140,pdam_00015296,pdam_00006892,pdam_00009747,pdam_00009749,pdam_00006877,pdam_00006884,pdam_00009755,pdam_00014570,pdam_00001953,pdam_00001907,pdam_00021223,pdam_00017847,pdam_00019744,pdam_00011267,pdam_00012965,pdam_00002566,pdam_00019812,pdam_00002481,pdam_00002575,pdam_00002504,pdam_00016000,pdam_00011202,pdam_00020693,pdam_00006038,pdam_00018862,pdam_00006023,pdam_00012732,pdam_00006052,pdam_00009168,pdam_00019151,pdam_00024751,pdam_00002757,pdam_00019142,pdam_00020312,pdam_00012541,pdam_00022511,pdam_00000799,pdam_00000741,pdam_00000790,pdam_00000891,pdam_00012938,pdam_00012953,pdam_00024018,pdam_00009353,pdam_00001994,pdam_00001999,pdam_00009362,pdam_00007829,pdam_00000657,pdam_00000625,pdam_00018713,pdam_00019709,pdam_00025531,pdam_00023275,pdam_00022323,pdam_00015679,pdam_00024466,pdam_00019558,pdam_00009597,pdam_00009596,pdam_00009628,pdam_00021008,pdam_00023287,pdam_00021006,pdam_00023283,pdam_00012924,pdam_00012588,pdam_00012575,pdam_00002160,pdam_00002103,pdam_00019081,pdam_00002197,pdam_00015117,pdam_00005366,pdam_00010651,pdam_00005392,pdam_00015376,pdam_00005357,pdam_00015397,pdam_00005410,pdam_00016306,pdam_00005465,pdam_00015189,pdam_00019604,pdam_00017145,pdam_00018611,pdam_00001559,pdam_00001629,pdam_00014306,pdam_00001527,pdam_00008319,pdam_00008323,pdam_00023499,pdam_00018100,pdam_00003881,pdam_00005823,pdam_00013356,pdam_00011246,pdam_00017632,pdam_00008622,pdam_00017615,pdam_00009141,pdam_00013940,pdam_00013948,pdam_00017207,pdam_00002898,pdam_00006946,pdam_00024410,pdam_00010457,pdam_00006913,pdam_00008746,pdam_00018312,pdam_00009240,pdam_00021435,pdam_00017250,pdam_00022881,pdam_00018895,pdam_00015425,pdam_00024706,pdam_00018446,pdam_00004034,pdam_00004709,pdam_00011385,pdam_00011355,pdam_00012628,pdam_00014839,pdam_00023258,pdam_00020298,pdam_00008096,pdam_00010330,pdam_00020297,pdam_00012184,pdam_00004748,pdam_00003765,pdam_00024085,pdam_00019214,pdam_00003699,pdam_00007963,pdam_00010348,pdam_00021106,pdam_00015533,pdam_00015523,pdam_00019289,pdam_00010949,pdam_00015554,pdam_00016528,pdam_00014234,pdam_00022002,pdam_00018698,pdam_00000365,pdam_00000406,pdam_00000305,pdam_00023034,pdam_00000286,pdam_00010732,pdam_00000404,pdam_00013137,pdam_00013135,pdam_00012132,pdam_00010703,pdam_00011963,pdam_00014915,pdam_00013149,pdam_00019989,pdam_00014105,pdam_00009301,pdam_00009346,pdam_00011543,pdam_00014119,pdam_00019671,pdam_00019690,pdam_00019689,pdam_00007253,pdam_00007280,pdam_00010167,pdam_00010145,pdam_00007416,pdam_00019376,pdam_00013313,pdam_00001637,pdam_00013317,pdam_00001658,pdam_00001685,pdam_00025177,pdam_00001732,pdam_00019095,pdam_00020921,pdam_00020910,pdam_00006283,pdam_00021725,pdam_00011678,pdam_00011459,pdam_00015886,pdam_00010388,pdam_00004423,pdam_00002396,pdam_00008862,pdam_00007220,pdam_00021214,pdam_00009924,pdam_00015784,pdam_00014942,pdam_00011068,pdam_00016963,pdam_00016974,pdam_00002445,pdam_00006176,pdam_00010567,pdam_00016972,pdam_00007005,pdam_00016013,pdam_00015730,pdam_00015895,pdam_00006958,pdam_00006776,pdam_00004989,pdam_00000134,pdam_00000018,pdam_00000141,pdam_00000230,pdam_00000057,pdam_00012506,pdam_00020643,pdam_00012504,pdam_00012531,pdam_00022056,pdam_00010753,pdam_00020868,pdam_00010768,pdam_00006434,pdam_00000173,pdam_00022560,pdam_00009520,pdam_00009511,pdam_00019448,pdam_00021425,pdam_00009493,pdam_00022185,pdam_00018839,pdam_00006465,pdam_00009956,pdam_00022949,pdam_00007729,pdam_00007745,pdam_00005709,pdam_00011879,pdam_00022233,pdam_00013047,pdam_00009797,pdam_00010508,pdam_00010490,pdam_00010501,pdam_00014013,pdam_00021218,pdam_00020461,pdam_00001113,pdam_00019310,pdam_00010488,pdam_00004523,pdam_00017995,pdam_00009089,pdam_00020208,pdam_00017111,pdam_00001411,pdam_00001382,pdam_00019951,pdam_00019960,pdam_00013749,pdam_00021315,pdam_00001412,pdam_00003499,pdam_00003489,pdam_00007537,pdam_00016689,pdam_00024080,pdam_00003479,pdam_00005669,pdam_00003560,pdam_00003579,pdam_00005624,pdam_00003541,pdam_00003527,pdam_00013736,pdam_00020432
GO Process	GO:0050896	Response to stimulus	140	4240	0.17	0.4	0.0034	46731.A0A3M6T469,46731.A0A3M6T4G8,46731.A0A3M6T4I9,46731.A0A3M6T4L6,46731.A0A3M6T6B6,46731.A0A3M6T6R5,46731.A0A3M6T740,46731.A0A3M6T7B9,46731.A0A3M6T7Q3,46731.A0A3M6T8D5,46731.A0A3M6T988,46731.A0A3M6T989,46731.A0A3M6TA47,46731.A0A3M6TC03,46731.A0A3M6TC14,46731.A0A3M6TCK6,46731.A0A3M6TDQ5,46731.A0A3M6TE42,46731.A0A3M6TF35,46731.A0A3M6TFP7,46731.A0A3M6TGX4,46731.A0A3M6TI01,46731.A0A3M6TIX2,46731.A0A3M6TJA9,46731.A0A3M6TJM8,46731.A0A3M6TJR0,46731.A0A3M6TLH9,46731.A0A3M6TMH4,46731.A0A3M6TN24,46731.A0A3M6TP11,46731.A0A3M6TP39,46731.A0A3M6TP40,46731.A0A3M6TP71,46731.A0A3M6TPB9,46731.A0A3M6TPE5,46731.A0A3M6TQ51,46731.A0A3M6TR98,46731.A0A3M6TRA4,46731.A0A3M6TRS1,46731.A0A3M6TRV9,46731.A0A3M6TS69,46731.A0A3M6TSH4,46731.A0A3M6TSU9,46731.A0A3M6TTL2,46731.A0A3M6TTQ7,46731.A0A3M6TTX1,46731.A0A3M6TXE2,46731.A0A3M6TXF9,46731.A0A3M6TYP5,46731.A0A3M6TYX6,46731.A0A3M6TZY0,46731.A0A3M6U075,46731.A0A3M6U1F0,46731.A0A3M6U1M9,46731.A0A3M6U1X3,46731.A0A3M6U2S6,46731.A0A3M6U333,46731.A0A3M6U354,46731.A0A3M6U3V6,46731.A0A3M6U410,46731.A0A3M6U4K2,46731.A0A3M6U4P7,46731.A0A3M6U514,46731.A0A3M6U5P1,46731.A0A3M6U5U1,46731.A0A3M6U6B4,46731.A0A3M6U6L2,46731.A0A3M6U801,46731.A0A3M6U9B2,46731.A0A3M6U9J8,46731.A0A3M6U9R7,46731.A0A3M6UA33,46731.A0A3M6UA46,46731.A0A3M6UAI7,46731.A0A3M6UBD2,46731.A0A3M6UBT4,46731.A0A3M6UC85,46731.A0A3M6UCD4,46731.A0A3M6UCE4,46731.A0A3M6UCW9,46731.A0A3M6UD71,46731.A0A3M6UD80,46731.A0A3M6UDH3,46731.A0A3M6UE64,46731.A0A3M6UEC4,46731.A0A3M6UEL8,46731.A0A3M6UFC0,46731.A0A3M6UGZ0,46731.A0A3M6UHV1,46731.A0A3M6UJ26,46731.A0A3M6UJC4,46731.A0A3M6UJD7,46731.A0A3M6UK77,46731.A0A3M6UKH7,46731.A0A3M6UKS2,46731.A0A3M6UKT9,46731.A0A3M6UL04,46731.A0A3M6UN43,46731.A0A3M6UP50,46731.A0A3M6UPM0,46731.A0A3M6UPX3,46731.A0A3M6UQ65,46731.A0A3M6UQF8,46731.A0A3M6UQY5,46731.A0A3M6URM2,46731.A0A3M6US90,46731.A0A3M6UT39,46731.A0A3M6UTG1,46731.A0A3M6UTH2,46731.A0A3M6UTK8,46731.A0A3M6UUJ0,46731.A0A3M6UUU6,46731.A0A3M6UVJ8,46731.A0A3M6UVS6,46731.A0A3M6UX15,46731.A0A3M6UX67,46731.A0A3M6UXE6,46731.A0A3M6UXL1,46731.A0A3M6UXQ5,46731.A0A3M6UXY1,46731.A0A3M6UY01,46731.A0A3M6UY03,46731.A0A3M6UY57,46731.A0A3M6UYQ2,46731.A0A3M6UZ72,46731.A0A3M6UZU9,46731.A0A3M6V014,46731.A0A3M6V043,46731.A0A3M6V0M3,46731.A0A3M6V0M4,46731.A0A3M6V112,46731.A0A3M6V1P6,46731.A0A3M6V1R6,46731.A0A3M6V2K6,46731.A0A3M6V433,46731.A0A3M6V437,46731.A0A3M6V5J3,46731.A0A3M6V5L3,46731.A0A3M6V6E6,46731.A0A3M6V6Y7	pdam_00019771,pdam_00003812,pdam_00019775,pdam_00021762,pdam_00000942,pdam_00005028,pdam_00011425,pdam_00008954,pdam_00008942,pdam_00007894,pdam_00020025,pdam_00009047,pdam_00003331,pdam_00013976,pdam_00018924,pdam_00020527,pdam_00005957,pdam_00003998,pdam_00021264,pdam_00014342,pdam_00009882,pdam_00011563,pdam_00018331,pdam_00013055,pdam_00008873,pdam_00008664,pdam_00009842,pdam_00010278,pdam_00021905,pdam_00006892,pdam_00009747,pdam_00009749,pdam_00006877,pdam_00009755,pdam_00014570,pdam_00010839,pdam_00019744,pdam_00011267,pdam_00019812,pdam_00002481,pdam_00002504,pdam_00011202,pdam_00018862,pdam_00019151,pdam_00024751,pdam_00020312,pdam_00001994,pdam_00001999,pdam_00018713,pdam_00025531,pdam_00019558,pdam_00009596,pdam_00002160,pdam_00002103,pdam_00002197,pdam_00005366,pdam_00002647,pdam_00002640,pdam_00016306,pdam_00005465,pdam_00008028,pdam_00018611,pdam_00001629,pdam_00008319,pdam_00008323,pdam_00003881,pdam_00005823,pdam_00009141,pdam_00002898,pdam_00006946,pdam_00010457,pdam_00018312,pdam_00009240,pdam_00021435,pdam_00022881,pdam_00018446,pdam_00004709,pdam_00011385,pdam_00011355,pdam_00012628,pdam_00014839,pdam_00023258,pdam_00010330,pdam_00012184,pdam_00003765,pdam_00003682,pdam_00010348,pdam_00010949,pdam_00016528,pdam_00000365,pdam_00000406,pdam_00000305,pdam_00013137,pdam_00013135,pdam_00011963,pdam_00014915,pdam_00013149,pdam_00007253,pdam_00010145,pdam_00001658,pdam_00019095,pdam_00020910,pdam_00006283,pdam_00021725,pdam_00015886,pdam_00002396,pdam_00014942,pdam_00016963,pdam_00016974,pdam_00002445,pdam_00016972,pdam_00016013,pdam_00015895,pdam_00006958,pdam_00000134,pdam_00000018,pdam_00000230,pdam_00020643,pdam_00012504,pdam_00022056,pdam_00010753,pdam_00020868,pdam_00006434,pdam_00021425,pdam_00018839,pdam_00007729,pdam_00005709,pdam_00011879,pdam_00013047,pdam_00009797,pdam_00010508,pdam_00020116,pdam_00020461,pdam_00004523,pdam_00019960,pdam_00013749,pdam_00024080,pdam_00003479,pdam_00003579,pdam_00020432
GO Process	GO:0006811	Ion transport	44	917	0.33	0.42	0.0060	46731.A0A3M6T4G8,46731.A0A3M6T5B6,46731.A0A3M6T6B6,46731.A0A3M6T7U5,46731.A0A3M6T856,46731.A0A3M6TCG5,46731.A0A3M6TEE2,46731.A0A3M6TF35,46731.A0A3M6TGX4,46731.A0A3M6TII5,46731.A0A3M6TJR9,46731.A0A3M6TL36,46731.A0A3M6TNR8,46731.A0A3M6TRR8,46731.A0A3M6TSX7,46731.A0A3M6TTQ7,46731.A0A3M6TVZ9,46731.A0A3M6TXF9,46731.A0A3M6U282,46731.A0A3M6U3V6,46731.A0A3M6U410,46731.A0A3M6U514,46731.A0A3M6U534,46731.A0A3M6U5P1,46731.A0A3M6U5Q6,46731.A0A3M6UA15,46731.A0A3M6UCD4,46731.A0A3M6UE91,46731.A0A3M6UHV1,46731.A0A3M6UKH7,46731.A0A3M6UN43,46731.A0A3M6UP66,46731.A0A3M6UPN3,46731.A0A3M6UQ65,46731.A0A3M6UTY2,46731.A0A3M6UUA5,46731.A0A3M6UX77,46731.A0A3M6UXE6,46731.A0A3M6UYJ5,46731.A0A3M6UYN2,46731.A0A3M6V163,46731.A0A3M6V233,46731.A0A3M6V3N6,46731.A0A3M6V437	pdam_00003812,pdam_00019229,pdam_00000942,pdam_00024112,pdam_00012826,pdam_00019240,pdam_00022332,pdam_00021264,pdam_00009882,pdam_00003243,pdam_00008875,pdam_00020945,pdam_00015296,pdam_00002566,pdam_00006023,pdam_00024751,pdam_00012953,pdam_00001999,pdam_00015117,pdam_00016306,pdam_00005465,pdam_00001629,pdam_00014306,pdam_00008319,pdam_00008267,pdam_00008746,pdam_00011385,pdam_00004748,pdam_00016528,pdam_00013135,pdam_00007253,pdam_00007416,pdam_00001685,pdam_00020910,pdam_00006176,pdam_00010567,pdam_00000141,pdam_00000230,pdam_00019448,pdam_00009514,pdam_00010501,pdam_00019310,pdam_00001382,pdam_00013749
GO Process	GO:0006812	Cation transport	36	716	0.35	0.41	0.0086	46731.A0A3M6T4G8,46731.A0A3M6T6B6,46731.A0A3M6T7U5,46731.A0A3M6TCG5,46731.A0A3M6TEE2,46731.A0A3M6TF35,46731.A0A3M6TGX4,46731.A0A3M6TII5,46731.A0A3M6TL36,46731.A0A3M6TRR8,46731.A0A3M6TSX7,46731.A0A3M6TTQ7,46731.A0A3M6TXF9,46731.A0A3M6U282,46731.A0A3M6U3V6,46731.A0A3M6U410,46731.A0A3M6U534,46731.A0A3M6U5P1,46731.A0A3M6U5Q6,46731.A0A3M6UCD4,46731.A0A3M6UE91,46731.A0A3M6UHV1,46731.A0A3M6UKH7,46731.A0A3M6UN43,46731.A0A3M6UP66,46731.A0A3M6UPN3,46731.A0A3M6UQ65,46731.A0A3M6UTY2,46731.A0A3M6UUA5,46731.A0A3M6UX77,46731.A0A3M6UXE6,46731.A0A3M6UYN2,46731.A0A3M6V163,46731.A0A3M6V233,46731.A0A3M6V3N6,46731.A0A3M6V437	pdam_00003812,pdam_00000942,pdam_00024112,pdam_00019240,pdam_00022332,pdam_00021264,pdam_00009882,pdam_00003243,pdam_00020945,pdam_00002566,pdam_00006023,pdam_00024751,pdam_00001999,pdam_00015117,pdam_00016306,pdam_00005465,pdam_00014306,pdam_00008319,pdam_00008267,pdam_00011385,pdam_00004748,pdam_00016528,pdam_00013135,pdam_00007253,pdam_00007416,pdam_00001685,pdam_00020910,pdam_00006176,pdam_00010567,pdam_00000141,pdam_00000230,pdam_00009514,pdam_00010501,pdam_00019310,pdam_00001382,pdam_00013749
GO Process	GO:0007156	Homophilic cell adhesion via plasma membrane adhesion molecules	10	68	0.82	0.5	0.0086	46731.A0A3M6TD71,46731.A0A3M6TR98,46731.A0A3M6UIJ6,46731.A0A3M6UPC4,46731.A0A3M6UPX3,46731.A0A3M6URA4,46731.A0A3M6UXH5,46731.A0A3M6UYG4,46731.A0A3M6V433,46731.A0A3M6V4Q7	pdam_00016741,pdam_00019744,pdam_00018698,pdam_00013313,pdam_00019095,pdam_00011678,pdam_00000057,pdam_00009511,pdam_00019960,pdam_00003489
GO Process	GO:0034220	Ion transmembrane transport	39	798	0.34	0.4	0.0086	46731.A0A3M6T4G8,46731.A0A3M6T6B6,46731.A0A3M6T7U5,46731.A0A3M6TCG5,46731.A0A3M6TEE2,46731.A0A3M6TF35,46731.A0A3M6TGX4,46731.A0A3M6TII5,46731.A0A3M6TJR9,46731.A0A3M6TL36,46731.A0A3M6TRR8,46731.A0A3M6TSX7,46731.A0A3M6TTQ7,46731.A0A3M6TVZ9,46731.A0A3M6TXF9,46731.A0A3M6U282,46731.A0A3M6U3V6,46731.A0A3M6U410,46731.A0A3M6U514,46731.A0A3M6U534,46731.A0A3M6U5P1,46731.A0A3M6UA15,46731.A0A3M6UCD4,46731.A0A3M6UE91,46731.A0A3M6UHV1,46731.A0A3M6UKH7,46731.A0A3M6UN43,46731.A0A3M6UP66,46731.A0A3M6UPN3,46731.A0A3M6UQ65,46731.A0A3M6UTY2,46731.A0A3M6UUA5,46731.A0A3M6UX77,46731.A0A3M6UXE6,46731.A0A3M6UYJ5,46731.A0A3M6V163,46731.A0A3M6V233,46731.A0A3M6V3N6,46731.A0A3M6V437	pdam_00003812,pdam_00000942,pdam_00024112,pdam_00019240,pdam_00022332,pdam_00021264,pdam_00009882,pdam_00003243,pdam_00008875,pdam_00020945,pdam_00002566,pdam_00006023,pdam_00024751,pdam_00012953,pdam_00001999,pdam_00015117,pdam_00016306,pdam_00005465,pdam_00001629,pdam_00014306,pdam_00008319,pdam_00008746,pdam_00011385,pdam_00004748,pdam_00016528,pdam_00013135,pdam_00007253,pdam_00007416,pdam_00001685,pdam_00020910,pdam_00006176,pdam_00010567,pdam_00000141,pdam_00000230,pdam_00019448,pdam_00010501,pdam_00019310,pdam_00001382,pdam_00013749
GO Process	GO:0051716	Cellular response to stimulus	116	3506	0.17	0.36	0.0086	46731.A0A3M6T469,46731.A0A3M6T4I9,46731.A0A3M6T4L6,46731.A0A3M6T6R5,46731.A0A3M6T740,46731.A0A3M6T7B9,46731.A0A3M6T7Q3,46731.A0A3M6T8D5,46731.A0A3M6T989,46731.A0A3M6TA47,46731.A0A3M6TC03,46731.A0A3M6TC14,46731.A0A3M6TCK6,46731.A0A3M6TE42,46731.A0A3M6TFP7,46731.A0A3M6TGX4,46731.A0A3M6TIX2,46731.A0A3M6TJA9,46731.A0A3M6TJM8,46731.A0A3M6TJR0,46731.A0A3M6TLH9,46731.A0A3M6TMH4,46731.A0A3M6TN24,46731.A0A3M6TP11,46731.A0A3M6TP39,46731.A0A3M6TP40,46731.A0A3M6TPB9,46731.A0A3M6TPE5,46731.A0A3M6TR98,46731.A0A3M6TRA4,46731.A0A3M6TRS1,46731.A0A3M6TRV9,46731.A0A3M6TS69,46731.A0A3M6TSH4,46731.A0A3M6TSU9,46731.A0A3M6TTL2,46731.A0A3M6TTX1,46731.A0A3M6TXE2,46731.A0A3M6TXF9,46731.A0A3M6TYP5,46731.A0A3M6TYX6,46731.A0A3M6TZY0,46731.A0A3M6U075,46731.A0A3M6U1F0,46731.A0A3M6U1M9,46731.A0A3M6U1X3,46731.A0A3M6U2S6,46731.A0A3M6U4P7,46731.A0A3M6U514,46731.A0A3M6U5P1,46731.A0A3M6U5U1,46731.A0A3M6U6B4,46731.A0A3M6U6L2,46731.A0A3M6U801,46731.A0A3M6U9B2,46731.A0A3M6U9J8,46731.A0A3M6U9R7,46731.A0A3M6UA33,46731.A0A3M6UA46,46731.A0A3M6UAI7,46731.A0A3M6UBD2,46731.A0A3M6UBT4,46731.A0A3M6UC85,46731.A0A3M6UCE4,46731.A0A3M6UCW9,46731.A0A3M6UD71,46731.A0A3M6UD80,46731.A0A3M6UDH3,46731.A0A3M6UE64,46731.A0A3M6UEC4,46731.A0A3M6UFC0,46731.A0A3M6UGZ0,46731.A0A3M6UJ26,46731.A0A3M6UJC4,46731.A0A3M6UJD7,46731.A0A3M6UK77,46731.A0A3M6UKH7,46731.A0A3M6UKS2,46731.A0A3M6UL04,46731.A0A3M6UP50,46731.A0A3M6UPM0,46731.A0A3M6UPX3,46731.A0A3M6UQ65,46731.A0A3M6UQF8,46731.A0A3M6UQY5,46731.A0A3M6URM2,46731.A0A3M6UT39,46731.A0A3M6UTG1,46731.A0A3M6UTH2,46731.A0A3M6UTK8,46731.A0A3M6UUJ0,46731.A0A3M6UUU6,46731.A0A3M6UVJ8,46731.A0A3M6UVS6,46731.A0A3M6UX15,46731.A0A3M6UX67,46731.A0A3M6UXL1,46731.A0A3M6UXQ5,46731.A0A3M6UXY1,46731.A0A3M6UY01,46731.A0A3M6UY03,46731.A0A3M6UY57,46731.A0A3M6UZU9,46731.A0A3M6V014,46731.A0A3M6V043,46731.A0A3M6V0M3,46731.A0A3M6V0M4,46731.A0A3M6V112,46731.A0A3M6V1R6,46731.A0A3M6V2K6,46731.A0A3M6V433,46731.A0A3M6V437,46731.A0A3M6V5J3,46731.A0A3M6V5L3,46731.A0A3M6V6E6,46731.A0A3M6V6Y7	pdam_00019771,pdam_00019775,pdam_00021762,pdam_00005028,pdam_00011425,pdam_00008954,pdam_00008942,pdam_00007894,pdam_00009047,pdam_00003331,pdam_00013976,pdam_00018924,pdam_00020527,pdam_00003998,pdam_00014342,pdam_00009882,pdam_00018331,pdam_00013055,pdam_00008873,pdam_00008664,pdam_00009842,pdam_00010278,pdam_00021905,pdam_00006892,pdam_00009747,pdam_00009749,pdam_00009755,pdam_00014570,pdam_00019744,pdam_00011267,pdam_00019812,pdam_00002481,pdam_00002504,pdam_00011202,pdam_00018862,pdam_00019151,pdam_00020312,pdam_00001994,pdam_00001999,pdam_00018713,pdam_00025531,pdam_00019558,pdam_00009596,pdam_00002160,pdam_00002103,pdam_00002197,pdam_00005366,pdam_00018611,pdam_00001629,pdam_00008319,pdam_00008323,pdam_00003881,pdam_00005823,pdam_00009141,pdam_00002898,pdam_00006946,pdam_00010457,pdam_00018312,pdam_00009240,pdam_00021435,pdam_00022881,pdam_00018446,pdam_00004709,pdam_00011355,pdam_00012628,pdam_00014839,pdam_00023258,pdam_00010330,pdam_00012184,pdam_00003765,pdam_00010348,pdam_00010949,pdam_00000365,pdam_00000406,pdam_00000305,pdam_00013137,pdam_00013135,pdam_00011963,pdam_00013149,pdam_00010145,pdam_00001658,pdam_00019095,pdam_00020910,pdam_00006283,pdam_00021725,pdam_00015886,pdam_00014942,pdam_00016963,pdam_00016974,pdam_00002445,pdam_00016972,pdam_00016013,pdam_00015895,pdam_00006958,pdam_00000134,pdam_00000018,pdam_00020643,pdam_00012504,pdam_00022056,pdam_00010753,pdam_00020868,pdam_00006434,pdam_00007729,pdam_00005709,pdam_00011879,pdam_00013047,pdam_00009797,pdam_00010508,pdam_00020461,pdam_00004523,pdam_00019960,pdam_00013749,pdam_00024080,pdam_00003479,pdam_00003579,pdam_00020432
GO Process	GO:0065007	Biological regulation	214	7387	0.11	0.34	0.0086	46731.A0A3M6T469,46731.A0A3M6T4I9,46731.A0A3M6T4L6,46731.A0A3M6T4X8,46731.A0A3M6T535,46731.A0A3M6T579,46731.A0A3M6T6M6,46731.A0A3M6T6R5,46731.A0A3M6T740,46731.A0A3M6T743,46731.A0A3M6T7B9,46731.A0A3M6T7Q3,46731.A0A3M6T7U5,46731.A0A3M6T862,46731.A0A3M6T8D5,46731.A0A3M6T8S7,46731.A0A3M6T989,46731.A0A3M6T9I5,46731.A0A3M6TA47,46731.A0A3M6TAC6,46731.A0A3M6TB45,46731.A0A3M6TC03,46731.A0A3M6TC09,46731.A0A3M6TCG5,46731.A0A3M6TCK6,46731.A0A3M6TCN4,46731.A0A3M6TD44,46731.A0A3M6TDI1,46731.A0A3M6TDQ9,46731.A0A3M6TE42,46731.A0A3M6TE51,46731.A0A3M6TEE2,46731.A0A3M6TF35,46731.A0A3M6TF63,46731.A0A3M6TFP7,46731.A0A3M6TG34,46731.A0A3M6TGL6,46731.A0A3M6TGX4,46731.A0A3M6THC8,46731.A0A3M6TII5,46731.A0A3M6TIM5,46731.A0A3M6TIX2,46731.A0A3M6TJA9,46731.A0A3M6TJM8,46731.A0A3M6TJR0,46731.A0A3M6TLH9,46731.A0A3M6TLR3,46731.A0A3M6TM85,46731.A0A3M6TMH4,46731.A0A3M6TNX2,46731.A0A3M6TP11,46731.A0A3M6TP39,46731.A0A3M6TP40,46731.A0A3M6TPE5,46731.A0A3M6TQG4,46731.A0A3M6TR46,46731.A0A3M6TR98,46731.A0A3M6TRA4,46731.A0A3M6TRR8,46731.A0A3M6TRS1,46731.A0A3M6TRV9,46731.A0A3M6TS69,46731.A0A3M6TSH4,46731.A0A3M6TSU5,46731.A0A3M6TTK5,46731.A0A3M6TTL2,46731.A0A3M6TTT0,46731.A0A3M6TTX1,46731.A0A3M6TUB8,46731.A0A3M6TVA7,46731.A0A3M6TVP0,46731.A0A3M6TVW6,46731.A0A3M6TVY8,46731.A0A3M6TW06,46731.A0A3M6TWB6,46731.A0A3M6TXE2,46731.A0A3M6TXF9,46731.A0A3M6TXH6,46731.A0A3M6TZ57,46731.A0A3M6TZ66,46731.A0A3M6TZP6,46731.A0A3M6TZY0,46731.A0A3M6U075,46731.A0A3M6U0S2,46731.A0A3M6U1M9,46731.A0A3M6U282,46731.A0A3M6U2S6,46731.A0A3M6U333,46731.A0A3M6U354,46731.A0A3M6U3D8,46731.A0A3M6U3F2,46731.A0A3M6U3Q4,46731.A0A3M6U474,46731.A0A3M6U4I6,46731.A0A3M6U4K2,46731.A0A3M6U4P7,46731.A0A3M6U514,46731.A0A3M6U5P1,46731.A0A3M6U5Q6,46731.A0A3M6U5U1,46731.A0A3M6U600,46731.A0A3M6U679,46731.A0A3M6U6B4,46731.A0A3M6U6L2,46731.A0A3M6U738,46731.A0A3M6U801,46731.A0A3M6U868,46731.A0A3M6U8M7,46731.A0A3M6U922,46731.A0A3M6U997,46731.A0A3M6U9B2,46731.A0A3M6U9J8,46731.A0A3M6U9M7,46731.A0A3M6UA46,46731.A0A3M6UAI7,46731.A0A3M6UB88,46731.A0A3M6UBR6,46731.A0A3M6UC87,46731.A0A3M6UCE4,46731.A0A3M6UCR6,46731.A0A3M6UCW9,46731.A0A3M6UD71,46731.A0A3M6UD80,46731.A0A3M6UD97,46731.A0A3M6UDF4,46731.A0A3M6UDH3,46731.A0A3M6UDR8,46731.A0A3M6UE64,46731.A0A3M6UEC4,46731.A0A3M6UEL8,46731.A0A3M6UF13,46731.A0A3M6UFC0,46731.A0A3M6UGP9,46731.A0A3M6UGZ0,46731.A0A3M6UJ26,46731.A0A3M6UJC4,46731.A0A3M6UJD7,46731.A0A3M6UJK3,46731.A0A3M6UJT2,46731.A0A3M6UK60,46731.A0A3M6UK77,46731.A0A3M6UKH7,46731.A0A3M6UKS2,46731.A0A3M6UKT9,46731.A0A3M6UL04,46731.A0A3M6UM02,46731.A0A3M6UM05,46731.A0A3M6UN27,46731.A0A3M6UP50,46731.A0A3M6UP66,46731.A0A3M6UPA5,46731.A0A3M6UPM0,46731.A0A3M6UPN3,46731.A0A3M6UPS0,46731.A0A3M6UPX3,46731.A0A3M6UQ65,46731.A0A3M6UQF8,46731.A0A3M6UQY5,46731.A0A3M6URL1,46731.A0A3M6URM2,46731.A0A3M6US90,46731.A0A3M6USA1,46731.A0A3M6UST0,46731.A0A3M6UT39,46731.A0A3M6UTG1,46731.A0A3M6UTH2,46731.A0A3M6UTK8,46731.A0A3M6UUA5,46731.A0A3M6UUJ0,46731.A0A3M6UUR3,46731.A0A3M6UUU6,46731.A0A3M6UV57,46731.A0A3M6UV64,46731.A0A3M6UVS6,46731.A0A3M6UX15,46731.A0A3M6UX67,46731.A0A3M6UX77,46731.A0A3M6UXL1,46731.A0A3M6UXQ5,46731.A0A3M6UXY1,46731.A0A3M6UY03,46731.A0A3M6UY57,46731.A0A3M6UYC5,46731.A0A3M6UYN2,46731.A0A3M6UYQ2,46731.A0A3M6UZ72,46731.A0A3M6UZ79,46731.A0A3M6UZH4,46731.A0A3M6V014,46731.A0A3M6V043,46731.A0A3M6V0M3,46731.A0A3M6V0M4,46731.A0A3M6V112,46731.A0A3M6V149,46731.A0A3M6V163,46731.A0A3M6V1A9,46731.A0A3M6V1P6,46731.A0A3M6V1R6,46731.A0A3M6V1U3,46731.A0A3M6V233,46731.A0A3M6V2K6,46731.A0A3M6V333,46731.A0A3M6V3N6,46731.A0A3M6V433,46731.A0A3M6V437,46731.A0A3M6V4M7,46731.A0A3M6V4Q7,46731.A0A3M6V5J3,46731.A0A3M6V5L3,46731.A0A3M6V685,46731.A0A3M6V6E6,46731.A0A3M6V6H2,46731.A0A3M6V6P0,46731.A0A3M6V6Y7	pdam_00019771,pdam_00019775,pdam_00021762,pdam_00005198,pdam_00010041,pdam_00010052,pdam_00005030,pdam_00005028,pdam_00011425,pdam_00015760,pdam_00008954,pdam_00008942,pdam_00024112,pdam_00007904,pdam_00007894,pdam_00006607,pdam_00009047,pdam_00003095,pdam_00003331,pdam_00011807,pdam_00010221,pdam_00013976,pdam_00025221,pdam_00019240,pdam_00020527,pdam_00024696,pdam_00013531,pdam_00017899,pdam_00015588,pdam_00003998,pdam_00003972,pdam_00022332,pdam_00021264,pdam_00023615,pdam_00014342,pdam_00008696,pdam_00022449,pdam_00009882,pdam_00006544,pdam_00003243,pdam_00003245,pdam_00018331,pdam_00013055,pdam_00008873,pdam_00008664,pdam_00009842,pdam_00004906,pdam_00010901,pdam_00010278,pdam_00001834,pdam_00006892,pdam_00009747,pdam_00009749,pdam_00014570,pdam_00001907,pdam_00017847,pdam_00019744,pdam_00011267,pdam_00002566,pdam_00019812,pdam_00002481,pdam_00002504,pdam_00011202,pdam_00006038,pdam_00009168,pdam_00019151,pdam_00019142,pdam_00020312,pdam_00022511,pdam_00000799,pdam_00000790,pdam_00012938,pdam_00008450,pdam_00013103,pdam_00013121,pdam_00001994,pdam_00001999,pdam_00009377,pdam_00022323,pdam_00021578,pdam_00007649,pdam_00019558,pdam_00009596,pdam_00023283,pdam_00002103,pdam_00015117,pdam_00005366,pdam_00002647,pdam_00002640,pdam_00015376,pdam_00005357,pdam_00005410,pdam_00015189,pdam_00019604,pdam_00008028,pdam_00018611,pdam_00001629,pdam_00008319,pdam_00008267,pdam_00008323,pdam_00018100,pdam_00022745,pdam_00003881,pdam_00005823,pdam_00013356,pdam_00009141,pdam_00024741,pdam_00013948,pdam_00004790,pdam_00017207,pdam_00002898,pdam_00006946,pdam_00006940,pdam_00009240,pdam_00021435,pdam_00015434,pdam_00021990,pdam_00004657,pdam_00011355,pdam_00004682,pdam_00012628,pdam_00014839,pdam_00023258,pdam_00020298,pdam_00008096,pdam_00010330,pdam_00020297,pdam_00012184,pdam_00003765,pdam_00003682,pdam_00007963,pdam_00010348,pdam_00019289,pdam_00010949,pdam_00000365,pdam_00000406,pdam_00000305,pdam_00023034,pdam_00010732,pdam_00000404,pdam_00013137,pdam_00013135,pdam_00011963,pdam_00014915,pdam_00013149,pdam_00009346,pdam_00013884,pdam_00019689,pdam_00010145,pdam_00007416,pdam_00019376,pdam_00001658,pdam_00001685,pdam_00025177,pdam_00019095,pdam_00020910,pdam_00006283,pdam_00021725,pdam_00011459,pdam_00015886,pdam_00002396,pdam_00008862,pdam_00002428,pdam_00014942,pdam_00016963,pdam_00016974,pdam_00002445,pdam_00010567,pdam_00016972,pdam_00007005,pdam_00016013,pdam_00024234,pdam_00005757,pdam_00006958,pdam_00000134,pdam_00000018,pdam_00000141,pdam_00020643,pdam_00012504,pdam_00022056,pdam_00020868,pdam_00006434,pdam_00022560,pdam_00009514,pdam_00021425,pdam_00018839,pdam_00006465,pdam_00009956,pdam_00005709,pdam_00011879,pdam_00013047,pdam_00009797,pdam_00010508,pdam_00010490,pdam_00010501,pdam_00014013,pdam_00020116,pdam_00020461,pdam_00001150,pdam_00019310,pdam_00004523,pdam_00017995,pdam_00001382,pdam_00019960,pdam_00013749,pdam_00003499,pdam_00003489,pdam_00024080,pdam_00003479,pdam_00003560,pdam_00003579,pdam_00005624,pdam_00003527,pdam_00020432
GO Process	GO:0098655	Cation transmembrane transport	34	667	0.36	0.41	0.0086	46731.A0A3M6T4G8,46731.A0A3M6T6B6,46731.A0A3M6T7U5,46731.A0A3M6TCG5,46731.A0A3M6TEE2,46731.A0A3M6TF35,46731.A0A3M6TGX4,46731.A0A3M6TII5,46731.A0A3M6TL36,46731.A0A3M6TRR8,46731.A0A3M6TSX7,46731.A0A3M6TTQ7,46731.A0A3M6TXF9,46731.A0A3M6U282,46731.A0A3M6U3V6,46731.A0A3M6U410,46731.A0A3M6U534,46731.A0A3M6U5P1,46731.A0A3M6UCD4,46731.A0A3M6UE91,46731.A0A3M6UHV1,46731.A0A3M6UKH7,46731.A0A3M6UN43,46731.A0A3M6UP66,46731.A0A3M6UPN3,46731.A0A3M6UQ65,46731.A0A3M6UTY2,46731.A0A3M6UUA5,46731.A0A3M6UX77,46731.A0A3M6UXE6,46731.A0A3M6V163,46731.A0A3M6V233,46731.A0A3M6V3N6,46731.A0A3M6V437	pdam_00003812,pdam_00000942,pdam_00024112,pdam_00019240,pdam_00022332,pdam_00021264,pdam_00009882,pdam_00003243,pdam_00020945,pdam_00002566,pdam_00006023,pdam_00024751,pdam_00001999,pdam_00015117,pdam_00016306,pdam_00005465,pdam_00014306,pdam_00008319,pdam_00011385,pdam_00004748,pdam_00016528,pdam_00013135,pdam_00007253,pdam_00007416,pdam_00001685,pdam_00020910,pdam_00006176,pdam_00010567,pdam_00000141,pdam_00000230,pdam_00010501,pdam_00019310,pdam_00001382,pdam_00013749
GO Process	GO:0055085	Transmembrane transport	52	1244	0.27	0.38	0.0088	46731.A0A3M6T4G8,46731.A0A3M6T5B6,46731.A0A3M6T6B6,46731.A0A3M6T7U5,46731.A0A3M6T856,46731.A0A3M6TCG5,46731.A0A3M6TEE2,46731.A0A3M6TF35,46731.A0A3M6TGX4,46731.A0A3M6TII5,46731.A0A3M6TJR9,46731.A0A3M6TL36,46731.A0A3M6TNR8,46731.A0A3M6TRR8,46731.A0A3M6TSX7,46731.A0A3M6TTQ7,46731.A0A3M6TVZ9,46731.A0A3M6TXF9,46731.A0A3M6U0A4,46731.A0A3M6U282,46731.A0A3M6U376,46731.A0A3M6U3V6,46731.A0A3M6U410,46731.A0A3M6U514,46731.A0A3M6U534,46731.A0A3M6U5P1,46731.A0A3M6U5X5,46731.A0A3M6UA15,46731.A0A3M6UCD4,46731.A0A3M6UE91,46731.A0A3M6UHV1,46731.A0A3M6UKH7,46731.A0A3M6ULQ8,46731.A0A3M6UN43,46731.A0A3M6UP66,46731.A0A3M6UPN3,46731.A0A3M6UQ65,46731.A0A3M6USY5,46731.A0A3M6UTY2,46731.A0A3M6UUA5,46731.A0A3M6UWF2,46731.A0A3M6UX77,46731.A0A3M6UXE6,46731.A0A3M6UYJ5,46731.A0A3M6UYX5,46731.A0A3M6V163,46731.A0A3M6V233,46731.A0A3M6V237,46731.A0A3M6V3K7,46731.A0A3M6V3N6,46731.A0A3M6V437,46731.A0A3M6V6W1	pdam_00003812,pdam_00019229,pdam_00000942,pdam_00024112,pdam_00012826,pdam_00019240,pdam_00022332,pdam_00021264,pdam_00009882,pdam_00003243,pdam_00008875,pdam_00020945,pdam_00015296,pdam_00002566,pdam_00006023,pdam_00024751,pdam_00012953,pdam_00001999,pdam_00021008,pdam_00015117,pdam_00005392,pdam_00016306,pdam_00005465,pdam_00001629,pdam_00014306,pdam_00008319,pdam_00023499,pdam_00008746,pdam_00011385,pdam_00004748,pdam_00016528,pdam_00013135,pdam_00014105,pdam_00007253,pdam_00007416,pdam_00001685,pdam_00020910,pdam_00009924,pdam_00006176,pdam_00010567,pdam_00004989,pdam_00000141,pdam_00000230,pdam_00019448,pdam_00022185,pdam_00010501,pdam_00019310,pdam_00010488,pdam_00001411,pdam_00001382,pdam_00013749,pdam_00013736
GO Process	GO:0098609	Cell-cell adhesion	12	114	0.67	0.47	0.0088	46731.A0A3M6TD71,46731.A0A3M6TDQ9,46731.A0A3M6TR98,46731.A0A3M6UIJ6,46731.A0A3M6UKT9,46731.A0A3M6UPC4,46731.A0A3M6UPX3,46731.A0A3M6URA4,46731.A0A3M6UXH5,46731.A0A3M6UYG4,46731.A0A3M6V433,46731.A0A3M6V4Q7	pdam_00016741,pdam_00015588,pdam_00019744,pdam_00018698,pdam_00014915,pdam_00013313,pdam_00019095,pdam_00011678,pdam_00000057,pdam_00009511,pdam_00019960,pdam_00003489
GO Process	GO:0098662	Inorganic cation transmembrane transport	28	547	0.36	0.33	0.0282	46731.A0A3M6T4G8,46731.A0A3M6T6B6,46731.A0A3M6T7U5,46731.A0A3M6TCG5,46731.A0A3M6TEE2,46731.A0A3M6TF35,46731.A0A3M6TII5,46731.A0A3M6TRR8,46731.A0A3M6TSX7,46731.A0A3M6TTQ7,46731.A0A3M6TXF9,46731.A0A3M6U282,46731.A0A3M6U3V6,46731.A0A3M6U410,46731.A0A3M6U534,46731.A0A3M6UCD4,46731.A0A3M6UHV1,46731.A0A3M6UKH7,46731.A0A3M6UN43,46731.A0A3M6UP66,46731.A0A3M6UPN3,46731.A0A3M6UTY2,46731.A0A3M6UUA5,46731.A0A3M6UX77,46731.A0A3M6UXE6,46731.A0A3M6V163,46731.A0A3M6V233,46731.A0A3M6V3N6	pdam_00003812,pdam_00000942,pdam_00024112,pdam_00019240,pdam_00022332,pdam_00021264,pdam_00003243,pdam_00002566,pdam_00006023,pdam_00024751,pdam_00001999,pdam_00015117,pdam_00016306,pdam_00005465,pdam_00014306,pdam_00011385,pdam_00016528,pdam_00013135,pdam_00007253,pdam_00007416,pdam_00001685,pdam_00006176,pdam_00010567,pdam_00000141,pdam_00000230,pdam_00010501,pdam_00019310,pdam_00001382
GO Process	GO:0007165	Signal transduction	89	2655	0.17	0.28	0.0344	46731.A0A3M6T469,46731.A0A3M6T4I9,46731.A0A3M6T4L6,46731.A0A3M6T6R5,46731.A0A3M6T740,46731.A0A3M6T7B9,46731.A0A3M6T7Q3,46731.A0A3M6T8D5,46731.A0A3M6T989,46731.A0A3M6TA47,46731.A0A3M6TC03,46731.A0A3M6TCK6,46731.A0A3M6TFP7,46731.A0A3M6TGX4,46731.A0A3M6TIX2,46731.A0A3M6TJA9,46731.A0A3M6TJM8,46731.A0A3M6TJR0,46731.A0A3M6TLH9,46731.A0A3M6TMH4,46731.A0A3M6TP39,46731.A0A3M6TP40,46731.A0A3M6TPE5,46731.A0A3M6TR98,46731.A0A3M6TRA4,46731.A0A3M6TRS1,46731.A0A3M6TRV9,46731.A0A3M6TS69,46731.A0A3M6TSH4,46731.A0A3M6TTL2,46731.A0A3M6TTX1,46731.A0A3M6TXE2,46731.A0A3M6TXF9,46731.A0A3M6TZY0,46731.A0A3M6U075,46731.A0A3M6U1M9,46731.A0A3M6U2S6,46731.A0A3M6U4P7,46731.A0A3M6U514,46731.A0A3M6U5P1,46731.A0A3M6U5U1,46731.A0A3M6U6B4,46731.A0A3M6U6L2,46731.A0A3M6U801,46731.A0A3M6U9B2,46731.A0A3M6U9J8,46731.A0A3M6UA46,46731.A0A3M6UAI7,46731.A0A3M6UCW9,46731.A0A3M6UD71,46731.A0A3M6UD80,46731.A0A3M6UDH3,46731.A0A3M6UFC0,46731.A0A3M6UGZ0,46731.A0A3M6UJ26,46731.A0A3M6UJC4,46731.A0A3M6UJD7,46731.A0A3M6UK77,46731.A0A3M6UKS2,46731.A0A3M6UL04,46731.A0A3M6UP50,46731.A0A3M6UPM0,46731.A0A3M6UPX3,46731.A0A3M6UQ65,46731.A0A3M6UQF8,46731.A0A3M6URM2,46731.A0A3M6UT39,46731.A0A3M6UTG1,46731.A0A3M6UTH2,46731.A0A3M6UTK8,46731.A0A3M6UUJ0,46731.A0A3M6UUU6,46731.A0A3M6UX67,46731.A0A3M6UXL1,46731.A0A3M6UXQ5,46731.A0A3M6UXY1,46731.A0A3M6UY03,46731.A0A3M6UY57,46731.A0A3M6V043,46731.A0A3M6V0M3,46731.A0A3M6V0M4,46731.A0A3M6V112,46731.A0A3M6V1R6,46731.A0A3M6V2K6,46731.A0A3M6V433,46731.A0A3M6V437,46731.A0A3M6V5L3,46731.A0A3M6V6E6,46731.A0A3M6V6Y7	pdam_00019771,pdam_00019775,pdam_00021762,pdam_00005028,pdam_00011425,pdam_00008954,pdam_00008942,pdam_00007894,pdam_00009047,pdam_00003331,pdam_00013976,pdam_00020527,pdam_00014342,pdam_00009882,pdam_00018331,pdam_00013055,pdam_00008873,pdam_00008664,pdam_00009842,pdam_00010278,pdam_00009747,pdam_00009749,pdam_00014570,pdam_00019744,pdam_00011267,pdam_00019812,pdam_00002481,pdam_00002504,pdam_00011202,pdam_00019151,pdam_00020312,pdam_00001994,pdam_00001999,pdam_00019558,pdam_00009596,pdam_00002103,pdam_00005366,pdam_00018611,pdam_00001629,pdam_00008319,pdam_00008323,pdam_00003881,pdam_00005823,pdam_00009141,pdam_00002898,pdam_00006946,pdam_00009240,pdam_00021435,pdam_00012628,pdam_00014839,pdam_00023258,pdam_00010330,pdam_00010348,pdam_00010949,pdam_00000365,pdam_00000406,pdam_00000305,pdam_00013137,pdam_00011963,pdam_00013149,pdam_00010145,pdam_00001658,pdam_00019095,pdam_00020910,pdam_00006283,pdam_00015886,pdam_00014942,pdam_00016963,pdam_00016974,pdam_00002445,pdam_00016972,pdam_00016013,pdam_00000018,pdam_00020643,pdam_00012504,pdam_00022056,pdam_00020868,pdam_00006434,pdam_00011879,pdam_00013047,pdam_00009797,pdam_00010508,pdam_00020461,pdam_00004523,pdam_00019960,pdam_00013749,pdam_00003479,pdam_00003579,pdam_00020432
GO Process	GO:0030001	Metal ion transport	27	527	0.36	0.31	0.0344	46731.A0A3M6T4G8,46731.A0A3M6T6B6,46731.A0A3M6T7U5,46731.A0A3M6TCG5,46731.A0A3M6TEE2,46731.A0A3M6TF35,46731.A0A3M6TII5,46731.A0A3M6TRR8,46731.A0A3M6TTQ7,46731.A0A3M6TXF9,46731.A0A3M6U282,46731.A0A3M6U3V6,46731.A0A3M6U410,46731.A0A3M6UCD4,46731.A0A3M6UHV1,46731.A0A3M6UKH7,46731.A0A3M6UN43,46731.A0A3M6UP66,46731.A0A3M6UPN3,46731.A0A3M6UTY2,46731.A0A3M6UUA5,46731.A0A3M6UX77,46731.A0A3M6UXE6,46731.A0A3M6UYN2,46731.A0A3M6V163,46731.A0A3M6V233,46731.A0A3M6V3N6	pdam_00003812,pdam_00000942,pdam_00024112,pdam_00019240,pdam_00022332,pdam_00021264,pdam_00003243,pdam_00002566,pdam_00024751,pdam_00001999,pdam_00015117,pdam_00016306,pdam_00005465,pdam_00011385,pdam_00016528,pdam_00013135,pdam_00007253,pdam_00007416,pdam_00001685,pdam_00006176,pdam_00010567,pdam_00000141,pdam_00000230,pdam_00009514,pdam_00010501,pdam_00019310,pdam_00001382
GO Process	GO:0098660	Inorganic ion transmembrane transport	30	629	0.33	0.29	0.0426	46731.A0A3M6T4G8,46731.A0A3M6T6B6,46731.A0A3M6T7U5,46731.A0A3M6TCG5,46731.A0A3M6TEE2,46731.A0A3M6TF35,46731.A0A3M6TII5,46731.A0A3M6TRR8,46731.A0A3M6TSX7,46731.A0A3M6TTQ7,46731.A0A3M6TXF9,46731.A0A3M6U282,46731.A0A3M6U3V6,46731.A0A3M6U410,46731.A0A3M6U514,46731.A0A3M6U534,46731.A0A3M6UA15,46731.A0A3M6UCD4,46731.A0A3M6UHV1,46731.A0A3M6UKH7,46731.A0A3M6UN43,46731.A0A3M6UP66,46731.A0A3M6UPN3,46731.A0A3M6UTY2,46731.A0A3M6UUA5,46731.A0A3M6UX77,46731.A0A3M6UXE6,46731.A0A3M6V163,46731.A0A3M6V233,46731.A0A3M6V3N6	pdam_00003812,pdam_00000942,pdam_00024112,pdam_00019240,pdam_00022332,pdam_00021264,pdam_00003243,pdam_00002566,pdam_00006023,pdam_00024751,pdam_00001999,pdam_00015117,pdam_00016306,pdam_00005465,pdam_00001629,pdam_00014306,pdam_00008746,pdam_00011385,pdam_00016528,pdam_00013135,pdam_00007253,pdam_00007416,pdam_00001685,pdam_00006176,pdam_00010567,pdam_00000141,pdam_00000230,pdam_00010501,pdam_00019310,pdam_00001382
GO Function	GO:0005488	Binding	290	10210	0.1	0.43	0.00047	46731.A0A3M6T467,46731.A0A3M6T4G8,46731.A0A3M6T4L6,46731.A0A3M6T4X8,46731.A0A3M6T535,46731.A0A3M6T579,46731.A0A3M6T6M6,46731.A0A3M6T6R5,46731.A0A3M6T743,46731.A0A3M6T7B9,46731.A0A3M6T7Q3,46731.A0A3M6T7U5,46731.A0A3M6T8D5,46731.A0A3M6T989,46731.A0A3M6T9I5,46731.A0A3M6T9T7,46731.A0A3M6TA20,46731.A0A3M6TAC6,46731.A0A3M6TB15,46731.A0A3M6TB45,46731.A0A3M6TBK3,46731.A0A3M6TC03,46731.A0A3M6TC09,46731.A0A3M6TC14,46731.A0A3M6TC30,46731.A0A3M6TC94,46731.A0A3M6TCG5,46731.A0A3M6TCK6,46731.A0A3M6TCN4,46731.A0A3M6TD44,46731.A0A3M6TD71,46731.A0A3M6TDI1,46731.A0A3M6TDN3,46731.A0A3M6TDQ5,46731.A0A3M6TDQ9,46731.A0A3M6TE42,46731.A0A3M6TE44,46731.A0A3M6TEC5,46731.A0A3M6TF35,46731.A0A3M6TF63,46731.A0A3M6TFJ9,46731.A0A3M6TFZ9,46731.A0A3M6TG13,46731.A0A3M6TG34,46731.A0A3M6TG77,46731.A0A3M6TGB4,46731.A0A3M6TGK8,46731.A0A3M6TGZ5,46731.A0A3M6THC4,46731.A0A3M6THC8,46731.A0A3M6THE2,46731.A0A3M6TI01,46731.A0A3M6TII5,46731.A0A3M6TIJ7,46731.A0A3M6TIM5,46731.A0A3M6TIX2,46731.A0A3M6TJ31,46731.A0A3M6TJA9,46731.A0A3M6TJM8,46731.A0A3M6TJP1,46731.A0A3M6TKB8,46731.A0A3M6TKC4,46731.A0A3M6TKJ7,46731.A0A3M6TKP1,46731.A0A3M6TKW8,46731.A0A3M6TKX7,46731.A0A3M6TLH9,46731.A0A3M6TLI2,46731.A0A3M6TLN5,46731.A0A3M6TLR3,46731.A0A3M6TM85,46731.A0A3M6TMA0,46731.A0A3M6TMM2,46731.A0A3M6TN24,46731.A0A3M6TNA5,46731.A0A3M6TNX2,46731.A0A3M6TP09,46731.A0A3M6TP11,46731.A0A3M6TP71,46731.A0A3M6TPB9,46731.A0A3M6TPY8,46731.A0A3M6TQ51,46731.A0A3M6TQG4,46731.A0A3M6TR27,46731.A0A3M6TR46,46731.A0A3M6TR98,46731.A0A3M6TRA4,46731.A0A3M6TRH7,46731.A0A3M6TRS1,46731.A0A3M6TRS5,46731.A0A3M6TRV9,46731.A0A3M6TS39,46731.A0A3M6TSB3,46731.A0A3M6TSF0,46731.A0A3M6TSH4,46731.A0A3M6TSI3,46731.A0A3M6TSU5,46731.A0A3M6TSU9,46731.A0A3M6TTE1,46731.A0A3M6TTI1,46731.A0A3M6TTK5,46731.A0A3M6TTQ7,46731.A0A3M6TTS8,46731.A0A3M6TTT0,46731.A0A3M6TTX1,46731.A0A3M6TU12,46731.A0A3M6TUB8,46731.A0A3M6TVB9,46731.A0A3M6TVF5,46731.A0A3M6TVP0,46731.A0A3M6TVW6,46731.A0A3M6TVY8,46731.A0A3M6TW06,46731.A0A3M6TWB6,46731.A0A3M6TX49,46731.A0A3M6TXE0,46731.A0A3M6TXE2,46731.A0A3M6TXK3,46731.A0A3M6TYP5,46731.A0A3M6TYW8,46731.A0A3M6TYX6,46731.A0A3M6TZ19,46731.A0A3M6TZ66,46731.A0A3M6TZA4,46731.A0A3M6TZP6,46731.A0A3M6U028,46731.A0A3M6U075,46731.A0A3M6U083,46731.A0A3M6U0B8,46731.A0A3M6U0S2,46731.A0A3M6U0Z8,46731.A0A3M6U128,46731.A0A3M6U150,46731.A0A3M6U1F0,46731.A0A3M6U1R9,46731.A0A3M6U1X3,46731.A0A3M6U282,46731.A0A3M6U333,46731.A0A3M6U354,46731.A0A3M6U3D8,46731.A0A3M6U3L4,46731.A0A3M6U3V6,46731.A0A3M6U474,46731.A0A3M6U4I6,46731.A0A3M6U4K2,46731.A0A3M6U4P7,46731.A0A3M6U4V6,46731.A0A3M6U589,46731.A0A3M6U5Q6,46731.A0A3M6U5U1,46731.A0A3M6U6L2,46731.A0A3M6U738,46731.A0A3M6U762,46731.A0A3M6U7S8,46731.A0A3M6U7Z3,46731.A0A3M6U868,46731.A0A3M6U8F6,46731.A0A3M6U987,46731.A0A3M6U9B2,46731.A0A3M6U9C7,46731.A0A3M6U9M7,46731.A0A3M6U9R7,46731.A0A3M6U9V2,46731.A0A3M6UA15,46731.A0A3M6UA33,46731.A0A3M6UA46,46731.A0A3M6UB20,46731.A0A3M6UB88,46731.A0A3M6UBD2,46731.A0A3M6UBH9,46731.A0A3M6UBL7,46731.A0A3M6UBM6,46731.A0A3M6UBR6,46731.A0A3M6UBT4,46731.A0A3M6UC09,46731.A0A3M6UC85,46731.A0A3M6UCD4,46731.A0A3M6UCE4,46731.A0A3M6UCR6,46731.A0A3M6UD71,46731.A0A3M6UD80,46731.A0A3M6UDC3,46731.A0A3M6UDE1,46731.A0A3M6UDF4,46731.A0A3M6UDH3,46731.A0A3M6UE64,46731.A0A3M6UEC4,46731.A0A3M6UEF2,46731.A0A3M6UEL8,46731.A0A3M6UEY1,46731.A0A3M6UF13,46731.A0A3M6UFC0,46731.A0A3M6UG87,46731.A0A3M6UGP9,46731.A0A3M6UGY1,46731.A0A3M6UH30,46731.A0A3M6UHU6,46731.A0A3M6UHV1,46731.A0A3M6UIF2,46731.A0A3M6UIJ6,46731.A0A3M6UJC4,46731.A0A3M6UJD7,46731.A0A3M6UJK3,46731.A0A3M6UJT2,46731.A0A3M6UK60,46731.A0A3M6UKA8,46731.A0A3M6UKH7,46731.A0A3M6UKJ2,46731.A0A3M6UKM4,46731.A0A3M6UKT9,46731.A0A3M6ULG9,46731.A0A3M6ULW1,46731.A0A3M6UM02,46731.A0A3M6UM05,46731.A0A3M6UM15,46731.A0A3M6UMF7,46731.A0A3M6UN04,46731.A0A3M6UN27,46731.A0A3M6UN43,46731.A0A3M6UN47,46731.A0A3M6UP48,46731.A0A3M6UPA5,46731.A0A3M6UPC4,46731.A0A3M6UPD9,46731.A0A3M6UPS0,46731.A0A3M6UPX3,46731.A0A3M6UQ36,46731.A0A3M6UQY5,46731.A0A3M6URA4,46731.A0A3M6URI3,46731.A0A3M6URM2,46731.A0A3M6URV9,46731.A0A3M6US82,46731.A0A3M6US90,46731.A0A3M6USA1,46731.A0A3M6USL6,46731.A0A3M6UST0,46731.A0A3M6USZ5,46731.A0A3M6UT39,46731.A0A3M6UTD8,46731.A0A3M6UTG1,46731.A0A3M6UTK8,46731.A0A3M6UUR3,46731.A0A3M6UV57,46731.A0A3M6UVF1,46731.A0A3M6UVJ8,46731.A0A3M6UVW0,46731.A0A3M6UWF2,46731.A0A3M6UWG0,46731.A0A3M6UX15,46731.A0A3M6UX67,46731.A0A3M6UXH5,46731.A0A3M6UY01,46731.A0A3M6UY57,46731.A0A3M6UYF7,46731.A0A3M6UYG4,46731.A0A3M6UYN2,46731.A0A3M6UYQ2,46731.A0A3M6UYR9,46731.A0A3M6UZ79,46731.A0A3M6UZH4,46731.A0A3M6UZR0,46731.A0A3M6UZT3,46731.A0A3M6UZU9,46731.A0A3M6UZY6,46731.A0A3M6V014,46731.A0A3M6V043,46731.A0A3M6V082,46731.A0A3M6V112,46731.A0A3M6V1A9,46731.A0A3M6V1H8,46731.A0A3M6V1P6,46731.A0A3M6V1R6,46731.A0A3M6V1U3,46731.A0A3M6V1Y0,46731.A0A3M6V247,46731.A0A3M6V2A9,46731.A0A3M6V2T6,46731.A0A3M6V2Z0,46731.A0A3M6V333,46731.A0A3M6V3N6,46731.A0A3M6V433,46731.A0A3M6V4Q7,46731.A0A3M6V566,46731.A0A3M6V5D0,46731.A0A3M6V5I3,46731.A0A3M6V5J3,46731.A0A3M6V6H2,46731.A0A3M6V6I8,46731.A0A3M6V6P0	pdam_00022844,pdam_00003812,pdam_00021762,pdam_00005198,pdam_00010041,pdam_00010052,pdam_00005030,pdam_00005028,pdam_00015760,pdam_00008954,pdam_00008942,pdam_00024112,pdam_00007894,pdam_00009047,pdam_00003095,pdam_00003113,pdam_00003372,pdam_00011807,pdam_00008396,pdam_00010221,pdam_00005880,pdam_00013976,pdam_00025221,pdam_00018924,pdam_00018913,pdam_00008146,pdam_00019240,pdam_00020527,pdam_00024696,pdam_00013531,pdam_00016741,pdam_00017899,pdam_00005993,pdam_00005957,pdam_00015588,pdam_00003998,pdam_00004024,pdam_00022296,pdam_00021264,pdam_00023615,pdam_00002315,pdam_00008706,pdam_00008702,pdam_00008696,pdam_00022241,pdam_00009469,pdam_00007516,pdam_00019936,pdam_00006539,pdam_00006544,pdam_00006538,pdam_00011563,pdam_00003243,pdam_00013258,pdam_00003245,pdam_00018331,pdam_00013516,pdam_00013055,pdam_00008873,pdam_00025516,pdam_00015849,pdam_00005587,pdam_00012478,pdam_00020941,pdam_00001283,pdam_00001346,pdam_00009842,pdam_00001270,pdam_00009405,pdam_00004906,pdam_00010901,pdam_00004886,pdam_00011844,pdam_00021905,pdam_00005138,pdam_00001834,pdam_00015291,pdam_00006892,pdam_00006877,pdam_00009755,pdam_00001953,pdam_00010839,pdam_00001907,pdam_00006359,pdam_00017847,pdam_00019744,pdam_00011267,pdam_00012965,pdam_00019812,pdam_00015025,pdam_00002481,pdam_00002575,pdam_00005270,pdam_00016000,pdam_00011202,pdam_00020693,pdam_00006038,pdam_00018862,pdam_00012732,pdam_00006052,pdam_00009168,pdam_00024751,pdam_00002757,pdam_00019142,pdam_00020312,pdam_00012541,pdam_00022511,pdam_00000741,pdam_00000855,pdam_00000790,pdam_00012938,pdam_00008450,pdam_00013103,pdam_00013121,pdam_00024018,pdam_00009353,pdam_00001994,pdam_00007829,pdam_00018713,pdam_00019709,pdam_00025531,pdam_00023275,pdam_00021578,pdam_00015679,pdam_00007649,pdam_00009597,pdam_00009596,pdam_00009628,pdam_00023287,pdam_00023283,pdam_00012924,pdam_00012588,pdam_00012575,pdam_00002160,pdam_00019081,pdam_00002197,pdam_00015117,pdam_00002647,pdam_00002640,pdam_00015376,pdam_00015397,pdam_00016306,pdam_00015189,pdam_00019604,pdam_00008028,pdam_00018611,pdam_00001559,pdam_00001590,pdam_00008267,pdam_00008323,pdam_00005823,pdam_00013356,pdam_00011246,pdam_00008622,pdam_00017615,pdam_00024741,pdam_00013940,pdam_00017205,pdam_00002898,pdam_00021288,pdam_00006940,pdam_00010457,pdam_00006913,pdam_00008746,pdam_00018312,pdam_00009240,pdam_00017250,pdam_00015434,pdam_00022881,pdam_00021175,pdam_00018895,pdam_00015425,pdam_00021990,pdam_00018446,pdam_00004034,pdam_00004709,pdam_00011385,pdam_00011355,pdam_00004682,pdam_00014839,pdam_00023258,pdam_00008123,pdam_00010300,pdam_00008096,pdam_00010330,pdam_00012184,pdam_00003765,pdam_00003707,pdam_00003682,pdam_00003699,pdam_00007963,pdam_00010348,pdam_00015523,pdam_00019289,pdam_00016860,pdam_00022878,pdam_00015554,pdam_00016528,pdam_00022002,pdam_00018698,pdam_00000406,pdam_00000305,pdam_00023034,pdam_00010732,pdam_00000404,pdam_00013143,pdam_00013135,pdam_00012132,pdam_00010703,pdam_00014915,pdam_00019989,pdam_00009301,pdam_00009346,pdam_00013884,pdam_00011543,pdam_00022537,pdam_00019690,pdam_00019689,pdam_00007253,pdam_00007280,pdam_00010167,pdam_00019376,pdam_00013313,pdam_00001637,pdam_00025177,pdam_00019095,pdam_00015511,pdam_00021725,pdam_00011678,pdam_00011448,pdam_00015886,pdam_00010388,pdam_00007190,pdam_00002396,pdam_00008862,pdam_00007220,pdam_00002428,pdam_00015784,pdam_00014942,pdam_00011068,pdam_00016963,pdam_00002445,pdam_00007005,pdam_00024234,pdam_00015730,pdam_00015895,pdam_00006750,pdam_00004989,pdam_00015932,pdam_00000134,pdam_00000018,pdam_00000057,pdam_00010753,pdam_00006434,pdam_00009520,pdam_00009511,pdam_00009514,pdam_00021425,pdam_00009493,pdam_00006465,pdam_00009956,pdam_00009777,pdam_00022949,pdam_00007729,pdam_00007745,pdam_00005709,pdam_00011879,pdam_00022233,pdam_00010508,pdam_00014013,pdam_00021218,pdam_00020116,pdam_00020461,pdam_00001150,pdam_00001113,pdam_00001162,pdam_00004516,pdam_00009086,pdam_00001121,pdam_00017995,pdam_00001382,pdam_00019960,pdam_00003489,pdam_00007537,pdam_00003430,pdam_00016689,pdam_00024080,pdam_00005624,pdam_00003541,pdam_00003527
GO Function	GO:0005215	Transporter activity	52	1255	0.27	0.39	0.0070	46731.A0A3M6T4G8,46731.A0A3M6T5B6,46731.A0A3M6T6B6,46731.A0A3M6T7U5,46731.A0A3M6T856,46731.A0A3M6TCG5,46731.A0A3M6TE44,46731.A0A3M6TF35,46731.A0A3M6TGX4,46731.A0A3M6TII5,46731.A0A3M6TJR9,46731.A0A3M6TL36,46731.A0A3M6TNR8,46731.A0A3M6TRR8,46731.A0A3M6TSX7,46731.A0A3M6TTQ7,46731.A0A3M6TVZ9,46731.A0A3M6TXF9,46731.A0A3M6U0A4,46731.A0A3M6U282,46731.A0A3M6U376,46731.A0A3M6U3V6,46731.A0A3M6U514,46731.A0A3M6U534,46731.A0A3M6U5P1,46731.A0A3M6U5X5,46731.A0A3M6UA15,46731.A0A3M6UCD4,46731.A0A3M6UE91,46731.A0A3M6UGP9,46731.A0A3M6UHV1,46731.A0A3M6UKH7,46731.A0A3M6ULQ8,46731.A0A3M6UN43,46731.A0A3M6UP66,46731.A0A3M6UPN3,46731.A0A3M6UQ65,46731.A0A3M6USY5,46731.A0A3M6UTY2,46731.A0A3M6UUA5,46731.A0A3M6UWF2,46731.A0A3M6UX77,46731.A0A3M6UXE6,46731.A0A3M6UYJ5,46731.A0A3M6UYX5,46731.A0A3M6V163,46731.A0A3M6V233,46731.A0A3M6V237,46731.A0A3M6V3K7,46731.A0A3M6V3N6,46731.A0A3M6V437,46731.A0A3M6V6W1	pdam_00003812,pdam_00019229,pdam_00000942,pdam_00024112,pdam_00012826,pdam_00019240,pdam_00004024,pdam_00021264,pdam_00009882,pdam_00003243,pdam_00008875,pdam_00020945,pdam_00015296,pdam_00002566,pdam_00006023,pdam_00024751,pdam_00012953,pdam_00001999,pdam_00021008,pdam_00015117,pdam_00005392,pdam_00016306,pdam_00001629,pdam_00014306,pdam_00008319,pdam_00023499,pdam_00008746,pdam_00011385,pdam_00004748,pdam_00019289,pdam_00016528,pdam_00013135,pdam_00014105,pdam_00007253,pdam_00007416,pdam_00001685,pdam_00020910,pdam_00009924,pdam_00006176,pdam_00010567,pdam_00004989,pdam_00000141,pdam_00000230,pdam_00019448,pdam_00022185,pdam_00010501,pdam_00019310,pdam_00010488,pdam_00001411,pdam_00001382,pdam_00013749,pdam_00013736
GO Function	GO:0005216	Ion channel activity	30	529	0.4	0.43	0.0070	46731.A0A3M6T4G8,46731.A0A3M6T6B6,46731.A0A3M6T7U5,46731.A0A3M6TCG5,46731.A0A3M6TF35,46731.A0A3M6TGX4,46731.A0A3M6TII5,46731.A0A3M6TL36,46731.A0A3M6TTQ7,46731.A0A3M6TXF9,46731.A0A3M6U282,46731.A0A3M6U3V6,46731.A0A3M6U514,46731.A0A3M6U5P1,46731.A0A3M6UA15,46731.A0A3M6UCD4,46731.A0A3M6UHV1,46731.A0A3M6UKH7,46731.A0A3M6UN43,46731.A0A3M6UP66,46731.A0A3M6UPN3,46731.A0A3M6UQ65,46731.A0A3M6UTY2,46731.A0A3M6UUA5,46731.A0A3M6UXE6,46731.A0A3M6UYJ5,46731.A0A3M6V163,46731.A0A3M6V233,46731.A0A3M6V3N6,46731.A0A3M6V437	pdam_00003812,pdam_00000942,pdam_00024112,pdam_00019240,pdam_00021264,pdam_00009882,pdam_00003243,pdam_00020945,pdam_00024751,pdam_00001999,pdam_00015117,pdam_00016306,pdam_00001629,pdam_00008319,pdam_00008746,pdam_00011385,pdam_00016528,pdam_00013135,pdam_00007253,pdam_00007416,pdam_00001685,pdam_00020910,pdam_00006176,pdam_00010567,pdam_00000230,pdam_00019448,pdam_00010501,pdam_00019310,pdam_00001382,pdam_00013749
GO Function	GO:0005261	Cation channel activity	27	458	0.42	0.44	0.0070	46731.A0A3M6T4G8,46731.A0A3M6T6B6,46731.A0A3M6T7U5,46731.A0A3M6TCG5,46731.A0A3M6TF35,46731.A0A3M6TGX4,46731.A0A3M6TII5,46731.A0A3M6TL36,46731.A0A3M6TTQ7,46731.A0A3M6TXF9,46731.A0A3M6U282,46731.A0A3M6U3V6,46731.A0A3M6U5P1,46731.A0A3M6UCD4,46731.A0A3M6UHV1,46731.A0A3M6UKH7,46731.A0A3M6UN43,46731.A0A3M6UP66,46731.A0A3M6UPN3,46731.A0A3M6UQ65,46731.A0A3M6UTY2,46731.A0A3M6UUA5,46731.A0A3M6UXE6,46731.A0A3M6V163,46731.A0A3M6V233,46731.A0A3M6V3N6,46731.A0A3M6V437	pdam_00003812,pdam_00000942,pdam_00024112,pdam_00019240,pdam_00021264,pdam_00009882,pdam_00003243,pdam_00020945,pdam_00024751,pdam_00001999,pdam_00015117,pdam_00016306,pdam_00008319,pdam_00011385,pdam_00016528,pdam_00013135,pdam_00007253,pdam_00007416,pdam_00001685,pdam_00020910,pdam_00006176,pdam_00010567,pdam_00000230,pdam_00010501,pdam_00019310,pdam_00001382,pdam_00013749
GO Function	GO:0008324	Cation transmembrane transporter activity	32	631	0.35	0.42	0.0070	46731.A0A3M6T4G8,46731.A0A3M6T6B6,46731.A0A3M6T7U5,46731.A0A3M6TCG5,46731.A0A3M6TF35,46731.A0A3M6TGX4,46731.A0A3M6TII5,46731.A0A3M6TL36,46731.A0A3M6TRR8,46731.A0A3M6TSX7,46731.A0A3M6TTQ7,46731.A0A3M6TXF9,46731.A0A3M6U282,46731.A0A3M6U3V6,46731.A0A3M6U534,46731.A0A3M6U5P1,46731.A0A3M6UCD4,46731.A0A3M6UE91,46731.A0A3M6UHV1,46731.A0A3M6UKH7,46731.A0A3M6UN43,46731.A0A3M6UP66,46731.A0A3M6UPN3,46731.A0A3M6UQ65,46731.A0A3M6UTY2,46731.A0A3M6UUA5,46731.A0A3M6UX77,46731.A0A3M6UXE6,46731.A0A3M6V163,46731.A0A3M6V233,46731.A0A3M6V3N6,46731.A0A3M6V437	pdam_00003812,pdam_00000942,pdam_00024112,pdam_00019240,pdam_00021264,pdam_00009882,pdam_00003243,pdam_00020945,pdam_00002566,pdam_00006023,pdam_00024751,pdam_00001999,pdam_00015117,pdam_00016306,pdam_00014306,pdam_00008319,pdam_00011385,pdam_00004748,pdam_00016528,pdam_00013135,pdam_00007253,pdam_00007416,pdam_00001685,pdam_00020910,pdam_00006176,pdam_00010567,pdam_00000141,pdam_00000230,pdam_00010501,pdam_00019310,pdam_00001382,pdam_00013749
GO Function	GO:0015075	Ion transmembrane transporter activity	37	763	0.33	0.41	0.0070	46731.A0A3M6T4G8,46731.A0A3M6T6B6,46731.A0A3M6T7U5,46731.A0A3M6TCG5,46731.A0A3M6TF35,46731.A0A3M6TGX4,46731.A0A3M6TII5,46731.A0A3M6TJR9,46731.A0A3M6TL36,46731.A0A3M6TRR8,46731.A0A3M6TSX7,46731.A0A3M6TTQ7,46731.A0A3M6TVZ9,46731.A0A3M6TXF9,46731.A0A3M6U282,46731.A0A3M6U3V6,46731.A0A3M6U514,46731.A0A3M6U534,46731.A0A3M6U5P1,46731.A0A3M6UA15,46731.A0A3M6UCD4,46731.A0A3M6UE91,46731.A0A3M6UHV1,46731.A0A3M6UKH7,46731.A0A3M6UN43,46731.A0A3M6UP66,46731.A0A3M6UPN3,46731.A0A3M6UQ65,46731.A0A3M6UTY2,46731.A0A3M6UUA5,46731.A0A3M6UX77,46731.A0A3M6UXE6,46731.A0A3M6UYJ5,46731.A0A3M6V163,46731.A0A3M6V233,46731.A0A3M6V3N6,46731.A0A3M6V437	pdam_00003812,pdam_00000942,pdam_00024112,pdam_00019240,pdam_00021264,pdam_00009882,pdam_00003243,pdam_00008875,pdam_00020945,pdam_00002566,pdam_00006023,pdam_00024751,pdam_00012953,pdam_00001999,pdam_00015117,pdam_00016306,pdam_00001629,pdam_00014306,pdam_00008319,pdam_00008746,pdam_00011385,pdam_00004748,pdam_00016528,pdam_00013135,pdam_00007253,pdam_00007416,pdam_00001685,pdam_00020910,pdam_00006176,pdam_00010567,pdam_00000141,pdam_00000230,pdam_00019448,pdam_00010501,pdam_00019310,pdam_00001382,pdam_00013749
GO Function	GO:0022857	Transmembrane transporter activity	50	1202	0.27	0.4	0.0070	46731.A0A3M6T4G8,46731.A0A3M6T5B6,46731.A0A3M6T6B6,46731.A0A3M6T7U5,46731.A0A3M6T856,46731.A0A3M6TCG5,46731.A0A3M6TF35,46731.A0A3M6TGX4,46731.A0A3M6TII5,46731.A0A3M6TJR9,46731.A0A3M6TL36,46731.A0A3M6TNR8,46731.A0A3M6TRR8,46731.A0A3M6TSX7,46731.A0A3M6TTQ7,46731.A0A3M6TVZ9,46731.A0A3M6TXF9,46731.A0A3M6U0A4,46731.A0A3M6U282,46731.A0A3M6U376,46731.A0A3M6U3V6,46731.A0A3M6U514,46731.A0A3M6U534,46731.A0A3M6U5P1,46731.A0A3M6U5X5,46731.A0A3M6UA15,46731.A0A3M6UCD4,46731.A0A3M6UE91,46731.A0A3M6UHV1,46731.A0A3M6UKH7,46731.A0A3M6ULQ8,46731.A0A3M6UN43,46731.A0A3M6UP66,46731.A0A3M6UPN3,46731.A0A3M6UQ65,46731.A0A3M6USY5,46731.A0A3M6UTY2,46731.A0A3M6UUA5,46731.A0A3M6UWF2,46731.A0A3M6UX77,46731.A0A3M6UXE6,46731.A0A3M6UYJ5,46731.A0A3M6UYX5,46731.A0A3M6V163,46731.A0A3M6V233,46731.A0A3M6V237,46731.A0A3M6V3K7,46731.A0A3M6V3N6,46731.A0A3M6V437,46731.A0A3M6V6W1	pdam_00003812,pdam_00019229,pdam_00000942,pdam_00024112,pdam_00012826,pdam_00019240,pdam_00021264,pdam_00009882,pdam_00003243,pdam_00008875,pdam_00020945,pdam_00015296,pdam_00002566,pdam_00006023,pdam_00024751,pdam_00012953,pdam_00001999,pdam_00021008,pdam_00015117,pdam_00005392,pdam_00016306,pdam_00001629,pdam_00014306,pdam_00008319,pdam_00023499,pdam_00008746,pdam_00011385,pdam_00004748,pdam_00016528,pdam_00013135,pdam_00014105,pdam_00007253,pdam_00007416,pdam_00001685,pdam_00020910,pdam_00009924,pdam_00006176,pdam_00010567,pdam_00004989,pdam_00000141,pdam_00000230,pdam_00019448,pdam_00022185,pdam_00010501,pdam_00019310,pdam_00010488,pdam_00001411,pdam_00001382,pdam_00013749,pdam_00013736
GO Function	GO:0022890	Inorganic cation transmembrane transporter activity	31	595	0.37	0.42	0.0070	46731.A0A3M6T4G8,46731.A0A3M6T6B6,46731.A0A3M6T7U5,46731.A0A3M6TCG5,46731.A0A3M6TF35,46731.A0A3M6TGX4,46731.A0A3M6TII5,46731.A0A3M6TL36,46731.A0A3M6TRR8,46731.A0A3M6TSX7,46731.A0A3M6TTQ7,46731.A0A3M6TXF9,46731.A0A3M6U282,46731.A0A3M6U3V6,46731.A0A3M6U534,46731.A0A3M6U5P1,46731.A0A3M6UCD4,46731.A0A3M6UHV1,46731.A0A3M6UKH7,46731.A0A3M6UN43,46731.A0A3M6UP66,46731.A0A3M6UPN3,46731.A0A3M6UQ65,46731.A0A3M6UTY2,46731.A0A3M6UUA5,46731.A0A3M6UX77,46731.A0A3M6UXE6,46731.A0A3M6V163,46731.A0A3M6V233,46731.A0A3M6V3N6,46731.A0A3M6V437	pdam_00003812,pdam_00000942,pdam_00024112,pdam_00019240,pdam_00021264,pdam_00009882,pdam_00003243,pdam_00020945,pdam_00002566,pdam_00006023,pdam_00024751,pdam_00001999,pdam_00015117,pdam_00016306,pdam_00014306,pdam_00008319,pdam_00011385,pdam_00016528,pdam_00013135,pdam_00007253,pdam_00007416,pdam_00001685,pdam_00020910,pdam_00006176,pdam_00010567,pdam_00000141,pdam_00000230,pdam_00010501,pdam_00019310,pdam_00001382,pdam_00013749
GO Function	GO:0015318	Inorganic molecular entity transmembrane transporter activity	34	703	0.33	0.41	0.0074	46731.A0A3M6T4G8,46731.A0A3M6T6B6,46731.A0A3M6T7U5,46731.A0A3M6TCG5,46731.A0A3M6TF35,46731.A0A3M6TGX4,46731.A0A3M6TII5,46731.A0A3M6TL36,46731.A0A3M6TRR8,46731.A0A3M6TSX7,46731.A0A3M6TTQ7,46731.A0A3M6TXF9,46731.A0A3M6U282,46731.A0A3M6U3V6,46731.A0A3M6U514,46731.A0A3M6U534,46731.A0A3M6U5P1,46731.A0A3M6UA15,46731.A0A3M6UCD4,46731.A0A3M6UHV1,46731.A0A3M6UKH7,46731.A0A3M6UN43,46731.A0A3M6UP66,46731.A0A3M6UPN3,46731.A0A3M6UQ65,46731.A0A3M6UTY2,46731.A0A3M6UUA5,46731.A0A3M6UX77,46731.A0A3M6UXE6,46731.A0A3M6UYJ5,46731.A0A3M6V163,46731.A0A3M6V233,46731.A0A3M6V3N6,46731.A0A3M6V437	pdam_00003812,pdam_00000942,pdam_00024112,pdam_00019240,pdam_00021264,pdam_00009882,pdam_00003243,pdam_00020945,pdam_00002566,pdam_00006023,pdam_00024751,pdam_00001999,pdam_00015117,pdam_00016306,pdam_00001629,pdam_00014306,pdam_00008319,pdam_00008746,pdam_00011385,pdam_00016528,pdam_00013135,pdam_00007253,pdam_00007416,pdam_00001685,pdam_00020910,pdam_00006176,pdam_00010567,pdam_00000141,pdam_00000230,pdam_00019448,pdam_00010501,pdam_00019310,pdam_00001382,pdam_00013749
GO Function	GO:0016787	Hydrolase activity	75	2131	0.19	0.33	0.0153	46731.A0A3M6T6M6,46731.A0A3M6T989,46731.A0A3M6TB15,46731.A0A3M6TC30,46731.A0A3M6TE51,46731.A0A3M6TEC5,46731.A0A3M6TF63,46731.A0A3M6TGZ5,46731.A0A3M6TKP1,46731.A0A3M6TM85,46731.A0A3M6TPB9,46731.A0A3M6TR27,46731.A0A3M6TTE1,46731.A0A3M6TVB9,46731.A0A3M6TVW6,46731.A0A3M6TXH4,46731.A0A3M6TXZ1,46731.A0A3M6TYW8,46731.A0A3M6TYX6,46731.A0A3M6TZ19,46731.A0A3M6TZ57,46731.A0A3M6TZA7,46731.A0A3M6U0S2,46731.A0A3M6U1R9,46731.A0A3M6U4J1,46731.A0A3M6U4P7,46731.A0A3M6U4X2,46731.A0A3M6U583,46731.A0A3M6U5L0,46731.A0A3M6U6H2,46731.A0A3M6U6L2,46731.A0A3M6U9C7,46731.A0A3M6U9Q0,46731.A0A3M6U9R7,46731.A0A3M6UA33,46731.A0A3M6UB20,46731.A0A3M6UB82,46731.A0A3M6UBH9,46731.A0A3M6UBT4,46731.A0A3M6UC09,46731.A0A3M6UEF2,46731.A0A3M6UG21,46731.A0A3M6UGC6,46731.A0A3M6UGP9,46731.A0A3M6UJ26,46731.A0A3M6UJK3,46731.A0A3M6UJT2,46731.A0A3M6UKM4,46731.A0A3M6UME9,46731.A0A3M6UN47,46731.A0A3M6URI3,46731.A0A3M6US90,46731.A0A3M6USQ4,46731.A0A3M6UT00,46731.A0A3M6UT35,46731.A0A3M6UVJ8,46731.A0A3M6UVW0,46731.A0A3M6UWG0,46731.A0A3M6UX67,46731.A0A3M6UY01,46731.A0A3M6UYC5,46731.A0A3M6UZ72,46731.A0A3M6V014,46731.A0A3M6V112,46731.A0A3M6V149,46731.A0A3M6V2A9,46731.A0A3M6V2M4,46731.A0A3M6V2Z0,46731.A0A3M6V3D0,46731.A0A3M6V3T5,46731.A0A3M6V5D0,46731.A0A3M6V5I3,46731.A0A3M6V5J3,46731.A0A3M6V685,46731.A0A3M6V6I8	pdam_00005030,pdam_00009047,pdam_00008396,pdam_00018913,pdam_00003972,pdam_00022296,pdam_00023615,pdam_00019936,pdam_00020941,pdam_00010901,pdam_00009755,pdam_00006359,pdam_00012732,pdam_00000741,pdam_00012938,pdam_00009362,pdam_00000569,pdam_00019709,pdam_00025531,pdam_00023275,pdam_00022323,pdam_00024466,pdam_00023283,pdam_00019081,pdam_00017145,pdam_00018611,pdam_00001526,pdam_00001527,pdam_00008293,pdam_00011234,pdam_00005823,pdam_00021288,pdam_00024410,pdam_00010457,pdam_00018312,pdam_00017250,pdam_00003213,pdam_00021175,pdam_00018446,pdam_00004034,pdam_00003707,pdam_00015533,pdam_00004264,pdam_00019289,pdam_00000365,pdam_00023034,pdam_00010732,pdam_00010703,pdam_00011167,pdam_00007280,pdam_00011448,pdam_00002396,pdam_00024549,pdam_00008853,pdam_00009926,pdam_00015895,pdam_00006750,pdam_00015932,pdam_00000018,pdam_00010753,pdam_00022560,pdam_00018839,pdam_00005709,pdam_00010508,pdam_00010490,pdam_00004516,pdam_00017025,pdam_00001121,pdam_00020208,pdam_00019951,pdam_00003430,pdam_00016689,pdam_00024080,pdam_00003560,pdam_00003541
GO Function	GO:0046873	Metal ion transmembrane transporter activity	24	438	0.39	0.38	0.0153	46731.A0A3M6T4G8,46731.A0A3M6T6B6,46731.A0A3M6T7U5,46731.A0A3M6TCG5,46731.A0A3M6TF35,46731.A0A3M6TII5,46731.A0A3M6TRR8,46731.A0A3M6TTQ7,46731.A0A3M6TXF9,46731.A0A3M6U282,46731.A0A3M6U3V6,46731.A0A3M6UCD4,46731.A0A3M6UHV1,46731.A0A3M6UKH7,46731.A0A3M6UN43,46731.A0A3M6UP66,46731.A0A3M6UPN3,46731.A0A3M6UTY2,46731.A0A3M6UUA5,46731.A0A3M6UX77,46731.A0A3M6UXE6,46731.A0A3M6V163,46731.A0A3M6V233,46731.A0A3M6V3N6	pdam_00003812,pdam_00000942,pdam_00024112,pdam_00019240,pdam_00021264,pdam_00003243,pdam_00002566,pdam_00024751,pdam_00001999,pdam_00015117,pdam_00016306,pdam_00011385,pdam_00016528,pdam_00013135,pdam_00007253,pdam_00007416,pdam_00001685,pdam_00006176,pdam_00010567,pdam_00000141,pdam_00000230,pdam_00010501,pdam_00019310,pdam_00001382
GO Function	GO:0043167	Ion binding	141	4686	0.13	0.31	0.0188	46731.A0A3M6T4L6,46731.A0A3M6T4X8,46731.A0A3M6T6R5,46731.A0A3M6T7U5,46731.A0A3M6T989,46731.A0A3M6TB15,46731.A0A3M6TC03,46731.A0A3M6TC09,46731.A0A3M6TC30,46731.A0A3M6TC94,46731.A0A3M6TD44,46731.A0A3M6TD71,46731.A0A3M6TDQ5,46731.A0A3M6TEC5,46731.A0A3M6TF63,46731.A0A3M6TFZ9,46731.A0A3M6TG13,46731.A0A3M6TG34,46731.A0A3M6TGB4,46731.A0A3M6TGZ5,46731.A0A3M6THC4,46731.A0A3M6THC8,46731.A0A3M6TII5,46731.A0A3M6TIM5,46731.A0A3M6TIX2,46731.A0A3M6TKC4,46731.A0A3M6TKJ7,46731.A0A3M6TKP1,46731.A0A3M6TKW8,46731.A0A3M6TLN5,46731.A0A3M6TM85,46731.A0A3M6TN24,46731.A0A3M6TP71,46731.A0A3M6TPY8,46731.A0A3M6TQ51,46731.A0A3M6TR27,46731.A0A3M6TR46,46731.A0A3M6TR98,46731.A0A3M6TRH7,46731.A0A3M6TRV9,46731.A0A3M6TSF0,46731.A0A3M6TTI1,46731.A0A3M6TU12,46731.A0A3M6TVB9,46731.A0A3M6TVF5,46731.A0A3M6TVP0,46731.A0A3M6TVW6,46731.A0A3M6TW06,46731.A0A3M6TX49,46731.A0A3M6TXE2,46731.A0A3M6TYP5,46731.A0A3M6TYW8,46731.A0A3M6TYX6,46731.A0A3M6TZ19,46731.A0A3M6TZ66,46731.A0A3M6TZA4,46731.A0A3M6U028,46731.A0A3M6U075,46731.A0A3M6U083,46731.A0A3M6U0Z8,46731.A0A3M6U1F0,46731.A0A3M6U1R9,46731.A0A3M6U1X3,46731.A0A3M6U333,46731.A0A3M6U354,46731.A0A3M6U3L4,46731.A0A3M6U474,46731.A0A3M6U4K2,46731.A0A3M6U4P7,46731.A0A3M6U4V6,46731.A0A3M6U5Q6,46731.A0A3M6U6L2,46731.A0A3M6U7S8,46731.A0A3M6U7Z3,46731.A0A3M6U868,46731.A0A3M6U987,46731.A0A3M6U9B2,46731.A0A3M6U9R7,46731.A0A3M6UB20,46731.A0A3M6UBD2,46731.A0A3M6UBH9,46731.A0A3M6UBT4,46731.A0A3M6UC85,46731.A0A3M6UDH3,46731.A0A3M6UE64,46731.A0A3M6UEC4,46731.A0A3M6UEF2,46731.A0A3M6UEY1,46731.A0A3M6UG87,46731.A0A3M6UGP9,46731.A0A3M6UIJ6,46731.A0A3M6UJC4,46731.A0A3M6UJD7,46731.A0A3M6UJT2,46731.A0A3M6UK60,46731.A0A3M6UKM4,46731.A0A3M6UM05,46731.A0A3M6UN27,46731.A0A3M6UN47,46731.A0A3M6UPC4,46731.A0A3M6UPS0,46731.A0A3M6UPX3,46731.A0A3M6UQY5,46731.A0A3M6URA4,46731.A0A3M6URI3,46731.A0A3M6US90,46731.A0A3M6USA1,46731.A0A3M6USL6,46731.A0A3M6UST0,46731.A0A3M6USZ5,46731.A0A3M6UT39,46731.A0A3M6UTD8,46731.A0A3M6UV57,46731.A0A3M6UVF1,46731.A0A3M6UVJ8,46731.A0A3M6UVW0,46731.A0A3M6UWF2,46731.A0A3M6UWG0,46731.A0A3M6UX67,46731.A0A3M6UXH5,46731.A0A3M6UYF7,46731.A0A3M6UYG4,46731.A0A3M6UYN2,46731.A0A3M6UYQ2,46731.A0A3M6UZ79,46731.A0A3M6UZH4,46731.A0A3M6UZY6,46731.A0A3M6V014,46731.A0A3M6V1P6,46731.A0A3M6V1R6,46731.A0A3M6V1U3,46731.A0A3M6V247,46731.A0A3M6V2A9,46731.A0A3M6V2Z0,46731.A0A3M6V333,46731.A0A3M6V3N6,46731.A0A3M6V433,46731.A0A3M6V5I3,46731.A0A3M6V5J3,46731.A0A3M6V6I8,46731.A0A3M6V6P0	pdam_00021762,pdam_00005198,pdam_00005028,pdam_00024112,pdam_00009047,pdam_00008396,pdam_00013976,pdam_00025221,pdam_00018913,pdam_00008146,pdam_00013531,pdam_00016741,pdam_00005957,pdam_00022296,pdam_00023615,pdam_00008706,pdam_00008702,pdam_00008696,pdam_00009469,pdam_00019936,pdam_00006539,pdam_00006544,pdam_00003243,pdam_00003245,pdam_00018331,pdam_00005587,pdam_00012478,pdam_00020941,pdam_00001283,pdam_00009405,pdam_00010901,pdam_00021905,pdam_00006877,pdam_00001953,pdam_00010839,pdam_00006359,pdam_00017847,pdam_00019744,pdam_00012965,pdam_00002481,pdam_00016000,pdam_00006052,pdam_00012541,pdam_00000741,pdam_00000855,pdam_00000790,pdam_00012938,pdam_00013103,pdam_00024018,pdam_00001994,pdam_00018713,pdam_00019709,pdam_00025531,pdam_00023275,pdam_00021578,pdam_00015679,pdam_00009597,pdam_00009596,pdam_00009628,pdam_00012924,pdam_00002160,pdam_00019081,pdam_00002197,pdam_00002647,pdam_00002640,pdam_00015397,pdam_00015189,pdam_00008028,pdam_00018611,pdam_00001559,pdam_00008267,pdam_00005823,pdam_00008622,pdam_00017615,pdam_00024741,pdam_00017205,pdam_00002898,pdam_00010457,pdam_00017250,pdam_00022881,pdam_00021175,pdam_00018446,pdam_00004709,pdam_00010330,pdam_00012184,pdam_00003765,pdam_00003707,pdam_00003699,pdam_00015523,pdam_00019289,pdam_00018698,pdam_00000406,pdam_00000305,pdam_00010732,pdam_00000404,pdam_00010703,pdam_00013884,pdam_00019689,pdam_00007280,pdam_00013313,pdam_00025177,pdam_00019095,pdam_00021725,pdam_00011678,pdam_00011448,pdam_00002396,pdam_00008862,pdam_00007220,pdam_00002428,pdam_00015784,pdam_00014942,pdam_00011068,pdam_00024234,pdam_00015730,pdam_00015895,pdam_00006750,pdam_00004989,pdam_00015932,pdam_00000018,pdam_00000057,pdam_00009520,pdam_00009511,pdam_00009514,pdam_00021425,pdam_00006465,pdam_00009956,pdam_00007745,pdam_00005709,pdam_00020116,pdam_00020461,pdam_00001150,pdam_00001162,pdam_00004516,pdam_00001121,pdam_00017995,pdam_00001382,pdam_00019960,pdam_00016689,pdam_00024080,pdam_00003541,pdam_00003527
GO Component	GO:0110165	Cellular anatomical entity	464	15952	0.11	0.72	1.23e-18	46731.A0A3M6T467,46731.A0A3M6T469,46731.A0A3M6T4G8,46731.A0A3M6T4I9,46731.A0A3M6T4L6,46731.A0A3M6T4X8,46731.A0A3M6T535,46731.A0A3M6T579,46731.A0A3M6T5B6,46731.A0A3M6T6B6,46731.A0A3M6T6M6,46731.A0A3M6T6R5,46731.A0A3M6T740,46731.A0A3M6T743,46731.A0A3M6T7B9,46731.A0A3M6T7Q3,46731.A0A3M6T7U5,46731.A0A3M6T856,46731.A0A3M6T862,46731.A0A3M6T8D5,46731.A0A3M6T8S7,46731.A0A3M6T976,46731.A0A3M6T988,46731.A0A3M6T989,46731.A0A3M6T9I5,46731.A0A3M6T9T7,46731.A0A3M6TA20,46731.A0A3M6TA47,46731.A0A3M6TAC6,46731.A0A3M6TB15,46731.A0A3M6TB45,46731.A0A3M6TBH9,46731.A0A3M6TBK3,46731.A0A3M6TBP1,46731.A0A3M6TC03,46731.A0A3M6TC09,46731.A0A3M6TC14,46731.A0A3M6TC30,46731.A0A3M6TC94,46731.A0A3M6TCG5,46731.A0A3M6TCK6,46731.A0A3M6TCN4,46731.A0A3M6TCN5,46731.A0A3M6TD44,46731.A0A3M6TD71,46731.A0A3M6TD79,46731.A0A3M6TDI1,46731.A0A3M6TDN3,46731.A0A3M6TDQ5,46731.A0A3M6TDQ9,46731.A0A3M6TE42,46731.A0A3M6TE44,46731.A0A3M6TE51,46731.A0A3M6TEC5,46731.A0A3M6TEE2,46731.A0A3M6TF35,46731.A0A3M6TF63,46731.A0A3M6TFJ9,46731.A0A3M6TFP7,46731.A0A3M6TFQ9,46731.A0A3M6TFZ9,46731.A0A3M6TG13,46731.A0A3M6TG34,46731.A0A3M6TG77,46731.A0A3M6TGB4,46731.A0A3M6TGK8,46731.A0A3M6TGL6,46731.A0A3M6TGX4,46731.A0A3M6TGZ5,46731.A0A3M6THC4,46731.A0A3M6THC8,46731.A0A3M6THE2,46731.A0A3M6TI01,46731.A0A3M6TII5,46731.A0A3M6TIJ7,46731.A0A3M6TIM5,46731.A0A3M6TIX2,46731.A0A3M6TJ31,46731.A0A3M6TJA9,46731.A0A3M6TJM8,46731.A0A3M6TJP1,46731.A0A3M6TJR0,46731.A0A3M6TJR9,46731.A0A3M6TKB8,46731.A0A3M6TKC4,46731.A0A3M6TKJ7,46731.A0A3M6TKP1,46731.A0A3M6TKW8,46731.A0A3M6TKX7,46731.A0A3M6TL36,46731.A0A3M6TL47,46731.A0A3M6TLE6,46731.A0A3M6TLH9,46731.A0A3M6TLI2,46731.A0A3M6TLN5,46731.A0A3M6TLR3,46731.A0A3M6TM85,46731.A0A3M6TMA0,46731.A0A3M6TMH4,46731.A0A3M6TMM2,46731.A0A3M6TN24,46731.A0A3M6TNI2,46731.A0A3M6TNR8,46731.A0A3M6TNX2,46731.A0A3M6TP09,46731.A0A3M6TP11,46731.A0A3M6TP39,46731.A0A3M6TP40,46731.A0A3M6TP71,46731.A0A3M6TP85,46731.A0A3M6TPB9,46731.A0A3M6TPE5,46731.A0A3M6TPY8,46731.A0A3M6TQ51,46731.A0A3M6TQG4,46731.A0A3M6TQX4,46731.A0A3M6TR27,46731.A0A3M6TR46,46731.A0A3M6TR98,46731.A0A3M6TRA4,46731.A0A3M6TRB6,46731.A0A3M6TRH7,46731.A0A3M6TRR8,46731.A0A3M6TRS1,46731.A0A3M6TRS5,46731.A0A3M6TRV9,46731.A0A3M6TS39,46731.A0A3M6TSB3,46731.A0A3M6TSF0,46731.A0A3M6TSH4,46731.A0A3M6TSI3,46731.A0A3M6TSU5,46731.A0A3M6TSU9,46731.A0A3M6TSX7,46731.A0A3M6TTE1,46731.A0A3M6TTI1,46731.A0A3M6TTK5,46731.A0A3M6TTL2,46731.A0A3M6TTQ7,46731.A0A3M6TTS8,46731.A0A3M6TTT0,46731.A0A3M6TTX1,46731.A0A3M6TU12,46731.A0A3M6TUB8,46731.A0A3M6TUS8,46731.A0A3M6TVA7,46731.A0A3M6TVB9,46731.A0A3M6TVF5,46731.A0A3M6TVP0,46731.A0A3M6TVQ5,46731.A0A3M6TVW6,46731.A0A3M6TVY8,46731.A0A3M6TVZ9,46731.A0A3M6TW06,46731.A0A3M6TWB6,46731.A0A3M6TX49,46731.A0A3M6TXE0,46731.A0A3M6TXE2,46731.A0A3M6TXF9,46731.A0A3M6TXH4,46731.A0A3M6TXH6,46731.A0A3M6TXK3,46731.A0A3M6TXZ1,46731.A0A3M6TY22,46731.A0A3M6TYN1,46731.A0A3M6TYP5,46731.A0A3M6TYW8,46731.A0A3M6TYX6,46731.A0A3M6TZ19,46731.A0A3M6TZ57,46731.A0A3M6TZ66,46731.A0A3M6TZ84,46731.A0A3M6TZA4,46731.A0A3M6TZA7,46731.A0A3M6TZP6,46731.A0A3M6TZY0,46731.A0A3M6U028,46731.A0A3M6U075,46731.A0A3M6U083,46731.A0A3M6U0A4,46731.A0A3M6U0B8,46731.A0A3M6U0P8,46731.A0A3M6U0S2,46731.A0A3M6U0Z8,46731.A0A3M6U128,46731.A0A3M6U150,46731.A0A3M6U1F0,46731.A0A3M6U1M9,46731.A0A3M6U1R9,46731.A0A3M6U1X3,46731.A0A3M6U282,46731.A0A3M6U2M1,46731.A0A3M6U2S6,46731.A0A3M6U2W8,46731.A0A3M6U333,46731.A0A3M6U354,46731.A0A3M6U376,46731.A0A3M6U3D8,46731.A0A3M6U3F2,46731.A0A3M6U3L4,46731.A0A3M6U3Q4,46731.A0A3M6U3V6,46731.A0A3M6U410,46731.A0A3M6U474,46731.A0A3M6U4I6,46731.A0A3M6U4J1,46731.A0A3M6U4K2,46731.A0A3M6U4P7,46731.A0A3M6U4V6,46731.A0A3M6U4X2,46731.A0A3M6U514,46731.A0A3M6U534,46731.A0A3M6U583,46731.A0A3M6U589,46731.A0A3M6U5L0,46731.A0A3M6U5P1,46731.A0A3M6U5Q6,46731.A0A3M6U5U1,46731.A0A3M6U5X5,46731.A0A3M6U600,46731.A0A3M6U679,46731.A0A3M6U6B4,46731.A0A3M6U6H2,46731.A0A3M6U6L2,46731.A0A3M6U738,46731.A0A3M6U762,46731.A0A3M6U7H4,46731.A0A3M6U7S8,46731.A0A3M6U7Z3,46731.A0A3M6U801,46731.A0A3M6U868,46731.A0A3M6U8A9,46731.A0A3M6U8F6,46731.A0A3M6U8M7,46731.A0A3M6U922,46731.A0A3M6U987,46731.A0A3M6U997,46731.A0A3M6U9B2,46731.A0A3M6U9C7,46731.A0A3M6U9J8,46731.A0A3M6U9M7,46731.A0A3M6U9Q0,46731.A0A3M6U9R7,46731.A0A3M6U9V2,46731.A0A3M6UA15,46731.A0A3M6UA33,46731.A0A3M6UA46,46731.A0A3M6UAI7,46731.A0A3M6UB20,46731.A0A3M6UB82,46731.A0A3M6UB88,46731.A0A3M6UBD2,46731.A0A3M6UBH9,46731.A0A3M6UBL7,46731.A0A3M6UBM6,46731.A0A3M6UBM8,46731.A0A3M6UBR6,46731.A0A3M6UBT4,46731.A0A3M6UC09,46731.A0A3M6UC85,46731.A0A3M6UC87,46731.A0A3M6UCD4,46731.A0A3M6UCE4,46731.A0A3M6UCR6,46731.A0A3M6UCW9,46731.A0A3M6UD71,46731.A0A3M6UD97,46731.A0A3M6UDC3,46731.A0A3M6UDE1,46731.A0A3M6UDF4,46731.A0A3M6UDH3,46731.A0A3M6UDP4,46731.A0A3M6UDR8,46731.A0A3M6UE64,46731.A0A3M6UE91,46731.A0A3M6UEC4,46731.A0A3M6UEF2,46731.A0A3M6UEL8,46731.A0A3M6UEN2,46731.A0A3M6UEV1,46731.A0A3M6UEW7,46731.A0A3M6UEY1,46731.A0A3M6UF13,46731.A0A3M6UFC0,46731.A0A3M6UFJ3,46731.A0A3M6UG21,46731.A0A3M6UG87,46731.A0A3M6UGC6,46731.A0A3M6UGP9,46731.A0A3M6UGY1,46731.A0A3M6UGZ0,46731.A0A3M6UH30,46731.A0A3M6UHU5,46731.A0A3M6UHU6,46731.A0A3M6UHV1,46731.A0A3M6UIB8,46731.A0A3M6UIF2,46731.A0A3M6UIJ6,46731.A0A3M6UJ26,46731.A0A3M6UJC4,46731.A0A3M6UJD7,46731.A0A3M6UJK3,46731.A0A3M6UJS8,46731.A0A3M6UJT2,46731.A0A3M6UK60,46731.A0A3M6UK77,46731.A0A3M6UKA8,46731.A0A3M6UKH7,46731.A0A3M6UKJ2,46731.A0A3M6UKM4,46731.A0A3M6UKS2,46731.A0A3M6UKT9,46731.A0A3M6UL04,46731.A0A3M6ULG9,46731.A0A3M6ULQ8,46731.A0A3M6ULW1,46731.A0A3M6UM02,46731.A0A3M6UM05,46731.A0A3M6UM15,46731.A0A3M6UM91,46731.A0A3M6UME9,46731.A0A3M6UMF7,46731.A0A3M6UMR0,46731.A0A3M6UN04,46731.A0A3M6UN27,46731.A0A3M6UN43,46731.A0A3M6UN47,46731.A0A3M6UP48,46731.A0A3M6UP50,46731.A0A3M6UP66,46731.A0A3M6UPA5,46731.A0A3M6UPC4,46731.A0A3M6UPD9,46731.A0A3M6UPF7,46731.A0A3M6UPM0,46731.A0A3M6UPN3,46731.A0A3M6UPS0,46731.A0A3M6UPV7,46731.A0A3M6UPX3,46731.A0A3M6UQ25,46731.A0A3M6UQ36,46731.A0A3M6UQ53,46731.A0A3M6UQ65,46731.A0A3M6UQF8,46731.A0A3M6UQY5,46731.A0A3M6URA4,46731.A0A3M6URI3,46731.A0A3M6URL1,46731.A0A3M6URM2,46731.A0A3M6URV9,46731.A0A3M6US04,46731.A0A3M6US82,46731.A0A3M6US90,46731.A0A3M6USA1,46731.A0A3M6USL6,46731.A0A3M6USQ4,46731.A0A3M6UST0,46731.A0A3M6USY4,46731.A0A3M6USY5,46731.A0A3M6USZ5,46731.A0A3M6UT00,46731.A0A3M6UT35,46731.A0A3M6UT39,46731.A0A3M6UTD8,46731.A0A3M6UTG1,46731.A0A3M6UTH2,46731.A0A3M6UTK8,46731.A0A3M6UTY2,46731.A0A3M6UUA5,46731.A0A3M6UUJ0,46731.A0A3M6UUR3,46731.A0A3M6UUU6,46731.A0A3M6UV57,46731.A0A3M6UV64,46731.A0A3M6UVF1,46731.A0A3M6UVJ8,46731.A0A3M6UVS6,46731.A0A3M6UVW0,46731.A0A3M6UW01,46731.A0A3M6UWF2,46731.A0A3M6UWG0,46731.A0A3M6UWR9,46731.A0A3M6UX15,46731.A0A3M6UX67,46731.A0A3M6UX77,46731.A0A3M6UXE6,46731.A0A3M6UXH5,46731.A0A3M6UXJ2,46731.A0A3M6UXL1,46731.A0A3M6UXQ5,46731.A0A3M6UXR2,46731.A0A3M6UXS8,46731.A0A3M6UXY1,46731.A0A3M6UY01,46731.A0A3M6UY03,46731.A0A3M6UY54,46731.A0A3M6UY57,46731.A0A3M6UY84,46731.A0A3M6UYC5,46731.A0A3M6UYF7,46731.A0A3M6UYG4,46731.A0A3M6UYJ5,46731.A0A3M6UYN2,46731.A0A3M6UYQ2,46731.A0A3M6UYR9,46731.A0A3M6UYX5,46731.A0A3M6UZ72,46731.A0A3M6UZ79,46731.A0A3M6UZH4,46731.A0A3M6UZR0,46731.A0A3M6UZT3,46731.A0A3M6UZU9,46731.A0A3M6UZY6,46731.A0A3M6V014,46731.A0A3M6V043,46731.A0A3M6V082,46731.A0A3M6V0L1,46731.A0A3M6V0M3,46731.A0A3M6V0M4,46731.A0A3M6V112,46731.A0A3M6V149,46731.A0A3M6V163,46731.A0A3M6V1A9,46731.A0A3M6V1H8,46731.A0A3M6V1P6,46731.A0A3M6V1R6,46731.A0A3M6V1U3,46731.A0A3M6V1Y0,46731.A0A3M6V233,46731.A0A3M6V237,46731.A0A3M6V247,46731.A0A3M6V2A9,46731.A0A3M6V2K6,46731.A0A3M6V2M4,46731.A0A3M6V2T6,46731.A0A3M6V2Z0,46731.A0A3M6V333,46731.A0A3M6V357,46731.A0A3M6V3D0,46731.A0A3M6V3F9,46731.A0A3M6V3K7,46731.A0A3M6V3N6,46731.A0A3M6V3T5,46731.A0A3M6V433,46731.A0A3M6V437,46731.A0A3M6V468,46731.A0A3M6V496,46731.A0A3M6V4M4,46731.A0A3M6V4M7,46731.A0A3M6V4Q7,46731.A0A3M6V566,46731.A0A3M6V5D0,46731.A0A3M6V5I3,46731.A0A3M6V5J3,46731.A0A3M6V5L3,46731.A0A3M6V5Q9,46731.A0A3M6V5W0,46731.A0A3M6V685,46731.A0A3M6V6E6,46731.A0A3M6V6H2,46731.A0A3M6V6I8,46731.A0A3M6V6P0,46731.A0A3M6V6W1,46731.A0A3M6V6Y7	pdam_00022844,pdam_00019771,pdam_00003812,pdam_00019775,pdam_00021762,pdam_00005198,pdam_00010041,pdam_00010052,pdam_00019229,pdam_00000942,pdam_00005030,pdam_00005028,pdam_00011425,pdam_00015760,pdam_00008954,pdam_00008942,pdam_00024112,pdam_00012826,pdam_00007904,pdam_00007894,pdam_00006607,pdam_00009028,pdam_00020025,pdam_00009047,pdam_00003095,pdam_00003113,pdam_00003372,pdam_00003331,pdam_00011807,pdam_00008396,pdam_00010221,pdam_00005870,pdam_00005880,pdam_00016760,pdam_00013976,pdam_00025221,pdam_00018924,pdam_00018913,pdam_00008146,pdam_00019240,pdam_00020527,pdam_00024696,pdam_00021478,pdam_00013531,pdam_00016741,pdam_00018978,pdam_00017899,pdam_00005993,pdam_00005957,pdam_00015588,pdam_00003998,pdam_00004024,pdam_00003972,pdam_00022296,pdam_00022332,pdam_00021264,pdam_00023615,pdam_00002315,pdam_00014342,pdam_00002269,pdam_00008706,pdam_00008702,pdam_00008696,pdam_00022241,pdam_00009469,pdam_00007516,pdam_00022449,pdam_00009882,pdam_00019936,pdam_00006539,pdam_00006544,pdam_00006538,pdam_00011563,pdam_00003243,pdam_00013258,pdam_00003245,pdam_00018331,pdam_00013516,pdam_00013055,pdam_00008873,pdam_00025516,pdam_00008664,pdam_00008875,pdam_00015849,pdam_00005587,pdam_00012478,pdam_00020941,pdam_00001283,pdam_00001346,pdam_00020945,pdam_00001308,pdam_00023406,pdam_00009842,pdam_00001270,pdam_00009405,pdam_00004906,pdam_00010901,pdam_00004886,pdam_00010278,pdam_00011844,pdam_00021905,pdam_00005140,pdam_00015296,pdam_00001834,pdam_00015291,pdam_00006892,pdam_00009747,pdam_00009749,pdam_00006877,pdam_00006884,pdam_00009755,pdam_00014570,pdam_00001953,pdam_00010839,pdam_00001907,pdam_00016950,pdam_00006359,pdam_00017847,pdam_00019744,pdam_00011267,pdam_00011309,pdam_00012965,pdam_00002566,pdam_00019812,pdam_00015025,pdam_00002481,pdam_00002575,pdam_00005270,pdam_00016000,pdam_00011202,pdam_00020693,pdam_00006038,pdam_00018862,pdam_00006023,pdam_00012732,pdam_00006052,pdam_00009168,pdam_00019151,pdam_00024751,pdam_00002757,pdam_00019142,pdam_00020312,pdam_00012541,pdam_00022511,pdam_00017485,pdam_00000799,pdam_00000741,pdam_00000855,pdam_00000790,pdam_00000891,pdam_00012938,pdam_00008450,pdam_00012953,pdam_00013103,pdam_00013121,pdam_00024018,pdam_00009353,pdam_00001994,pdam_00001999,pdam_00009362,pdam_00009377,pdam_00007829,pdam_00000569,pdam_00000657,pdam_00000625,pdam_00018713,pdam_00019709,pdam_00025531,pdam_00023275,pdam_00022323,pdam_00021578,pdam_00007681,pdam_00015679,pdam_00024466,pdam_00007649,pdam_00019558,pdam_00009597,pdam_00009596,pdam_00009628,pdam_00021008,pdam_00023287,pdam_00021006,pdam_00023283,pdam_00012924,pdam_00012588,pdam_00012575,pdam_00002160,pdam_00002103,pdam_00019081,pdam_00002197,pdam_00015117,pdam_00005379,pdam_00005366,pdam_00010651,pdam_00002647,pdam_00002640,pdam_00005392,pdam_00015376,pdam_00005357,pdam_00015397,pdam_00005410,pdam_00016306,pdam_00005465,pdam_00015189,pdam_00019604,pdam_00017145,pdam_00008028,pdam_00018611,pdam_00001559,pdam_00001526,pdam_00001629,pdam_00014306,pdam_00001527,pdam_00001590,pdam_00008293,pdam_00008319,pdam_00008267,pdam_00008323,pdam_00023499,pdam_00018100,pdam_00022745,pdam_00003881,pdam_00011234,pdam_00005823,pdam_00013356,pdam_00011246,pdam_00017632,pdam_00008622,pdam_00017615,pdam_00009141,pdam_00024741,pdam_00017284,pdam_00013940,pdam_00013948,pdam_00004790,pdam_00017205,pdam_00017207,pdam_00002898,pdam_00021288,pdam_00006946,pdam_00006940,pdam_00024410,pdam_00010457,pdam_00006913,pdam_00008746,pdam_00018312,pdam_00009240,pdam_00021435,pdam_00017250,pdam_00003213,pdam_00015434,pdam_00022881,pdam_00021175,pdam_00018895,pdam_00015425,pdam_00024706,pdam_00021990,pdam_00018446,pdam_00004034,pdam_00004709,pdam_00004657,pdam_00011385,pdam_00011355,pdam_00004682,pdam_00012628,pdam_00014839,pdam_00020298,pdam_00008123,pdam_00010300,pdam_00008096,pdam_00010330,pdam_00019279,pdam_00020297,pdam_00012184,pdam_00004748,pdam_00003765,pdam_00003707,pdam_00003682,pdam_00015167,pdam_00024085,pdam_00019214,pdam_00003699,pdam_00007963,pdam_00010348,pdam_00021106,pdam_00015533,pdam_00015523,pdam_00004264,pdam_00019289,pdam_00016860,pdam_00010949,pdam_00022878,pdam_00021681,pdam_00015554,pdam_00016528,pdam_00014234,pdam_00022002,pdam_00018698,pdam_00000365,pdam_00000406,pdam_00000305,pdam_00023034,pdam_00000286,pdam_00010732,pdam_00000404,pdam_00013137,pdam_00013143,pdam_00013135,pdam_00012132,pdam_00010703,pdam_00011963,pdam_00014915,pdam_00013149,pdam_00019989,pdam_00014105,pdam_00009301,pdam_00009346,pdam_00013884,pdam_00011543,pdam_00014119,pdam_00011167,pdam_00022537,pdam_00019671,pdam_00019690,pdam_00019689,pdam_00007253,pdam_00007280,pdam_00010167,pdam_00010145,pdam_00007416,pdam_00019376,pdam_00013313,pdam_00001637,pdam_00013317,pdam_00001658,pdam_00001685,pdam_00025177,pdam_00001732,pdam_00019095,pdam_00009536,pdam_00015511,pdam_00020921,pdam_00020910,pdam_00006283,pdam_00021725,pdam_00011678,pdam_00011448,pdam_00011459,pdam_00015886,pdam_00010388,pdam_00004423,pdam_00007190,pdam_00002396,pdam_00008862,pdam_00007220,pdam_00024549,pdam_00002428,pdam_00021214,pdam_00009924,pdam_00015784,pdam_00008853,pdam_00009926,pdam_00014942,pdam_00011068,pdam_00016963,pdam_00016974,pdam_00002445,pdam_00006176,pdam_00010567,pdam_00016972,pdam_00007005,pdam_00016013,pdam_00024234,pdam_00005757,pdam_00015730,pdam_00015895,pdam_00006958,pdam_00006750,pdam_00006776,pdam_00004989,pdam_00015932,pdam_00013844,pdam_00000134,pdam_00000018,pdam_00000141,pdam_00000230,pdam_00000057,pdam_00012506,pdam_00020643,pdam_00012504,pdam_00012531,pdam_00010750,pdam_00022056,pdam_00010753,pdam_00020868,pdam_00010768,pdam_00006434,pdam_00000173,pdam_00022560,pdam_00009520,pdam_00009511,pdam_00019448,pdam_00009514,pdam_00021425,pdam_00009493,pdam_00022185,pdam_00018839,pdam_00006465,pdam_00009956,pdam_00009777,pdam_00022949,pdam_00007729,pdam_00007745,pdam_00005709,pdam_00011879,pdam_00022233,pdam_00020119,pdam_00013047,pdam_00009797,pdam_00010508,pdam_00010490,pdam_00010501,pdam_00014013,pdam_00021218,pdam_00020116,pdam_00020461,pdam_00001150,pdam_00001113,pdam_00019310,pdam_00010488,pdam_00001162,pdam_00004516,pdam_00004523,pdam_00017025,pdam_00009086,pdam_00001121,pdam_00017995,pdam_00009089,pdam_00020208,pdam_00017111,pdam_00001411,pdam_00001382,pdam_00019951,pdam_00019960,pdam_00013749,pdam_00021315,pdam_00001412,pdam_00003504,pdam_00003499,pdam_00003489,pdam_00007537,pdam_00003430,pdam_00016689,pdam_00024080,pdam_00003479,pdam_00005669,pdam_00007364,pdam_00003560,pdam_00003579,pdam_00005624,pdam_00003541,pdam_00003527,pdam_00013736,pdam_00020432
GO Component	GO:0016020	Membrane	209	6170	0.18	0.67	2.69e-08	46731.A0A3M6T469,46731.A0A3M6T4G8,46731.A0A3M6T4I9,46731.A0A3M6T4L6,46731.A0A3M6T535,46731.A0A3M6T5B6,46731.A0A3M6T6B6,46731.A0A3M6T6M6,46731.A0A3M6T740,46731.A0A3M6T7B9,46731.A0A3M6T7Q3,46731.A0A3M6T7U5,46731.A0A3M6T856,46731.A0A3M6T862,46731.A0A3M6T989,46731.A0A3M6TA47,46731.A0A3M6TB15,46731.A0A3M6TC03,46731.A0A3M6TCG5,46731.A0A3M6TCK6,46731.A0A3M6TCN5,46731.A0A3M6TD71,46731.A0A3M6TDQ5,46731.A0A3M6TDQ9,46731.A0A3M6TE44,46731.A0A3M6TE51,46731.A0A3M6TEE2,46731.A0A3M6TF35,46731.A0A3M6TFP7,46731.A0A3M6TFQ9,46731.A0A3M6TFZ9,46731.A0A3M6TG13,46731.A0A3M6TGB4,46731.A0A3M6TGL6,46731.A0A3M6TGX4,46731.A0A3M6TGZ5,46731.A0A3M6THC8,46731.A0A3M6TI01,46731.A0A3M6TII5,46731.A0A3M6TIX2,46731.A0A3M6TJR0,46731.A0A3M6TJR9,46731.A0A3M6TKC4,46731.A0A3M6TL36,46731.A0A3M6TL47,46731.A0A3M6TLI2,46731.A0A3M6TLN5,46731.A0A3M6TM85,46731.A0A3M6TMA0,46731.A0A3M6TMH4,46731.A0A3M6TN24,46731.A0A3M6TNR8,46731.A0A3M6TP39,46731.A0A3M6TP40,46731.A0A3M6TP71,46731.A0A3M6TP85,46731.A0A3M6TPE5,46731.A0A3M6TPY8,46731.A0A3M6TR27,46731.A0A3M6TR46,46731.A0A3M6TR98,46731.A0A3M6TRR8,46731.A0A3M6TS39,46731.A0A3M6TSB3,46731.A0A3M6TSU9,46731.A0A3M6TSX7,46731.A0A3M6TTL2,46731.A0A3M6TTQ7,46731.A0A3M6TUS8,46731.A0A3M6TVA7,46731.A0A3M6TVB9,46731.A0A3M6TVZ9,46731.A0A3M6TX49,46731.A0A3M6TXF9,46731.A0A3M6TXH4,46731.A0A3M6TYN1,46731.A0A3M6TYX6,46731.A0A3M6TZ57,46731.A0A3M6TZA7,46731.A0A3M6TZY0,46731.A0A3M6U028,46731.A0A3M6U075,46731.A0A3M6U0A4,46731.A0A3M6U0Z8,46731.A0A3M6U150,46731.A0A3M6U1M9,46731.A0A3M6U282,46731.A0A3M6U2S6,46731.A0A3M6U333,46731.A0A3M6U354,46731.A0A3M6U376,46731.A0A3M6U3D8,46731.A0A3M6U3V6,46731.A0A3M6U474,46731.A0A3M6U514,46731.A0A3M6U534,46731.A0A3M6U5P1,46731.A0A3M6U5U1,46731.A0A3M6U5X5,46731.A0A3M6U600,46731.A0A3M6U6B4,46731.A0A3M6U801,46731.A0A3M6U8A9,46731.A0A3M6U997,46731.A0A3M6U9J8,46731.A0A3M6UA15,46731.A0A3M6UAI7,46731.A0A3M6UB82,46731.A0A3M6UBD2,46731.A0A3M6UC85,46731.A0A3M6UCD4,46731.A0A3M6UCE4,46731.A0A3M6UCW9,46731.A0A3M6UD71,46731.A0A3M6UD97,46731.A0A3M6UDH3,46731.A0A3M6UDP4,46731.A0A3M6UE64,46731.A0A3M6UE91,46731.A0A3M6UEL8,46731.A0A3M6UEN2,46731.A0A3M6UGP9,46731.A0A3M6UGZ0,46731.A0A3M6UHV1,46731.A0A3M6UIB8,46731.A0A3M6UIJ6,46731.A0A3M6UK77,46731.A0A3M6UKA8,46731.A0A3M6UKH7,46731.A0A3M6UKS2,46731.A0A3M6UKT9,46731.A0A3M6UL04,46731.A0A3M6ULG9,46731.A0A3M6ULQ8,46731.A0A3M6UM15,46731.A0A3M6UM91,46731.A0A3M6UN04,46731.A0A3M6UN43,46731.A0A3M6UP48,46731.A0A3M6UP50,46731.A0A3M6UP66,46731.A0A3M6UPC4,46731.A0A3M6UPM0,46731.A0A3M6UPN3,46731.A0A3M6UPX3,46731.A0A3M6UQ25,46731.A0A3M6UQ65,46731.A0A3M6UQF8,46731.A0A3M6UQY5,46731.A0A3M6URA4,46731.A0A3M6URM2,46731.A0A3M6URV9,46731.A0A3M6US82,46731.A0A3M6US90,46731.A0A3M6USA1,46731.A0A3M6USY5,46731.A0A3M6USZ5,46731.A0A3M6UT39,46731.A0A3M6UTG1,46731.A0A3M6UTH2,46731.A0A3M6UTK8,46731.A0A3M6UTY2,46731.A0A3M6UUA5,46731.A0A3M6UUJ0,46731.A0A3M6UUU6,46731.A0A3M6UVS6,46731.A0A3M6UW01,46731.A0A3M6UWF2,46731.A0A3M6UX67,46731.A0A3M6UX77,46731.A0A3M6UXE6,46731.A0A3M6UXH5,46731.A0A3M6UXL1,46731.A0A3M6UXQ5,46731.A0A3M6UXS8,46731.A0A3M6UXY1,46731.A0A3M6UY03,46731.A0A3M6UYC5,46731.A0A3M6UYG4,46731.A0A3M6UYJ5,46731.A0A3M6UYN2,46731.A0A3M6UYX5,46731.A0A3M6UZ79,46731.A0A3M6UZH4,46731.A0A3M6UZT3,46731.A0A3M6V082,46731.A0A3M6V0M3,46731.A0A3M6V0M4,46731.A0A3M6V112,46731.A0A3M6V149,46731.A0A3M6V163,46731.A0A3M6V1H8,46731.A0A3M6V233,46731.A0A3M6V237,46731.A0A3M6V2K6,46731.A0A3M6V357,46731.A0A3M6V3K7,46731.A0A3M6V3N6,46731.A0A3M6V3T5,46731.A0A3M6V433,46731.A0A3M6V437,46731.A0A3M6V4Q7,46731.A0A3M6V566,46731.A0A3M6V5L3,46731.A0A3M6V5W0,46731.A0A3M6V6E6,46731.A0A3M6V6H2,46731.A0A3M6V6W1,46731.A0A3M6V6Y7	pdam_00019771,pdam_00003812,pdam_00019775,pdam_00021762,pdam_00010041,pdam_00019229,pdam_00000942,pdam_00005030,pdam_00011425,pdam_00008954,pdam_00008942,pdam_00024112,pdam_00012826,pdam_00007904,pdam_00009047,pdam_00003331,pdam_00008396,pdam_00013976,pdam_00019240,pdam_00020527,pdam_00021478,pdam_00016741,pdam_00005957,pdam_00015588,pdam_00004024,pdam_00003972,pdam_00022332,pdam_00021264,pdam_00014342,pdam_00002269,pdam_00008706,pdam_00008702,pdam_00009469,pdam_00022449,pdam_00009882,pdam_00019936,pdam_00006544,pdam_00011563,pdam_00003243,pdam_00018331,pdam_00008664,pdam_00008875,pdam_00005587,pdam_00020945,pdam_00001308,pdam_00001270,pdam_00009405,pdam_00010901,pdam_00004886,pdam_00010278,pdam_00021905,pdam_00015296,pdam_00009747,pdam_00009749,pdam_00006877,pdam_00006884,pdam_00014570,pdam_00001953,pdam_00006359,pdam_00017847,pdam_00019744,pdam_00002566,pdam_00002575,pdam_00005270,pdam_00018862,pdam_00006023,pdam_00019151,pdam_00024751,pdam_00017485,pdam_00000799,pdam_00000741,pdam_00012953,pdam_00024018,pdam_00001999,pdam_00009362,pdam_00000625,pdam_00025531,pdam_00022323,pdam_00024466,pdam_00019558,pdam_00009597,pdam_00009596,pdam_00021008,pdam_00012924,pdam_00012575,pdam_00002103,pdam_00015117,pdam_00005366,pdam_00002647,pdam_00002640,pdam_00005392,pdam_00015376,pdam_00016306,pdam_00015189,pdam_00001629,pdam_00014306,pdam_00008319,pdam_00008323,pdam_00023499,pdam_00018100,pdam_00003881,pdam_00009141,pdam_00017284,pdam_00017207,pdam_00006946,pdam_00008746,pdam_00021435,pdam_00003213,pdam_00022881,pdam_00004709,pdam_00011385,pdam_00011355,pdam_00012628,pdam_00014839,pdam_00020298,pdam_00010330,pdam_00019279,pdam_00012184,pdam_00004748,pdam_00003682,pdam_00015167,pdam_00019289,pdam_00010949,pdam_00016528,pdam_00014234,pdam_00018698,pdam_00013137,pdam_00013143,pdam_00013135,pdam_00011963,pdam_00014915,pdam_00013149,pdam_00019989,pdam_00014105,pdam_00011543,pdam_00014119,pdam_00019690,pdam_00007253,pdam_00010167,pdam_00010145,pdam_00007416,pdam_00013313,pdam_00001658,pdam_00001685,pdam_00019095,pdam_00009536,pdam_00020910,pdam_00006283,pdam_00021725,pdam_00011678,pdam_00015886,pdam_00010388,pdam_00007190,pdam_00002396,pdam_00008862,pdam_00009924,pdam_00015784,pdam_00014942,pdam_00016963,pdam_00016974,pdam_00002445,pdam_00006176,pdam_00010567,pdam_00016972,pdam_00016013,pdam_00006958,pdam_00006776,pdam_00004989,pdam_00000018,pdam_00000141,pdam_00000230,pdam_00000057,pdam_00020643,pdam_00012504,pdam_00010750,pdam_00022056,pdam_00020868,pdam_00022560,pdam_00009511,pdam_00019448,pdam_00009514,pdam_00022185,pdam_00006465,pdam_00009956,pdam_00022949,pdam_00022233,pdam_00013047,pdam_00009797,pdam_00010508,pdam_00010490,pdam_00010501,pdam_00021218,pdam_00019310,pdam_00010488,pdam_00004523,pdam_00009089,pdam_00001411,pdam_00001382,pdam_00019951,pdam_00019960,pdam_00013749,pdam_00003489,pdam_00007537,pdam_00003479,pdam_00007364,pdam_00003579,pdam_00005624,pdam_00013736,pdam_00020432
GO Component	GO:0016021	Integral component of membrane	150	4287	0.19	0.6	4.68e-06	46731.A0A3M6T469,46731.A0A3M6T4G8,46731.A0A3M6T4I9,46731.A0A3M6T5B6,46731.A0A3M6T6B6,46731.A0A3M6T740,46731.A0A3M6T7Q3,46731.A0A3M6T7U5,46731.A0A3M6T856,46731.A0A3M6TA47,46731.A0A3M6TB15,46731.A0A3M6TC03,46731.A0A3M6TCG5,46731.A0A3M6TCK6,46731.A0A3M6TD71,46731.A0A3M6TEE2,46731.A0A3M6TF35,46731.A0A3M6TFP7,46731.A0A3M6TGL6,46731.A0A3M6TGX4,46731.A0A3M6TGZ5,46731.A0A3M6TI01,46731.A0A3M6TII5,46731.A0A3M6TJR0,46731.A0A3M6TJR9,46731.A0A3M6TL36,46731.A0A3M6TL47,46731.A0A3M6TLI2,46731.A0A3M6TLN5,46731.A0A3M6TMA0,46731.A0A3M6TMH4,46731.A0A3M6TNR8,46731.A0A3M6TP39,46731.A0A3M6TP40,46731.A0A3M6TP85,46731.A0A3M6TPE5,46731.A0A3M6TR27,46731.A0A3M6TR46,46731.A0A3M6TR98,46731.A0A3M6TRR8,46731.A0A3M6TSX7,46731.A0A3M6TTL2,46731.A0A3M6TTQ7,46731.A0A3M6TUS8,46731.A0A3M6TVA7,46731.A0A3M6TVZ9,46731.A0A3M6TX49,46731.A0A3M6TXF9,46731.A0A3M6TYN1,46731.A0A3M6TZ57,46731.A0A3M6TZA7,46731.A0A3M6TZY0,46731.A0A3M6U075,46731.A0A3M6U0A4,46731.A0A3M6U0Z8,46731.A0A3M6U1M9,46731.A0A3M6U282,46731.A0A3M6U2S6,46731.A0A3M6U376,46731.A0A3M6U3D8,46731.A0A3M6U3V6,46731.A0A3M6U514,46731.A0A3M6U534,46731.A0A3M6U5P1,46731.A0A3M6U5X5,46731.A0A3M6U6B4,46731.A0A3M6U801,46731.A0A3M6U8A9,46731.A0A3M6U997,46731.A0A3M6U9J8,46731.A0A3M6UA15,46731.A0A3M6UAI7,46731.A0A3M6UB82,46731.A0A3M6UC85,46731.A0A3M6UCD4,46731.A0A3M6UCW9,46731.A0A3M6UD97,46731.A0A3M6UDH3,46731.A0A3M6UE64,46731.A0A3M6UE91,46731.A0A3M6UEN2,46731.A0A3M6UGP9,46731.A0A3M6UGZ0,46731.A0A3M6UHV1,46731.A0A3M6UIB8,46731.A0A3M6UIJ6,46731.A0A3M6UK77,46731.A0A3M6UKH7,46731.A0A3M6UKS2,46731.A0A3M6UKT9,46731.A0A3M6UL04,46731.A0A3M6ULQ8,46731.A0A3M6UM91,46731.A0A3M6UN43,46731.A0A3M6UP48,46731.A0A3M6UP50,46731.A0A3M6UP66,46731.A0A3M6UPC4,46731.A0A3M6UPM0,46731.A0A3M6UPN3,46731.A0A3M6UPX3,46731.A0A3M6UQ25,46731.A0A3M6UQ65,46731.A0A3M6UQF8,46731.A0A3M6URA4,46731.A0A3M6URM2,46731.A0A3M6US82,46731.A0A3M6USY5,46731.A0A3M6UT39,46731.A0A3M6UTG1,46731.A0A3M6UTH2,46731.A0A3M6UTY2,46731.A0A3M6UUA5,46731.A0A3M6UUJ0,46731.A0A3M6UUU6,46731.A0A3M6UWF2,46731.A0A3M6UX77,46731.A0A3M6UXE6,46731.A0A3M6UXH5,46731.A0A3M6UXL1,46731.A0A3M6UXQ5,46731.A0A3M6UXS8,46731.A0A3M6UXY1,46731.A0A3M6UY03,46731.A0A3M6UYC5,46731.A0A3M6UYG4,46731.A0A3M6UYJ5,46731.A0A3M6UYX5,46731.A0A3M6UZT3,46731.A0A3M6V0M3,46731.A0A3M6V0M4,46731.A0A3M6V112,46731.A0A3M6V149,46731.A0A3M6V163,46731.A0A3M6V1H8,46731.A0A3M6V233,46731.A0A3M6V237,46731.A0A3M6V2K6,46731.A0A3M6V357,46731.A0A3M6V3K7,46731.A0A3M6V3N6,46731.A0A3M6V3T5,46731.A0A3M6V433,46731.A0A3M6V437,46731.A0A3M6V4Q7,46731.A0A3M6V5L3,46731.A0A3M6V5W0,46731.A0A3M6V6E6,46731.A0A3M6V6W1,46731.A0A3M6V6Y7	pdam_00019771,pdam_00003812,pdam_00019775,pdam_00019229,pdam_00000942,pdam_00011425,pdam_00008942,pdam_00024112,pdam_00012826,pdam_00003331,pdam_00008396,pdam_00013976,pdam_00019240,pdam_00020527,pdam_00016741,pdam_00022332,pdam_00021264,pdam_00014342,pdam_00022449,pdam_00009882,pdam_00019936,pdam_00011563,pdam_00003243,pdam_00008664,pdam_00008875,pdam_00020945,pdam_00001308,pdam_00001270,pdam_00009405,pdam_00004886,pdam_00010278,pdam_00015296,pdam_00009747,pdam_00009749,pdam_00006884,pdam_00014570,pdam_00006359,pdam_00017847,pdam_00019744,pdam_00002566,pdam_00006023,pdam_00019151,pdam_00024751,pdam_00017485,pdam_00000799,pdam_00012953,pdam_00024018,pdam_00001999,pdam_00000625,pdam_00022323,pdam_00024466,pdam_00019558,pdam_00009596,pdam_00021008,pdam_00012924,pdam_00002103,pdam_00015117,pdam_00005366,pdam_00005392,pdam_00015376,pdam_00016306,pdam_00001629,pdam_00014306,pdam_00008319,pdam_00023499,pdam_00003881,pdam_00009141,pdam_00017284,pdam_00017207,pdam_00006946,pdam_00008746,pdam_00021435,pdam_00003213,pdam_00004709,pdam_00011385,pdam_00012628,pdam_00020298,pdam_00010330,pdam_00012184,pdam_00004748,pdam_00015167,pdam_00019289,pdam_00010949,pdam_00016528,pdam_00014234,pdam_00018698,pdam_00013137,pdam_00013135,pdam_00011963,pdam_00014915,pdam_00013149,pdam_00014105,pdam_00014119,pdam_00007253,pdam_00010167,pdam_00010145,pdam_00007416,pdam_00013313,pdam_00001658,pdam_00001685,pdam_00019095,pdam_00009536,pdam_00020910,pdam_00006283,pdam_00011678,pdam_00015886,pdam_00007190,pdam_00009924,pdam_00014942,pdam_00016963,pdam_00016974,pdam_00006176,pdam_00010567,pdam_00016972,pdam_00016013,pdam_00004989,pdam_00000141,pdam_00000230,pdam_00000057,pdam_00020643,pdam_00012504,pdam_00010750,pdam_00022056,pdam_00020868,pdam_00022560,pdam_00009511,pdam_00019448,pdam_00022185,pdam_00022949,pdam_00013047,pdam_00009797,pdam_00010508,pdam_00010490,pdam_00010501,pdam_00021218,pdam_00019310,pdam_00010488,pdam_00004523,pdam_00009089,pdam_00001411,pdam_00001382,pdam_00019951,pdam_00019960,pdam_00013749,pdam_00003489,pdam_00003479,pdam_00007364,pdam_00003579,pdam_00013736,pdam_00020432
GO Component	GO:0031224	Intrinsic component of membrane	151	4346	0.19	0.6	4.83e-06	46731.A0A3M6T469,46731.A0A3M6T4G8,46731.A0A3M6T4I9,46731.A0A3M6T5B6,46731.A0A3M6T6B6,46731.A0A3M6T740,46731.A0A3M6T7Q3,46731.A0A3M6T7U5,46731.A0A3M6T856,46731.A0A3M6TA47,46731.A0A3M6TB15,46731.A0A3M6TC03,46731.A0A3M6TCG5,46731.A0A3M6TCK6,46731.A0A3M6TD71,46731.A0A3M6TEE2,46731.A0A3M6TF35,46731.A0A3M6TFP7,46731.A0A3M6TGL6,46731.A0A3M6TGX4,46731.A0A3M6TGZ5,46731.A0A3M6TI01,46731.A0A3M6TII5,46731.A0A3M6TJR0,46731.A0A3M6TJR9,46731.A0A3M6TL36,46731.A0A3M6TL47,46731.A0A3M6TLI2,46731.A0A3M6TLN5,46731.A0A3M6TMA0,46731.A0A3M6TMH4,46731.A0A3M6TNR8,46731.A0A3M6TP39,46731.A0A3M6TP40,46731.A0A3M6TP85,46731.A0A3M6TPE5,46731.A0A3M6TR27,46731.A0A3M6TR46,46731.A0A3M6TR98,46731.A0A3M6TRR8,46731.A0A3M6TSX7,46731.A0A3M6TTL2,46731.A0A3M6TTQ7,46731.A0A3M6TUS8,46731.A0A3M6TVA7,46731.A0A3M6TVZ9,46731.A0A3M6TX49,46731.A0A3M6TXF9,46731.A0A3M6TYN1,46731.A0A3M6TZ57,46731.A0A3M6TZA7,46731.A0A3M6TZY0,46731.A0A3M6U075,46731.A0A3M6U0A4,46731.A0A3M6U0Z8,46731.A0A3M6U1M9,46731.A0A3M6U282,46731.A0A3M6U2S6,46731.A0A3M6U376,46731.A0A3M6U3D8,46731.A0A3M6U3V6,46731.A0A3M6U514,46731.A0A3M6U534,46731.A0A3M6U5P1,46731.A0A3M6U5X5,46731.A0A3M6U6B4,46731.A0A3M6U801,46731.A0A3M6U8A9,46731.A0A3M6U997,46731.A0A3M6U9J8,46731.A0A3M6UA15,46731.A0A3M6UAI7,46731.A0A3M6UB82,46731.A0A3M6UC85,46731.A0A3M6UCD4,46731.A0A3M6UCE4,46731.A0A3M6UCW9,46731.A0A3M6UD97,46731.A0A3M6UDH3,46731.A0A3M6UE64,46731.A0A3M6UE91,46731.A0A3M6UEN2,46731.A0A3M6UGP9,46731.A0A3M6UGZ0,46731.A0A3M6UHV1,46731.A0A3M6UIB8,46731.A0A3M6UIJ6,46731.A0A3M6UK77,46731.A0A3M6UKH7,46731.A0A3M6UKS2,46731.A0A3M6UKT9,46731.A0A3M6UL04,46731.A0A3M6ULQ8,46731.A0A3M6UM91,46731.A0A3M6UN43,46731.A0A3M6UP48,46731.A0A3M6UP50,46731.A0A3M6UP66,46731.A0A3M6UPC4,46731.A0A3M6UPM0,46731.A0A3M6UPN3,46731.A0A3M6UPX3,46731.A0A3M6UQ25,46731.A0A3M6UQ65,46731.A0A3M6UQF8,46731.A0A3M6URA4,46731.A0A3M6URM2,46731.A0A3M6US82,46731.A0A3M6USY5,46731.A0A3M6UT39,46731.A0A3M6UTG1,46731.A0A3M6UTH2,46731.A0A3M6UTY2,46731.A0A3M6UUA5,46731.A0A3M6UUJ0,46731.A0A3M6UUU6,46731.A0A3M6UWF2,46731.A0A3M6UX77,46731.A0A3M6UXE6,46731.A0A3M6UXH5,46731.A0A3M6UXL1,46731.A0A3M6UXQ5,46731.A0A3M6UXS8,46731.A0A3M6UXY1,46731.A0A3M6UY03,46731.A0A3M6UYC5,46731.A0A3M6UYG4,46731.A0A3M6UYJ5,46731.A0A3M6UYX5,46731.A0A3M6UZT3,46731.A0A3M6V0M3,46731.A0A3M6V0M4,46731.A0A3M6V112,46731.A0A3M6V149,46731.A0A3M6V163,46731.A0A3M6V1H8,46731.A0A3M6V233,46731.A0A3M6V237,46731.A0A3M6V2K6,46731.A0A3M6V357,46731.A0A3M6V3K7,46731.A0A3M6V3N6,46731.A0A3M6V3T5,46731.A0A3M6V433,46731.A0A3M6V437,46731.A0A3M6V4Q7,46731.A0A3M6V5L3,46731.A0A3M6V5W0,46731.A0A3M6V6E6,46731.A0A3M6V6W1,46731.A0A3M6V6Y7	pdam_00019771,pdam_00003812,pdam_00019775,pdam_00019229,pdam_00000942,pdam_00011425,pdam_00008942,pdam_00024112,pdam_00012826,pdam_00003331,pdam_00008396,pdam_00013976,pdam_00019240,pdam_00020527,pdam_00016741,pdam_00022332,pdam_00021264,pdam_00014342,pdam_00022449,pdam_00009882,pdam_00019936,pdam_00011563,pdam_00003243,pdam_00008664,pdam_00008875,pdam_00020945,pdam_00001308,pdam_00001270,pdam_00009405,pdam_00004886,pdam_00010278,pdam_00015296,pdam_00009747,pdam_00009749,pdam_00006884,pdam_00014570,pdam_00006359,pdam_00017847,pdam_00019744,pdam_00002566,pdam_00006023,pdam_00019151,pdam_00024751,pdam_00017485,pdam_00000799,pdam_00012953,pdam_00024018,pdam_00001999,pdam_00000625,pdam_00022323,pdam_00024466,pdam_00019558,pdam_00009596,pdam_00021008,pdam_00012924,pdam_00002103,pdam_00015117,pdam_00005366,pdam_00005392,pdam_00015376,pdam_00016306,pdam_00001629,pdam_00014306,pdam_00008319,pdam_00023499,pdam_00003881,pdam_00009141,pdam_00017284,pdam_00017207,pdam_00006946,pdam_00008746,pdam_00021435,pdam_00003213,pdam_00004709,pdam_00011385,pdam_00011355,pdam_00012628,pdam_00020298,pdam_00010330,pdam_00012184,pdam_00004748,pdam_00015167,pdam_00019289,pdam_00010949,pdam_00016528,pdam_00014234,pdam_00018698,pdam_00013137,pdam_00013135,pdam_00011963,pdam_00014915,pdam_00013149,pdam_00014105,pdam_00014119,pdam_00007253,pdam_00010167,pdam_00010145,pdam_00007416,pdam_00013313,pdam_00001658,pdam_00001685,pdam_00019095,pdam_00009536,pdam_00020910,pdam_00006283,pdam_00011678,pdam_00015886,pdam_00007190,pdam_00009924,pdam_00014942,pdam_00016963,pdam_00016974,pdam_00006176,pdam_00010567,pdam_00016972,pdam_00016013,pdam_00004989,pdam_00000141,pdam_00000230,pdam_00000057,pdam_00020643,pdam_00012504,pdam_00010750,pdam_00022056,pdam_00020868,pdam_00022560,pdam_00009511,pdam_00019448,pdam_00022185,pdam_00022949,pdam_00013047,pdam_00009797,pdam_00010508,pdam_00010490,pdam_00010501,pdam_00021218,pdam_00019310,pdam_00010488,pdam_00004523,pdam_00009089,pdam_00001411,pdam_00001382,pdam_00019951,pdam_00019960,pdam_00013749,pdam_00003489,pdam_00003479,pdam_00007364,pdam_00003579,pdam_00013736,pdam_00020432
GO Component	GO:0005886	Plasma membrane	124	3369	0.21	0.62	5.13e-06	46731.A0A3M6T469,46731.A0A3M6T4I9,46731.A0A3M6T4L6,46731.A0A3M6T5B6,46731.A0A3M6T740,46731.A0A3M6T7B9,46731.A0A3M6T7Q3,46731.A0A3M6T7U5,46731.A0A3M6T862,46731.A0A3M6T989,46731.A0A3M6TA47,46731.A0A3M6TC03,46731.A0A3M6TCG5,46731.A0A3M6TCK6,46731.A0A3M6TD71,46731.A0A3M6TDQ5,46731.A0A3M6TDQ9,46731.A0A3M6TEE2,46731.A0A3M6TF35,46731.A0A3M6TFP7,46731.A0A3M6TGX4,46731.A0A3M6TGZ5,46731.A0A3M6TI01,46731.A0A3M6TII5,46731.A0A3M6TJR0,46731.A0A3M6TJR9,46731.A0A3M6TKC4,46731.A0A3M6TL36,46731.A0A3M6TLI2,46731.A0A3M6TM85,46731.A0A3M6TMA0,46731.A0A3M6TMH4,46731.A0A3M6TP39,46731.A0A3M6TP40,46731.A0A3M6TP71,46731.A0A3M6TPE5,46731.A0A3M6TR27,46731.A0A3M6TR98,46731.A0A3M6TSU9,46731.A0A3M6TTL2,46731.A0A3M6TVZ9,46731.A0A3M6TX49,46731.A0A3M6TXF9,46731.A0A3M6TZ57,46731.A0A3M6TZA7,46731.A0A3M6TZY0,46731.A0A3M6U075,46731.A0A3M6U1M9,46731.A0A3M6U282,46731.A0A3M6U2S6,46731.A0A3M6U514,46731.A0A3M6U5P1,46731.A0A3M6U5X5,46731.A0A3M6U6B4,46731.A0A3M6U801,46731.A0A3M6U9J8,46731.A0A3M6UA15,46731.A0A3M6UAI7,46731.A0A3M6UCE4,46731.A0A3M6UCW9,46731.A0A3M6UDH3,46731.A0A3M6UE64,46731.A0A3M6UGP9,46731.A0A3M6UGZ0,46731.A0A3M6UIJ6,46731.A0A3M6UK77,46731.A0A3M6UKH7,46731.A0A3M6UKS2,46731.A0A3M6UKT9,46731.A0A3M6UL04,46731.A0A3M6ULG9,46731.A0A3M6UM15,46731.A0A3M6UN04,46731.A0A3M6UP48,46731.A0A3M6UP50,46731.A0A3M6UP66,46731.A0A3M6UPC4,46731.A0A3M6UPM0,46731.A0A3M6UPX3,46731.A0A3M6UQ65,46731.A0A3M6UQF8,46731.A0A3M6UQY5,46731.A0A3M6URA4,46731.A0A3M6URM2,46731.A0A3M6USZ5,46731.A0A3M6UT39,46731.A0A3M6UTG1,46731.A0A3M6UTH2,46731.A0A3M6UTK8,46731.A0A3M6UTY2,46731.A0A3M6UUA5,46731.A0A3M6UUJ0,46731.A0A3M6UUU6,46731.A0A3M6UWF2,46731.A0A3M6UX67,46731.A0A3M6UX77,46731.A0A3M6UXE6,46731.A0A3M6UXH5,46731.A0A3M6UXL1,46731.A0A3M6UXQ5,46731.A0A3M6UXY1,46731.A0A3M6UY03,46731.A0A3M6UYC5,46731.A0A3M6UYG4,46731.A0A3M6UYJ5,46731.A0A3M6UYN2,46731.A0A3M6UZT3,46731.A0A3M6V082,46731.A0A3M6V0M3,46731.A0A3M6V0M4,46731.A0A3M6V112,46731.A0A3M6V163,46731.A0A3M6V233,46731.A0A3M6V2K6,46731.A0A3M6V3N6,46731.A0A3M6V433,46731.A0A3M6V437,46731.A0A3M6V4Q7,46731.A0A3M6V566,46731.A0A3M6V5L3,46731.A0A3M6V6E6,46731.A0A3M6V6H2,46731.A0A3M6V6W1,46731.A0A3M6V6Y7	pdam_00019771,pdam_00019775,pdam_00021762,pdam_00019229,pdam_00011425,pdam_00008954,pdam_00008942,pdam_00024112,pdam_00007904,pdam_00009047,pdam_00003331,pdam_00013976,pdam_00019240,pdam_00020527,pdam_00016741,pdam_00005957,pdam_00015588,pdam_00022332,pdam_00021264,pdam_00014342,pdam_00009882,pdam_00019936,pdam_00011563,pdam_00003243,pdam_00008664,pdam_00008875,pdam_00005587,pdam_00020945,pdam_00001270,pdam_00010901,pdam_00004886,pdam_00010278,pdam_00009747,pdam_00009749,pdam_00006877,pdam_00014570,pdam_00006359,pdam_00019744,pdam_00018862,pdam_00019151,pdam_00012953,pdam_00024018,pdam_00001999,pdam_00022323,pdam_00024466,pdam_00019558,pdam_00009596,pdam_00002103,pdam_00015117,pdam_00005366,pdam_00001629,pdam_00008319,pdam_00023499,pdam_00003881,pdam_00009141,pdam_00006946,pdam_00008746,pdam_00021435,pdam_00011355,pdam_00012628,pdam_00010330,pdam_00012184,pdam_00019289,pdam_00010949,pdam_00018698,pdam_00013137,pdam_00013135,pdam_00011963,pdam_00014915,pdam_00013149,pdam_00019989,pdam_00011543,pdam_00019690,pdam_00010167,pdam_00010145,pdam_00007416,pdam_00013313,pdam_00001658,pdam_00019095,pdam_00020910,pdam_00006283,pdam_00021725,pdam_00011678,pdam_00015886,pdam_00015784,pdam_00014942,pdam_00016963,pdam_00016974,pdam_00002445,pdam_00006176,pdam_00010567,pdam_00016972,pdam_00016013,pdam_00004989,pdam_00000018,pdam_00000141,pdam_00000230,pdam_00000057,pdam_00020643,pdam_00012504,pdam_00022056,pdam_00020868,pdam_00022560,pdam_00009511,pdam_00019448,pdam_00009514,pdam_00022949,pdam_00022233,pdam_00013047,pdam_00009797,pdam_00010508,pdam_00010501,pdam_00019310,pdam_00004523,pdam_00001382,pdam_00019960,pdam_00013749,pdam_00003489,pdam_00007537,pdam_00003479,pdam_00003579,pdam_00005624,pdam_00013736,pdam_00020432
GO Component	GO:0071944	Cell periphery	131	3663	0.2	0.6	7.96e-06	46731.A0A3M6T469,46731.A0A3M6T4I9,46731.A0A3M6T4L6,46731.A0A3M6T5B6,46731.A0A3M6T740,46731.A0A3M6T7B9,46731.A0A3M6T7Q3,46731.A0A3M6T7U5,46731.A0A3M6T862,46731.A0A3M6T8S7,46731.A0A3M6T989,46731.A0A3M6TA47,46731.A0A3M6TC03,46731.A0A3M6TCG5,46731.A0A3M6TCK6,46731.A0A3M6TD71,46731.A0A3M6TDQ5,46731.A0A3M6TDQ9,46731.A0A3M6TEE2,46731.A0A3M6TF35,46731.A0A3M6TFP7,46731.A0A3M6TGX4,46731.A0A3M6TGZ5,46731.A0A3M6TI01,46731.A0A3M6TII5,46731.A0A3M6TJR0,46731.A0A3M6TJR9,46731.A0A3M6TKC4,46731.A0A3M6TKP1,46731.A0A3M6TL36,46731.A0A3M6TLI2,46731.A0A3M6TM85,46731.A0A3M6TMA0,46731.A0A3M6TMH4,46731.A0A3M6TP39,46731.A0A3M6TP40,46731.A0A3M6TP71,46731.A0A3M6TPE5,46731.A0A3M6TR27,46731.A0A3M6TR98,46731.A0A3M6TSU9,46731.A0A3M6TTL2,46731.A0A3M6TVZ9,46731.A0A3M6TX49,46731.A0A3M6TXF9,46731.A0A3M6TZ57,46731.A0A3M6TZA7,46731.A0A3M6TZY0,46731.A0A3M6U075,46731.A0A3M6U1M9,46731.A0A3M6U282,46731.A0A3M6U2S6,46731.A0A3M6U514,46731.A0A3M6U5P1,46731.A0A3M6U5X5,46731.A0A3M6U6B4,46731.A0A3M6U801,46731.A0A3M6U9C7,46731.A0A3M6U9J8,46731.A0A3M6U9M7,46731.A0A3M6UA15,46731.A0A3M6UAI7,46731.A0A3M6UCE4,46731.A0A3M6UCW9,46731.A0A3M6UDH3,46731.A0A3M6UE64,46731.A0A3M6UEC4,46731.A0A3M6UGP9,46731.A0A3M6UGZ0,46731.A0A3M6UIJ6,46731.A0A3M6UJC4,46731.A0A3M6UK77,46731.A0A3M6UKH7,46731.A0A3M6UKS2,46731.A0A3M6UKT9,46731.A0A3M6UL04,46731.A0A3M6ULG9,46731.A0A3M6UM15,46731.A0A3M6UN04,46731.A0A3M6UP48,46731.A0A3M6UP50,46731.A0A3M6UP66,46731.A0A3M6UPC4,46731.A0A3M6UPM0,46731.A0A3M6UPX3,46731.A0A3M6UQ65,46731.A0A3M6UQF8,46731.A0A3M6UQY5,46731.A0A3M6URA4,46731.A0A3M6URM2,46731.A0A3M6USZ5,46731.A0A3M6UT39,46731.A0A3M6UTG1,46731.A0A3M6UTH2,46731.A0A3M6UTK8,46731.A0A3M6UTY2,46731.A0A3M6UUA5,46731.A0A3M6UUJ0,46731.A0A3M6UUU6,46731.A0A3M6UWF2,46731.A0A3M6UX67,46731.A0A3M6UX77,46731.A0A3M6UXE6,46731.A0A3M6UXH5,46731.A0A3M6UXL1,46731.A0A3M6UXQ5,46731.A0A3M6UXY1,46731.A0A3M6UY03,46731.A0A3M6UYC5,46731.A0A3M6UYG4,46731.A0A3M6UYJ5,46731.A0A3M6UYN2,46731.A0A3M6UZT3,46731.A0A3M6V082,46731.A0A3M6V0M3,46731.A0A3M6V0M4,46731.A0A3M6V112,46731.A0A3M6V163,46731.A0A3M6V1R6,46731.A0A3M6V233,46731.A0A3M6V2K6,46731.A0A3M6V3N6,46731.A0A3M6V433,46731.A0A3M6V437,46731.A0A3M6V4Q7,46731.A0A3M6V566,46731.A0A3M6V5L3,46731.A0A3M6V6E6,46731.A0A3M6V6H2,46731.A0A3M6V6W1,46731.A0A3M6V6Y7	pdam_00019771,pdam_00019775,pdam_00021762,pdam_00019229,pdam_00011425,pdam_00008954,pdam_00008942,pdam_00024112,pdam_00007904,pdam_00006607,pdam_00009047,pdam_00003331,pdam_00013976,pdam_00019240,pdam_00020527,pdam_00016741,pdam_00005957,pdam_00015588,pdam_00022332,pdam_00021264,pdam_00014342,pdam_00009882,pdam_00019936,pdam_00011563,pdam_00003243,pdam_00008664,pdam_00008875,pdam_00005587,pdam_00020941,pdam_00020945,pdam_00001270,pdam_00010901,pdam_00004886,pdam_00010278,pdam_00009747,pdam_00009749,pdam_00006877,pdam_00014570,pdam_00006359,pdam_00019744,pdam_00018862,pdam_00019151,pdam_00012953,pdam_00024018,pdam_00001999,pdam_00022323,pdam_00024466,pdam_00019558,pdam_00009596,pdam_00002103,pdam_00015117,pdam_00005366,pdam_00001629,pdam_00008319,pdam_00023499,pdam_00003881,pdam_00009141,pdam_00021288,pdam_00006946,pdam_00006940,pdam_00008746,pdam_00021435,pdam_00011355,pdam_00012628,pdam_00010330,pdam_00012184,pdam_00003765,pdam_00019289,pdam_00010949,pdam_00018698,pdam_00000406,pdam_00013137,pdam_00013135,pdam_00011963,pdam_00014915,pdam_00013149,pdam_00019989,pdam_00011543,pdam_00019690,pdam_00010167,pdam_00010145,pdam_00007416,pdam_00013313,pdam_00001658,pdam_00019095,pdam_00020910,pdam_00006283,pdam_00021725,pdam_00011678,pdam_00015886,pdam_00015784,pdam_00014942,pdam_00016963,pdam_00016974,pdam_00002445,pdam_00006176,pdam_00010567,pdam_00016972,pdam_00016013,pdam_00004989,pdam_00000018,pdam_00000141,pdam_00000230,pdam_00000057,pdam_00020643,pdam_00012504,pdam_00022056,pdam_00020868,pdam_00022560,pdam_00009511,pdam_00019448,pdam_00009514,pdam_00022949,pdam_00022233,pdam_00013047,pdam_00009797,pdam_00010508,pdam_00010501,pdam_00020461,pdam_00019310,pdam_00004523,pdam_00001382,pdam_00019960,pdam_00013749,pdam_00003489,pdam_00007537,pdam_00003479,pdam_00003579,pdam_00005624,pdam_00013736,pdam_00020432
COMPARTMENTS	GOCC:0110165	Cellular anatomical entity	426	14382	0.12	0.72	8.37e-16	46731.A0A3M6T467,46731.A0A3M6T469,46731.A0A3M6T4G8,46731.A0A3M6T4I9,46731.A0A3M6T4L6,46731.A0A3M6T4X8,46731.A0A3M6T535,46731.A0A3M6T579,46731.A0A3M6T5B6,46731.A0A3M6T6B6,46731.A0A3M6T6M6,46731.A0A3M6T6R5,46731.A0A3M6T740,46731.A0A3M6T743,46731.A0A3M6T7B9,46731.A0A3M6T7Q3,46731.A0A3M6T7U5,46731.A0A3M6T856,46731.A0A3M6T862,46731.A0A3M6T8D5,46731.A0A3M6T8S7,46731.A0A3M6T976,46731.A0A3M6T988,46731.A0A3M6T989,46731.A0A3M6T9I5,46731.A0A3M6T9T7,46731.A0A3M6TA47,46731.A0A3M6TAC6,46731.A0A3M6TB15,46731.A0A3M6TB45,46731.A0A3M6TBH9,46731.A0A3M6TBK3,46731.A0A3M6TBP1,46731.A0A3M6TC03,46731.A0A3M6TC09,46731.A0A3M6TC14,46731.A0A3M6TC30,46731.A0A3M6TC94,46731.A0A3M6TCG5,46731.A0A3M6TCK6,46731.A0A3M6TCN4,46731.A0A3M6TCN5,46731.A0A3M6TD71,46731.A0A3M6TD79,46731.A0A3M6TDI1,46731.A0A3M6TDN3,46731.A0A3M6TDQ5,46731.A0A3M6TDQ9,46731.A0A3M6TE44,46731.A0A3M6TE51,46731.A0A3M6TEC5,46731.A0A3M6TEE2,46731.A0A3M6TF35,46731.A0A3M6TF63,46731.A0A3M6TFJ9,46731.A0A3M6TFP7,46731.A0A3M6TFQ9,46731.A0A3M6TFZ9,46731.A0A3M6TG13,46731.A0A3M6TG34,46731.A0A3M6TG77,46731.A0A3M6TGB4,46731.A0A3M6TGK8,46731.A0A3M6TGL6,46731.A0A3M6TGX4,46731.A0A3M6THE2,46731.A0A3M6TI01,46731.A0A3M6TII5,46731.A0A3M6TIJ7,46731.A0A3M6TJ31,46731.A0A3M6TJA9,46731.A0A3M6TJM8,46731.A0A3M6TJP1,46731.A0A3M6TJR0,46731.A0A3M6TJR9,46731.A0A3M6TKB8,46731.A0A3M6TKC4,46731.A0A3M6TKJ7,46731.A0A3M6TKP1,46731.A0A3M6TKW8,46731.A0A3M6TKX7,46731.A0A3M6TL36,46731.A0A3M6TL47,46731.A0A3M6TLE6,46731.A0A3M6TLH9,46731.A0A3M6TLI2,46731.A0A3M6TLN5,46731.A0A3M6TLR3,46731.A0A3M6TM85,46731.A0A3M6TMA0,46731.A0A3M6TMH4,46731.A0A3M6TN24,46731.A0A3M6TNI2,46731.A0A3M6TNR8,46731.A0A3M6TNX2,46731.A0A3M6TP09,46731.A0A3M6TP11,46731.A0A3M6TP39,46731.A0A3M6TP40,46731.A0A3M6TP71,46731.A0A3M6TP85,46731.A0A3M6TPB9,46731.A0A3M6TPE5,46731.A0A3M6TPY8,46731.A0A3M6TQ51,46731.A0A3M6TQG4,46731.A0A3M6TQM7,46731.A0A3M6TQX4,46731.A0A3M6TR27,46731.A0A3M6TR46,46731.A0A3M6TR98,46731.A0A3M6TRA4,46731.A0A3M6TRB6,46731.A0A3M6TRH7,46731.A0A3M6TRR8,46731.A0A3M6TRS1,46731.A0A3M6TRS5,46731.A0A3M6TRV9,46731.A0A3M6TS39,46731.A0A3M6TSB3,46731.A0A3M6TSF0,46731.A0A3M6TSH4,46731.A0A3M6TSI3,46731.A0A3M6TSU5,46731.A0A3M6TSX7,46731.A0A3M6TTE1,46731.A0A3M6TTI1,46731.A0A3M6TTK5,46731.A0A3M6TTL2,46731.A0A3M6TTQ7,46731.A0A3M6TTS8,46731.A0A3M6TTT0,46731.A0A3M6TTX1,46731.A0A3M6TU12,46731.A0A3M6TUB8,46731.A0A3M6TVA7,46731.A0A3M6TVB9,46731.A0A3M6TVF5,46731.A0A3M6TVP0,46731.A0A3M6TVQ5,46731.A0A3M6TVW6,46731.A0A3M6TVY8,46731.A0A3M6TVZ9,46731.A0A3M6TW06,46731.A0A3M6TWB6,46731.A0A3M6TX49,46731.A0A3M6TXE0,46731.A0A3M6TXE2,46731.A0A3M6TXF9,46731.A0A3M6TXH4,46731.A0A3M6TXK3,46731.A0A3M6TXZ1,46731.A0A3M6TY22,46731.A0A3M6TYN1,46731.A0A3M6TYP5,46731.A0A3M6TYW8,46731.A0A3M6TYX6,46731.A0A3M6TZ19,46731.A0A3M6TZ57,46731.A0A3M6TZ66,46731.A0A3M6TZ84,46731.A0A3M6TZA4,46731.A0A3M6TZA7,46731.A0A3M6TZP6,46731.A0A3M6TZY0,46731.A0A3M6U028,46731.A0A3M6U075,46731.A0A3M6U083,46731.A0A3M6U0A4,46731.A0A3M6U0P8,46731.A0A3M6U0S2,46731.A0A3M6U128,46731.A0A3M6U150,46731.A0A3M6U1F0,46731.A0A3M6U1M9,46731.A0A3M6U1R9,46731.A0A3M6U1X3,46731.A0A3M6U282,46731.A0A3M6U2S6,46731.A0A3M6U2W8,46731.A0A3M6U333,46731.A0A3M6U354,46731.A0A3M6U376,46731.A0A3M6U3D8,46731.A0A3M6U3F2,46731.A0A3M6U3L4,46731.A0A3M6U3Q4,46731.A0A3M6U3V6,46731.A0A3M6U410,46731.A0A3M6U474,46731.A0A3M6U4I6,46731.A0A3M6U4J1,46731.A0A3M6U4K2,46731.A0A3M6U4P7,46731.A0A3M6U4X2,46731.A0A3M6U534,46731.A0A3M6U583,46731.A0A3M6U589,46731.A0A3M6U5L0,46731.A0A3M6U5P1,46731.A0A3M6U5Q6,46731.A0A3M6U5U1,46731.A0A3M6U5X5,46731.A0A3M6U600,46731.A0A3M6U679,46731.A0A3M6U6B4,46731.A0A3M6U6H2,46731.A0A3M6U6L2,46731.A0A3M6U738,46731.A0A3M6U7H4,46731.A0A3M6U7S8,46731.A0A3M6U7Z3,46731.A0A3M6U801,46731.A0A3M6U868,46731.A0A3M6U8A9,46731.A0A3M6U8F6,46731.A0A3M6U8M7,46731.A0A3M6U922,46731.A0A3M6U997,46731.A0A3M6U9B2,46731.A0A3M6U9C7,46731.A0A3M6U9J8,46731.A0A3M6U9M7,46731.A0A3M6U9Q0,46731.A0A3M6U9R7,46731.A0A3M6U9V2,46731.A0A3M6UA15,46731.A0A3M6UA33,46731.A0A3M6UA46,46731.A0A3M6UAI7,46731.A0A3M6UB20,46731.A0A3M6UB82,46731.A0A3M6UBD2,46731.A0A3M6UBH9,46731.A0A3M6UBL7,46731.A0A3M6UBM6,46731.A0A3M6UBM8,46731.A0A3M6UBR6,46731.A0A3M6UBT4,46731.A0A3M6UC09,46731.A0A3M6UC85,46731.A0A3M6UCD4,46731.A0A3M6UCE4,46731.A0A3M6UCR6,46731.A0A3M6UCW9,46731.A0A3M6UD97,46731.A0A3M6UDE1,46731.A0A3M6UDF4,46731.A0A3M6UDH3,46731.A0A3M6UDP4,46731.A0A3M6UDR8,46731.A0A3M6UE91,46731.A0A3M6UEC4,46731.A0A3M6UEF2,46731.A0A3M6UEL8,46731.A0A3M6UEV1,46731.A0A3M6UEW7,46731.A0A3M6UEY1,46731.A0A3M6UF13,46731.A0A3M6UFC0,46731.A0A3M6UFJ3,46731.A0A3M6UG21,46731.A0A3M6UG87,46731.A0A3M6UGC6,46731.A0A3M6UGP9,46731.A0A3M6UGY1,46731.A0A3M6UGZ0,46731.A0A3M6UH30,46731.A0A3M6UHU5,46731.A0A3M6UHU6,46731.A0A3M6UHV1,46731.A0A3M6UIB8,46731.A0A3M6UIF2,46731.A0A3M6UIJ6,46731.A0A3M6UJ26,46731.A0A3M6UJC4,46731.A0A3M6UJD7,46731.A0A3M6UJS8,46731.A0A3M6UJT2,46731.A0A3M6UK60,46731.A0A3M6UK77,46731.A0A3M6UKA8,46731.A0A3M6UKH7,46731.A0A3M6UKM4,46731.A0A3M6UKS2,46731.A0A3M6UKT9,46731.A0A3M6UL04,46731.A0A3M6ULG9,46731.A0A3M6ULQ8,46731.A0A3M6ULW1,46731.A0A3M6UM02,46731.A0A3M6UM05,46731.A0A3M6UM15,46731.A0A3M6UM91,46731.A0A3M6UME9,46731.A0A3M6UMF7,46731.A0A3M6UMR0,46731.A0A3M6UN04,46731.A0A3M6UN27,46731.A0A3M6UN43,46731.A0A3M6UN47,46731.A0A3M6UP48,46731.A0A3M6UP50,46731.A0A3M6UP66,46731.A0A3M6UPA5,46731.A0A3M6UPC4,46731.A0A3M6UPD9,46731.A0A3M6UPF7,46731.A0A3M6UPM0,46731.A0A3M6UPN3,46731.A0A3M6UPS0,46731.A0A3M6UPV7,46731.A0A3M6UPX3,46731.A0A3M6UQ25,46731.A0A3M6UQ36,46731.A0A3M6UQ53,46731.A0A3M6UQ65,46731.A0A3M6UQF8,46731.A0A3M6UQY5,46731.A0A3M6URA4,46731.A0A3M6URI3,46731.A0A3M6URM2,46731.A0A3M6URV9,46731.A0A3M6US04,46731.A0A3M6US82,46731.A0A3M6US90,46731.A0A3M6USA1,46731.A0A3M6USL6,46731.A0A3M6USQ4,46731.A0A3M6UST0,46731.A0A3M6USY4,46731.A0A3M6USY5,46731.A0A3M6USZ5,46731.A0A3M6UT00,46731.A0A3M6UT35,46731.A0A3M6UT39,46731.A0A3M6UTD8,46731.A0A3M6UTG1,46731.A0A3M6UTH2,46731.A0A3M6UTK8,46731.A0A3M6UTY2,46731.A0A3M6UUA5,46731.A0A3M6UUJ0,46731.A0A3M6UUR3,46731.A0A3M6UUU6,46731.A0A3M6UV64,46731.A0A3M6UVF1,46731.A0A3M6UVJ8,46731.A0A3M6UVW0,46731.A0A3M6UW01,46731.A0A3M6UWF2,46731.A0A3M6UWG0,46731.A0A3M6UWR9,46731.A0A3M6UX15,46731.A0A3M6UX67,46731.A0A3M6UX77,46731.A0A3M6UXE6,46731.A0A3M6UXH5,46731.A0A3M6UXJ2,46731.A0A3M6UXL1,46731.A0A3M6UXQ5,46731.A0A3M6UXR2,46731.A0A3M6UXS8,46731.A0A3M6UXY1,46731.A0A3M6UY01,46731.A0A3M6UY03,46731.A0A3M6UY54,46731.A0A3M6UY84,46731.A0A3M6UYC5,46731.A0A3M6UYF7,46731.A0A3M6UYG4,46731.A0A3M6UYJ5,46731.A0A3M6UYQ2,46731.A0A3M6UYR9,46731.A0A3M6UYX5,46731.A0A3M6UZ79,46731.A0A3M6UZH4,46731.A0A3M6UZR0,46731.A0A3M6UZT3,46731.A0A3M6UZU9,46731.A0A3M6UZY6,46731.A0A3M6V014,46731.A0A3M6V082,46731.A0A3M6V0L1,46731.A0A3M6V0M3,46731.A0A3M6V0M4,46731.A0A3M6V112,46731.A0A3M6V149,46731.A0A3M6V163,46731.A0A3M6V1A9,46731.A0A3M6V1H8,46731.A0A3M6V1P6,46731.A0A3M6V1R6,46731.A0A3M6V1U3,46731.A0A3M6V1Y0,46731.A0A3M6V233,46731.A0A3M6V237,46731.A0A3M6V247,46731.A0A3M6V2A9,46731.A0A3M6V2K6,46731.A0A3M6V2T6,46731.A0A3M6V2Z0,46731.A0A3M6V333,46731.A0A3M6V357,46731.A0A3M6V3A5,46731.A0A3M6V3D0,46731.A0A3M6V3F9,46731.A0A3M6V3K7,46731.A0A3M6V3N6,46731.A0A3M6V3T5,46731.A0A3M6V433,46731.A0A3M6V437,46731.A0A3M6V468,46731.A0A3M6V496,46731.A0A3M6V4Q7,46731.A0A3M6V566,46731.A0A3M6V5I3,46731.A0A3M6V5J3,46731.A0A3M6V5L3,46731.A0A3M6V5Q9,46731.A0A3M6V685,46731.A0A3M6V6H2,46731.A0A3M6V6I8,46731.A0A3M6V6P0,46731.A0A3M6V6W1,46731.A0A3M6V6Y7	pdam_00022844,pdam_00019771,pdam_00003812,pdam_00019775,pdam_00021762,pdam_00005198,pdam_00010041,pdam_00010052,pdam_00019229,pdam_00000942,pdam_00005030,pdam_00005028,pdam_00011425,pdam_00015760,pdam_00008954,pdam_00008942,pdam_00024112,pdam_00012826,pdam_00007904,pdam_00007894,pdam_00006607,pdam_00009028,pdam_00020025,pdam_00009047,pdam_00003095,pdam_00003113,pdam_00003331,pdam_00011807,pdam_00008396,pdam_00010221,pdam_00005870,pdam_00005880,pdam_00016760,pdam_00013976,pdam_00025221,pdam_00018924,pdam_00018913,pdam_00008146,pdam_00019240,pdam_00020527,pdam_00024696,pdam_00021478,pdam_00016741,pdam_00018978,pdam_00017899,pdam_00005993,pdam_00005957,pdam_00015588,pdam_00004024,pdam_00003972,pdam_00022296,pdam_00022332,pdam_00021264,pdam_00023615,pdam_00002315,pdam_00014342,pdam_00002269,pdam_00008706,pdam_00008702,pdam_00008696,pdam_00022241,pdam_00009469,pdam_00007516,pdam_00022449,pdam_00009882,pdam_00006538,pdam_00011563,pdam_00003243,pdam_00013258,pdam_00013516,pdam_00013055,pdam_00008873,pdam_00025516,pdam_00008664,pdam_00008875,pdam_00015849,pdam_00005587,pdam_00012478,pdam_00020941,pdam_00001283,pdam_00001346,pdam_00020945,pdam_00001308,pdam_00023406,pdam_00009842,pdam_00001270,pdam_00009405,pdam_00004906,pdam_00010901,pdam_00004886,pdam_00010278,pdam_00021905,pdam_00005140,pdam_00015296,pdam_00001834,pdam_00015291,pdam_00006892,pdam_00009747,pdam_00009749,pdam_00006877,pdam_00006884,pdam_00009755,pdam_00014570,pdam_00001953,pdam_00010839,pdam_00001907,pdam_00021223,pdam_00016950,pdam_00006359,pdam_00017847,pdam_00019744,pdam_00011267,pdam_00011309,pdam_00012965,pdam_00002566,pdam_00019812,pdam_00015025,pdam_00002481,pdam_00002575,pdam_00005270,pdam_00016000,pdam_00011202,pdam_00020693,pdam_00006038,pdam_00006023,pdam_00012732,pdam_00006052,pdam_00009168,pdam_00019151,pdam_00024751,pdam_00002757,pdam_00019142,pdam_00020312,pdam_00012541,pdam_00022511,pdam_00000799,pdam_00000741,pdam_00000855,pdam_00000790,pdam_00000891,pdam_00012938,pdam_00008450,pdam_00012953,pdam_00013103,pdam_00013121,pdam_00024018,pdam_00009353,pdam_00001994,pdam_00001999,pdam_00009362,pdam_00007829,pdam_00000569,pdam_00000657,pdam_00000625,pdam_00018713,pdam_00019709,pdam_00025531,pdam_00023275,pdam_00022323,pdam_00021578,pdam_00007681,pdam_00015679,pdam_00024466,pdam_00007649,pdam_00019558,pdam_00009597,pdam_00009596,pdam_00009628,pdam_00021008,pdam_00021006,pdam_00023283,pdam_00012588,pdam_00012575,pdam_00002160,pdam_00002103,pdam_00019081,pdam_00002197,pdam_00015117,pdam_00005366,pdam_00010651,pdam_00002647,pdam_00002640,pdam_00005392,pdam_00015376,pdam_00005357,pdam_00015397,pdam_00005410,pdam_00016306,pdam_00005465,pdam_00015189,pdam_00019604,pdam_00017145,pdam_00008028,pdam_00018611,pdam_00001526,pdam_00014306,pdam_00001527,pdam_00001590,pdam_00008293,pdam_00008319,pdam_00008267,pdam_00008323,pdam_00023499,pdam_00018100,pdam_00022745,pdam_00003881,pdam_00011234,pdam_00005823,pdam_00013356,pdam_00017632,pdam_00008622,pdam_00017615,pdam_00009141,pdam_00024741,pdam_00017284,pdam_00013940,pdam_00013948,pdam_00004790,pdam_00017207,pdam_00002898,pdam_00021288,pdam_00006946,pdam_00006940,pdam_00024410,pdam_00010457,pdam_00006913,pdam_00008746,pdam_00018312,pdam_00009240,pdam_00021435,pdam_00017250,pdam_00003213,pdam_00022881,pdam_00021175,pdam_00018895,pdam_00015425,pdam_00024706,pdam_00021990,pdam_00018446,pdam_00004034,pdam_00004709,pdam_00011385,pdam_00011355,pdam_00004682,pdam_00012628,pdam_00020298,pdam_00010300,pdam_00008096,pdam_00010330,pdam_00019279,pdam_00020297,pdam_00004748,pdam_00003765,pdam_00003707,pdam_00003682,pdam_00024085,pdam_00019214,pdam_00003699,pdam_00007963,pdam_00010348,pdam_00021106,pdam_00015533,pdam_00015523,pdam_00004264,pdam_00019289,pdam_00016860,pdam_00010949,pdam_00022878,pdam_00021681,pdam_00015554,pdam_00016528,pdam_00014234,pdam_00022002,pdam_00018698,pdam_00000365,pdam_00000406,pdam_00000305,pdam_00000286,pdam_00010732,pdam_00000404,pdam_00013137,pdam_00013143,pdam_00013135,pdam_00010703,pdam_00011963,pdam_00014915,pdam_00013149,pdam_00019989,pdam_00014105,pdam_00009301,pdam_00009346,pdam_00013884,pdam_00011543,pdam_00014119,pdam_00011167,pdam_00022537,pdam_00019671,pdam_00019690,pdam_00019689,pdam_00007253,pdam_00007280,pdam_00010167,pdam_00010145,pdam_00007416,pdam_00019376,pdam_00013313,pdam_00001637,pdam_00013317,pdam_00001658,pdam_00001685,pdam_00025177,pdam_00001732,pdam_00019095,pdam_00009536,pdam_00015511,pdam_00020921,pdam_00020910,pdam_00006283,pdam_00021725,pdam_00011678,pdam_00011448,pdam_00015886,pdam_00010388,pdam_00004423,pdam_00007190,pdam_00002396,pdam_00008862,pdam_00007220,pdam_00024549,pdam_00002428,pdam_00021214,pdam_00009924,pdam_00015784,pdam_00008853,pdam_00009926,pdam_00014942,pdam_00011068,pdam_00016963,pdam_00016974,pdam_00002445,pdam_00006176,pdam_00010567,pdam_00016972,pdam_00007005,pdam_00016013,pdam_00005757,pdam_00015730,pdam_00015895,pdam_00006750,pdam_00006776,pdam_00004989,pdam_00015932,pdam_00013844,pdam_00000134,pdam_00000018,pdam_00000141,pdam_00000230,pdam_00000057,pdam_00012506,pdam_00020643,pdam_00012504,pdam_00012531,pdam_00010750,pdam_00022056,pdam_00010753,pdam_00020868,pdam_00010768,pdam_00000173,pdam_00022560,pdam_00009520,pdam_00009511,pdam_00019448,pdam_00021425,pdam_00009493,pdam_00022185,pdam_00006465,pdam_00009956,pdam_00009777,pdam_00022949,pdam_00007729,pdam_00007745,pdam_00005709,pdam_00022233,pdam_00020119,pdam_00013047,pdam_00009797,pdam_00010508,pdam_00010490,pdam_00010501,pdam_00014013,pdam_00021218,pdam_00020116,pdam_00020461,pdam_00001150,pdam_00001113,pdam_00019310,pdam_00010488,pdam_00001162,pdam_00004516,pdam_00004523,pdam_00009086,pdam_00001121,pdam_00017995,pdam_00009089,pdam_00017118,pdam_00020208,pdam_00017111,pdam_00001411,pdam_00001382,pdam_00019951,pdam_00019960,pdam_00013749,pdam_00021315,pdam_00001412,pdam_00003489,pdam_00007537,pdam_00016689,pdam_00024080,pdam_00003479,pdam_00005669,pdam_00003560,pdam_00005624,pdam_00003541,pdam_00003527,pdam_00013736,pdam_00020432
UniProt Keywords	KW-0472	Membrane	198	5649	0.19	0.71	3.93e-09	46731.A0A3M6T469,46731.A0A3M6T4G8,46731.A0A3M6T4I9,46731.A0A3M6T579,46731.A0A3M6T5B6,46731.A0A3M6T6B6,46731.A0A3M6T740,46731.A0A3M6T7B9,46731.A0A3M6T7Q3,46731.A0A3M6T7U5,46731.A0A3M6T856,46731.A0A3M6TA20,46731.A0A3M6TA47,46731.A0A3M6TAZ9,46731.A0A3M6TB15,46731.A0A3M6TC03,46731.A0A3M6TCG5,46731.A0A3M6TCK6,46731.A0A3M6TD71,46731.A0A3M6TD79,46731.A0A3M6TDC4,46731.A0A3M6TDQ5,46731.A0A3M6TEE2,46731.A0A3M6TF35,46731.A0A3M6TFZ9,46731.A0A3M6TG13,46731.A0A3M6TG77,46731.A0A3M6TGB4,46731.A0A3M6TGK8,46731.A0A3M6TGL6,46731.A0A3M6TGX4,46731.A0A3M6TGZ5,46731.A0A3M6TI95,46731.A0A3M6TII5,46731.A0A3M6TIY4,46731.A0A3M6TJR0,46731.A0A3M6TJR9,46731.A0A3M6TJS3,46731.A0A3M6TKB8,46731.A0A3M6TL36,46731.A0A3M6TL47,46731.A0A3M6TLE6,46731.A0A3M6TLN5,46731.A0A3M6TMA0,46731.A0A3M6TMH4,46731.A0A3M6TN24,46731.A0A3M6TNR8,46731.A0A3M6TNZ7,46731.A0A3M6TP39,46731.A0A3M6TP40,46731.A0A3M6TPB9,46731.A0A3M6TPE5,46731.A0A3M6TPY8,46731.A0A3M6TR27,46731.A0A3M6TR46,46731.A0A3M6TR98,46731.A0A3M6TRR8,46731.A0A3M6TSF0,46731.A0A3M6TSF6,46731.A0A3M6TSU9,46731.A0A3M6TSX7,46731.A0A3M6TTL2,46731.A0A3M6TTQ7,46731.A0A3M6TUS8,46731.A0A3M6TVA7,46731.A0A3M6TVN5,46731.A0A3M6TVZ9,46731.A0A3M6TX49,46731.A0A3M6TXF9,46731.A0A3M6TYN1,46731.A0A3M6TZ57,46731.A0A3M6TZA7,46731.A0A3M6TZU6,46731.A0A3M6TZY0,46731.A0A3M6U075,46731.A0A3M6U0Z8,46731.A0A3M6U150,46731.A0A3M6U1M9,46731.A0A3M6U282,46731.A0A3M6U2M1,46731.A0A3M6U2S6,46731.A0A3M6U376,46731.A0A3M6U3D8,46731.A0A3M6U3V6,46731.A0A3M6U3Y1,46731.A0A3M6U474,46731.A0A3M6U514,46731.A0A3M6U534,46731.A0A3M6U5P1,46731.A0A3M6U5X5,46731.A0A3M6U6B4,46731.A0A3M6U738,46731.A0A3M6U7H4,46731.A0A3M6U801,46731.A0A3M6U9J6,46731.A0A3M6U9J8,46731.A0A3M6U9R7,46731.A0A3M6UA15,46731.A0A3M6UAI7,46731.A0A3M6UBD2,46731.A0A3M6UC85,46731.A0A3M6UC93,46731.A0A3M6UCD4,46731.A0A3M6UCW9,46731.A0A3M6UD71,46731.A0A3M6UD97,46731.A0A3M6UE91,46731.A0A3M6UEC4,46731.A0A3M6UEH4,46731.A0A3M6UEN2,46731.A0A3M6UGP9,46731.A0A3M6UGZ0,46731.A0A3M6UH30,46731.A0A3M6UHU6,46731.A0A3M6UHV1,46731.A0A3M6UIB8,46731.A0A3M6UIJ6,46731.A0A3M6UJS8,46731.A0A3M6UK77,46731.A0A3M6UK86,46731.A0A3M6UKA8,46731.A0A3M6UKH7,46731.A0A3M6UKS2,46731.A0A3M6UKT9,46731.A0A3M6UL04,46731.A0A3M6ULG9,46731.A0A3M6ULQ8,46731.A0A3M6UM15,46731.A0A3M6UM91,46731.A0A3M6UN43,46731.A0A3M6UP48,46731.A0A3M6UP50,46731.A0A3M6UP66,46731.A0A3M6UPC4,46731.A0A3M6UPM0,46731.A0A3M6UPN3,46731.A0A3M6UQ25,46731.A0A3M6UQ65,46731.A0A3M6UQF8,46731.A0A3M6UR96,46731.A0A3M6URA4,46731.A0A3M6URK6,46731.A0A3M6URM2,46731.A0A3M6US82,46731.A0A3M6USU9,46731.A0A3M6USY5,46731.A0A3M6UT39,46731.A0A3M6UTG1,46731.A0A3M6UTH2,46731.A0A3M6UTY2,46731.A0A3M6UUA5,46731.A0A3M6UUJ0,46731.A0A3M6UUU6,46731.A0A3M6UVJ8,46731.A0A3M6UWF2,46731.A0A3M6UX77,46731.A0A3M6UXE6,46731.A0A3M6UXH5,46731.A0A3M6UXL1,46731.A0A3M6UXQ5,46731.A0A3M6UXS8,46731.A0A3M6UXV0,46731.A0A3M6UXY1,46731.A0A3M6UY01,46731.A0A3M6UY03,46731.A0A3M6UYC5,46731.A0A3M6UYG4,46731.A0A3M6UYJ5,46731.A0A3M6UYQ2,46731.A0A3M6UYX5,46731.A0A3M6UZG9,46731.A0A3M6V0M3,46731.A0A3M6V0M4,46731.A0A3M6V112,46731.A0A3M6V163,46731.A0A3M6V1H8,46731.A0A3M6V1R6,46731.A0A3M6V233,46731.A0A3M6V237,46731.A0A3M6V286,46731.A0A3M6V2K6,46731.A0A3M6V2Z0,46731.A0A3M6V357,46731.A0A3M6V394,46731.A0A3M6V3D0,46731.A0A3M6V3K7,46731.A0A3M6V3N6,46731.A0A3M6V3T5,46731.A0A3M6V433,46731.A0A3M6V437,46731.A0A3M6V4M4,46731.A0A3M6V4Q7,46731.A0A3M6V4Z9,46731.A0A3M6V5I3,46731.A0A3M6V5L3,46731.A0A3M6V6E6,46731.A0A3M6V6W1,46731.A0A3M6V6Y7	pdam_00019771,pdam_00003812,pdam_00019775,pdam_00010052,pdam_00019229,pdam_00000942,pdam_00011425,pdam_00008954,pdam_00008942,pdam_00024112,pdam_00012826,pdam_00003372,pdam_00003331,pdam_00016283,pdam_00008396,pdam_00013976,pdam_00019240,pdam_00020527,pdam_00016741,pdam_00018978,pdam_00005984,pdam_00005957,pdam_00022332,pdam_00021264,pdam_00008706,pdam_00008702,pdam_00022241,pdam_00009469,pdam_00007516,pdam_00022449,pdam_00009882,pdam_00019936,pdam_00003293,pdam_00003243,pdam_00016829,pdam_00008664,pdam_00008875,pdam_00008878,pdam_00015849,pdam_00020945,pdam_00001308,pdam_00023406,pdam_00009405,pdam_00004886,pdam_00010278,pdam_00021905,pdam_00015296,pdam_00006880,pdam_00009747,pdam_00009749,pdam_00009755,pdam_00014570,pdam_00001953,pdam_00006359,pdam_00017847,pdam_00019744,pdam_00002566,pdam_00016000,pdam_00025476,pdam_00018862,pdam_00006023,pdam_00019151,pdam_00024751,pdam_00017485,pdam_00000799,pdam_00016069,pdam_00012953,pdam_00024018,pdam_00001999,pdam_00000625,pdam_00022323,pdam_00024466,pdam_00021609,pdam_00019558,pdam_00009596,pdam_00012924,pdam_00012575,pdam_00002103,pdam_00015117,pdam_00005379,pdam_00005366,pdam_00005392,pdam_00015376,pdam_00016306,pdam_00010998,pdam_00015189,pdam_00001629,pdam_00014306,pdam_00008319,pdam_00023499,pdam_00003881,pdam_00013356,pdam_00017632,pdam_00009141,pdam_00021277,pdam_00006946,pdam_00010457,pdam_00008746,pdam_00021435,pdam_00022881,pdam_00004709,pdam_00004661,pdam_00011385,pdam_00012628,pdam_00014839,pdam_00020298,pdam_00004748,pdam_00003765,pdam_00004749,pdam_00015167,pdam_00019289,pdam_00010949,pdam_00022878,pdam_00015554,pdam_00016528,pdam_00014234,pdam_00018698,pdam_00000286,pdam_00013137,pdam_00013165,pdam_00013143,pdam_00013135,pdam_00011963,pdam_00014915,pdam_00013149,pdam_00019989,pdam_00014105,pdam_00011543,pdam_00014119,pdam_00007253,pdam_00010167,pdam_00010145,pdam_00007416,pdam_00013313,pdam_00001658,pdam_00001685,pdam_00009536,pdam_00020910,pdam_00006283,pdam_00015878,pdam_00011678,pdam_00021641,pdam_00015886,pdam_00007190,pdam_00002449,pdam_00009924,pdam_00014942,pdam_00016963,pdam_00016974,pdam_00006176,pdam_00010567,pdam_00016972,pdam_00016013,pdam_00015895,pdam_00004989,pdam_00000141,pdam_00000230,pdam_00000057,pdam_00020643,pdam_00012504,pdam_00010750,pdam_00023887,pdam_00022056,pdam_00010753,pdam_00020868,pdam_00022560,pdam_00009511,pdam_00019448,pdam_00021425,pdam_00022185,pdam_00018843,pdam_00013047,pdam_00009797,pdam_00010508,pdam_00010501,pdam_00021218,pdam_00020461,pdam_00019310,pdam_00010488,pdam_00001086,pdam_00004523,pdam_00001121,pdam_00009089,pdam_00021442,pdam_00020208,pdam_00001411,pdam_00001382,pdam_00019951,pdam_00019960,pdam_00013749,pdam_00003504,pdam_00003489,pdam_00007544,pdam_00016689,pdam_00003479,pdam_00003579,pdam_00013736,pdam_00020432
UniProt Keywords	KW-0812	Transmembrane	196	5591	0.19	0.71	3.93e-09	46731.A0A3M6T469,46731.A0A3M6T4G8,46731.A0A3M6T4I9,46731.A0A3M6T579,46731.A0A3M6T5B6,46731.A0A3M6T6B6,46731.A0A3M6T740,46731.A0A3M6T7B9,46731.A0A3M6T7Q3,46731.A0A3M6T7U5,46731.A0A3M6T856,46731.A0A3M6TA20,46731.A0A3M6TA47,46731.A0A3M6TAZ9,46731.A0A3M6TB15,46731.A0A3M6TC03,46731.A0A3M6TCG5,46731.A0A3M6TCK6,46731.A0A3M6TD71,46731.A0A3M6TD79,46731.A0A3M6TDC4,46731.A0A3M6TDQ5,46731.A0A3M6TEE2,46731.A0A3M6TF35,46731.A0A3M6TFZ9,46731.A0A3M6TG13,46731.A0A3M6TG77,46731.A0A3M6TGB4,46731.A0A3M6TGK8,46731.A0A3M6TGL6,46731.A0A3M6TGX4,46731.A0A3M6TGZ5,46731.A0A3M6TI95,46731.A0A3M6TII5,46731.A0A3M6TIY4,46731.A0A3M6TJR0,46731.A0A3M6TJR9,46731.A0A3M6TJS3,46731.A0A3M6TKB8,46731.A0A3M6TL36,46731.A0A3M6TL47,46731.A0A3M6TLE6,46731.A0A3M6TLN5,46731.A0A3M6TMA0,46731.A0A3M6TMH4,46731.A0A3M6TN24,46731.A0A3M6TNR8,46731.A0A3M6TNZ7,46731.A0A3M6TP39,46731.A0A3M6TP40,46731.A0A3M6TPB9,46731.A0A3M6TPE5,46731.A0A3M6TPY8,46731.A0A3M6TR27,46731.A0A3M6TR46,46731.A0A3M6TR98,46731.A0A3M6TRR8,46731.A0A3M6TSF0,46731.A0A3M6TSF6,46731.A0A3M6TSU9,46731.A0A3M6TSX7,46731.A0A3M6TTL2,46731.A0A3M6TTQ7,46731.A0A3M6TUS8,46731.A0A3M6TVA7,46731.A0A3M6TVB9,46731.A0A3M6TVN5,46731.A0A3M6TVZ9,46731.A0A3M6TX49,46731.A0A3M6TXF9,46731.A0A3M6TYN1,46731.A0A3M6TZ57,46731.A0A3M6TZA7,46731.A0A3M6TZU6,46731.A0A3M6TZY0,46731.A0A3M6U075,46731.A0A3M6U0Z8,46731.A0A3M6U150,46731.A0A3M6U1M9,46731.A0A3M6U282,46731.A0A3M6U2M1,46731.A0A3M6U2S6,46731.A0A3M6U376,46731.A0A3M6U3D8,46731.A0A3M6U3V6,46731.A0A3M6U3Y1,46731.A0A3M6U514,46731.A0A3M6U534,46731.A0A3M6U5P1,46731.A0A3M6U5X5,46731.A0A3M6U6B4,46731.A0A3M6U738,46731.A0A3M6U7H4,46731.A0A3M6U801,46731.A0A3M6U9J6,46731.A0A3M6U9J8,46731.A0A3M6UA15,46731.A0A3M6UAI7,46731.A0A3M6UBD2,46731.A0A3M6UC85,46731.A0A3M6UC93,46731.A0A3M6UCD4,46731.A0A3M6UCW9,46731.A0A3M6UD71,46731.A0A3M6UD97,46731.A0A3M6UE91,46731.A0A3M6UEC4,46731.A0A3M6UEH4,46731.A0A3M6UEN2,46731.A0A3M6UGP9,46731.A0A3M6UGZ0,46731.A0A3M6UH30,46731.A0A3M6UHU6,46731.A0A3M6UHV1,46731.A0A3M6UIB8,46731.A0A3M6UIJ6,46731.A0A3M6UJS8,46731.A0A3M6UK77,46731.A0A3M6UK86,46731.A0A3M6UKA8,46731.A0A3M6UKH7,46731.A0A3M6UKS2,46731.A0A3M6UKT9,46731.A0A3M6UL04,46731.A0A3M6ULG9,46731.A0A3M6ULQ8,46731.A0A3M6UM15,46731.A0A3M6UM91,46731.A0A3M6UN43,46731.A0A3M6UP48,46731.A0A3M6UP50,46731.A0A3M6UP66,46731.A0A3M6UPC4,46731.A0A3M6UPM0,46731.A0A3M6UPN3,46731.A0A3M6UQ25,46731.A0A3M6UQ65,46731.A0A3M6UQF8,46731.A0A3M6UR96,46731.A0A3M6URA4,46731.A0A3M6URK6,46731.A0A3M6URM2,46731.A0A3M6US82,46731.A0A3M6USU9,46731.A0A3M6USY5,46731.A0A3M6UT39,46731.A0A3M6UTG1,46731.A0A3M6UTH2,46731.A0A3M6UTY2,46731.A0A3M6UUA5,46731.A0A3M6UUJ0,46731.A0A3M6UUU6,46731.A0A3M6UWF2,46731.A0A3M6UX77,46731.A0A3M6UXE6,46731.A0A3M6UXH5,46731.A0A3M6UXL1,46731.A0A3M6UXQ5,46731.A0A3M6UXS8,46731.A0A3M6UXV0,46731.A0A3M6UXY1,46731.A0A3M6UY01,46731.A0A3M6UY03,46731.A0A3M6UYC5,46731.A0A3M6UYG4,46731.A0A3M6UYJ5,46731.A0A3M6UYQ2,46731.A0A3M6UYX5,46731.A0A3M6UZG9,46731.A0A3M6V0M3,46731.A0A3M6V0M4,46731.A0A3M6V112,46731.A0A3M6V163,46731.A0A3M6V1H8,46731.A0A3M6V1R6,46731.A0A3M6V233,46731.A0A3M6V237,46731.A0A3M6V286,46731.A0A3M6V2K6,46731.A0A3M6V2Z0,46731.A0A3M6V357,46731.A0A3M6V394,46731.A0A3M6V3D0,46731.A0A3M6V3K7,46731.A0A3M6V3N6,46731.A0A3M6V3T5,46731.A0A3M6V433,46731.A0A3M6V437,46731.A0A3M6V4M4,46731.A0A3M6V4Q7,46731.A0A3M6V4Z9,46731.A0A3M6V5I3,46731.A0A3M6V5L3,46731.A0A3M6V6E6,46731.A0A3M6V6W1,46731.A0A3M6V6Y7	pdam_00019771,pdam_00003812,pdam_00019775,pdam_00010052,pdam_00019229,pdam_00000942,pdam_00011425,pdam_00008954,pdam_00008942,pdam_00024112,pdam_00012826,pdam_00003372,pdam_00003331,pdam_00016283,pdam_00008396,pdam_00013976,pdam_00019240,pdam_00020527,pdam_00016741,pdam_00018978,pdam_00005984,pdam_00005957,pdam_00022332,pdam_00021264,pdam_00008706,pdam_00008702,pdam_00022241,pdam_00009469,pdam_00007516,pdam_00022449,pdam_00009882,pdam_00019936,pdam_00003293,pdam_00003243,pdam_00016829,pdam_00008664,pdam_00008875,pdam_00008878,pdam_00015849,pdam_00020945,pdam_00001308,pdam_00023406,pdam_00009405,pdam_00004886,pdam_00010278,pdam_00021905,pdam_00015296,pdam_00006880,pdam_00009747,pdam_00009749,pdam_00009755,pdam_00014570,pdam_00001953,pdam_00006359,pdam_00017847,pdam_00019744,pdam_00002566,pdam_00016000,pdam_00025476,pdam_00018862,pdam_00006023,pdam_00019151,pdam_00024751,pdam_00017485,pdam_00000799,pdam_00000741,pdam_00016069,pdam_00012953,pdam_00024018,pdam_00001999,pdam_00000625,pdam_00022323,pdam_00024466,pdam_00021609,pdam_00019558,pdam_00009596,pdam_00012924,pdam_00012575,pdam_00002103,pdam_00015117,pdam_00005379,pdam_00005366,pdam_00005392,pdam_00015376,pdam_00016306,pdam_00010998,pdam_00001629,pdam_00014306,pdam_00008319,pdam_00023499,pdam_00003881,pdam_00013356,pdam_00017632,pdam_00009141,pdam_00021277,pdam_00006946,pdam_00008746,pdam_00021435,pdam_00022881,pdam_00004709,pdam_00004661,pdam_00011385,pdam_00012628,pdam_00014839,pdam_00020298,pdam_00004748,pdam_00003765,pdam_00004749,pdam_00015167,pdam_00019289,pdam_00010949,pdam_00022878,pdam_00015554,pdam_00016528,pdam_00014234,pdam_00018698,pdam_00000286,pdam_00013137,pdam_00013165,pdam_00013143,pdam_00013135,pdam_00011963,pdam_00014915,pdam_00013149,pdam_00019989,pdam_00014105,pdam_00011543,pdam_00014119,pdam_00007253,pdam_00010167,pdam_00010145,pdam_00007416,pdam_00013313,pdam_00001658,pdam_00001685,pdam_00009536,pdam_00020910,pdam_00006283,pdam_00015878,pdam_00011678,pdam_00021641,pdam_00015886,pdam_00007190,pdam_00002449,pdam_00009924,pdam_00014942,pdam_00016963,pdam_00016974,pdam_00006176,pdam_00010567,pdam_00016972,pdam_00016013,pdam_00004989,pdam_00000141,pdam_00000230,pdam_00000057,pdam_00020643,pdam_00012504,pdam_00010750,pdam_00023887,pdam_00022056,pdam_00010753,pdam_00020868,pdam_00022560,pdam_00009511,pdam_00019448,pdam_00021425,pdam_00022185,pdam_00018843,pdam_00013047,pdam_00009797,pdam_00010508,pdam_00010501,pdam_00021218,pdam_00020461,pdam_00019310,pdam_00010488,pdam_00001086,pdam_00004523,pdam_00001121,pdam_00009089,pdam_00021442,pdam_00020208,pdam_00001411,pdam_00001382,pdam_00019951,pdam_00019960,pdam_00013749,pdam_00003504,pdam_00003489,pdam_00007544,pdam_00016689,pdam_00003479,pdam_00003579,pdam_00013736,pdam_00020432
UniProt Keywords	KW-1133	Transmembrane helix	193	5557	0.19	0.7	6.30e-09	46731.A0A3M6T469,46731.A0A3M6T4G8,46731.A0A3M6T4I9,46731.A0A3M6T579,46731.A0A3M6T5B6,46731.A0A3M6T6B6,46731.A0A3M6T740,46731.A0A3M6T7B9,46731.A0A3M6T7Q3,46731.A0A3M6T7U5,46731.A0A3M6T856,46731.A0A3M6TA20,46731.A0A3M6TA47,46731.A0A3M6TAZ9,46731.A0A3M6TB15,46731.A0A3M6TC03,46731.A0A3M6TCG5,46731.A0A3M6TCK6,46731.A0A3M6TD71,46731.A0A3M6TD79,46731.A0A3M6TDC4,46731.A0A3M6TDQ5,46731.A0A3M6TEE2,46731.A0A3M6TF35,46731.A0A3M6TFZ9,46731.A0A3M6TG13,46731.A0A3M6TG77,46731.A0A3M6TGB4,46731.A0A3M6TGK8,46731.A0A3M6TGL6,46731.A0A3M6TGX4,46731.A0A3M6TGZ5,46731.A0A3M6TI95,46731.A0A3M6TII5,46731.A0A3M6TIY4,46731.A0A3M6TJR0,46731.A0A3M6TJR9,46731.A0A3M6TJS3,46731.A0A3M6TKB8,46731.A0A3M6TL36,46731.A0A3M6TL47,46731.A0A3M6TLE6,46731.A0A3M6TLN5,46731.A0A3M6TMA0,46731.A0A3M6TMH4,46731.A0A3M6TN24,46731.A0A3M6TNR8,46731.A0A3M6TP39,46731.A0A3M6TP40,46731.A0A3M6TPB9,46731.A0A3M6TPE5,46731.A0A3M6TPY8,46731.A0A3M6TR27,46731.A0A3M6TR46,46731.A0A3M6TR98,46731.A0A3M6TRR8,46731.A0A3M6TSF0,46731.A0A3M6TSF6,46731.A0A3M6TSU9,46731.A0A3M6TSX7,46731.A0A3M6TTL2,46731.A0A3M6TTQ7,46731.A0A3M6TUS8,46731.A0A3M6TVA7,46731.A0A3M6TVN5,46731.A0A3M6TVZ9,46731.A0A3M6TXF9,46731.A0A3M6TYN1,46731.A0A3M6TZ57,46731.A0A3M6TZA7,46731.A0A3M6TZU6,46731.A0A3M6TZY0,46731.A0A3M6U075,46731.A0A3M6U0Z8,46731.A0A3M6U150,46731.A0A3M6U1M9,46731.A0A3M6U282,46731.A0A3M6U2M1,46731.A0A3M6U2S6,46731.A0A3M6U376,46731.A0A3M6U3D8,46731.A0A3M6U3V6,46731.A0A3M6U3Y1,46731.A0A3M6U514,46731.A0A3M6U534,46731.A0A3M6U5P1,46731.A0A3M6U5X5,46731.A0A3M6U6B4,46731.A0A3M6U738,46731.A0A3M6U7H4,46731.A0A3M6U801,46731.A0A3M6U9J6,46731.A0A3M6U9J8,46731.A0A3M6UA15,46731.A0A3M6UAI7,46731.A0A3M6UBD2,46731.A0A3M6UC85,46731.A0A3M6UC93,46731.A0A3M6UCD4,46731.A0A3M6UCW9,46731.A0A3M6UD71,46731.A0A3M6UD97,46731.A0A3M6UE91,46731.A0A3M6UEC4,46731.A0A3M6UEH4,46731.A0A3M6UEN2,46731.A0A3M6UGP9,46731.A0A3M6UGZ0,46731.A0A3M6UH30,46731.A0A3M6UHU6,46731.A0A3M6UHV1,46731.A0A3M6UIB8,46731.A0A3M6UIJ6,46731.A0A3M6UJS8,46731.A0A3M6UK77,46731.A0A3M6UK86,46731.A0A3M6UKA8,46731.A0A3M6UKH7,46731.A0A3M6UKS2,46731.A0A3M6UKT9,46731.A0A3M6UL04,46731.A0A3M6ULG9,46731.A0A3M6ULQ8,46731.A0A3M6UM15,46731.A0A3M6UM91,46731.A0A3M6UN43,46731.A0A3M6UP48,46731.A0A3M6UP50,46731.A0A3M6UP66,46731.A0A3M6UPC4,46731.A0A3M6UPM0,46731.A0A3M6UPN3,46731.A0A3M6UQ25,46731.A0A3M6UQ65,46731.A0A3M6UQF8,46731.A0A3M6UR96,46731.A0A3M6URA4,46731.A0A3M6URK6,46731.A0A3M6URM2,46731.A0A3M6US82,46731.A0A3M6USU9,46731.A0A3M6USY5,46731.A0A3M6UT39,46731.A0A3M6UTG1,46731.A0A3M6UTH2,46731.A0A3M6UTY2,46731.A0A3M6UUA5,46731.A0A3M6UUJ0,46731.A0A3M6UUU6,46731.A0A3M6UWF2,46731.A0A3M6UX77,46731.A0A3M6UXE6,46731.A0A3M6UXH5,46731.A0A3M6UXL1,46731.A0A3M6UXQ5,46731.A0A3M6UXS8,46731.A0A3M6UXV0,46731.A0A3M6UXY1,46731.A0A3M6UY01,46731.A0A3M6UY03,46731.A0A3M6UYC5,46731.A0A3M6UYG4,46731.A0A3M6UYJ5,46731.A0A3M6UYQ2,46731.A0A3M6UYX5,46731.A0A3M6UZG9,46731.A0A3M6V0M3,46731.A0A3M6V0M4,46731.A0A3M6V112,46731.A0A3M6V163,46731.A0A3M6V1H8,46731.A0A3M6V1R6,46731.A0A3M6V233,46731.A0A3M6V237,46731.A0A3M6V286,46731.A0A3M6V2K6,46731.A0A3M6V2Z0,46731.A0A3M6V357,46731.A0A3M6V394,46731.A0A3M6V3D0,46731.A0A3M6V3K7,46731.A0A3M6V3N6,46731.A0A3M6V3T5,46731.A0A3M6V433,46731.A0A3M6V437,46731.A0A3M6V4M4,46731.A0A3M6V4Q7,46731.A0A3M6V4Z9,46731.A0A3M6V5I3,46731.A0A3M6V5L3,46731.A0A3M6V6E6,46731.A0A3M6V6W1,46731.A0A3M6V6Y7	pdam_00019771,pdam_00003812,pdam_00019775,pdam_00010052,pdam_00019229,pdam_00000942,pdam_00011425,pdam_00008954,pdam_00008942,pdam_00024112,pdam_00012826,pdam_00003372,pdam_00003331,pdam_00016283,pdam_00008396,pdam_00013976,pdam_00019240,pdam_00020527,pdam_00016741,pdam_00018978,pdam_00005984,pdam_00005957,pdam_00022332,pdam_00021264,pdam_00008706,pdam_00008702,pdam_00022241,pdam_00009469,pdam_00007516,pdam_00022449,pdam_00009882,pdam_00019936,pdam_00003293,pdam_00003243,pdam_00016829,pdam_00008664,pdam_00008875,pdam_00008878,pdam_00015849,pdam_00020945,pdam_00001308,pdam_00023406,pdam_00009405,pdam_00004886,pdam_00010278,pdam_00021905,pdam_00015296,pdam_00009747,pdam_00009749,pdam_00009755,pdam_00014570,pdam_00001953,pdam_00006359,pdam_00017847,pdam_00019744,pdam_00002566,pdam_00016000,pdam_00025476,pdam_00018862,pdam_00006023,pdam_00019151,pdam_00024751,pdam_00017485,pdam_00000799,pdam_00016069,pdam_00012953,pdam_00001999,pdam_00000625,pdam_00022323,pdam_00024466,pdam_00021609,pdam_00019558,pdam_00009596,pdam_00012924,pdam_00012575,pdam_00002103,pdam_00015117,pdam_00005379,pdam_00005366,pdam_00005392,pdam_00015376,pdam_00016306,pdam_00010998,pdam_00001629,pdam_00014306,pdam_00008319,pdam_00023499,pdam_00003881,pdam_00013356,pdam_00017632,pdam_00009141,pdam_00021277,pdam_00006946,pdam_00008746,pdam_00021435,pdam_00022881,pdam_00004709,pdam_00004661,pdam_00011385,pdam_00012628,pdam_00014839,pdam_00020298,pdam_00004748,pdam_00003765,pdam_00004749,pdam_00015167,pdam_00019289,pdam_00010949,pdam_00022878,pdam_00015554,pdam_00016528,pdam_00014234,pdam_00018698,pdam_00000286,pdam_00013137,pdam_00013165,pdam_00013143,pdam_00013135,pdam_00011963,pdam_00014915,pdam_00013149,pdam_00019989,pdam_00014105,pdam_00011543,pdam_00014119,pdam_00007253,pdam_00010167,pdam_00010145,pdam_00007416,pdam_00013313,pdam_00001658,pdam_00001685,pdam_00009536,pdam_00020910,pdam_00006283,pdam_00015878,pdam_00011678,pdam_00021641,pdam_00015886,pdam_00007190,pdam_00002449,pdam_00009924,pdam_00014942,pdam_00016963,pdam_00016974,pdam_00006176,pdam_00010567,pdam_00016972,pdam_00016013,pdam_00004989,pdam_00000141,pdam_00000230,pdam_00000057,pdam_00020643,pdam_00012504,pdam_00010750,pdam_00023887,pdam_00022056,pdam_00010753,pdam_00020868,pdam_00022560,pdam_00009511,pdam_00019448,pdam_00021425,pdam_00022185,pdam_00018843,pdam_00013047,pdam_00009797,pdam_00010508,pdam_00010501,pdam_00021218,pdam_00020461,pdam_00019310,pdam_00010488,pdam_00001086,pdam_00004523,pdam_00001121,pdam_00009089,pdam_00021442,pdam_00020208,pdam_00001411,pdam_00001382,pdam_00019951,pdam_00019960,pdam_00013749,pdam_00003504,pdam_00003489,pdam_00007544,pdam_00016689,pdam_00003479,pdam_00003579,pdam_00013736,pdam_00020432
UniProt Keywords	KW-0175	Coiled coil	123	3480	0.2	0.57	2.06e-05	46731.A0A3M6T6M6,46731.A0A3M6T743,46731.A0A3M6T7U5,46731.A0A3M6T976,46731.A0A3M6TA20,46731.A0A3M6TB45,46731.A0A3M6TBH9,46731.A0A3M6TBV0,46731.A0A3M6TC30,46731.A0A3M6TCG5,46731.A0A3M6TD44,46731.A0A3M6TDC4,46731.A0A3M6TDM4,46731.A0A3M6TE01,46731.A0A3M6TE42,46731.A0A3M6TE51,46731.A0A3M6TE85,46731.A0A3M6TEQ0,46731.A0A3M6TF63,46731.A0A3M6TFQ9,46731.A0A3M6TG77,46731.A0A3M6TI01,46731.A0A3M6TIJ7,46731.A0A3M6TIM5,46731.A0A3M6TIY4,46731.A0A3M6TKC4,46731.A0A3M6TKW8,46731.A0A3M6TKX7,46731.A0A3M6TL36,46731.A0A3M6TLH9,46731.A0A3M6TP40,46731.A0A3M6TRH7,46731.A0A3M6TRR8,46731.A0A3M6TRV9,46731.A0A3M6TSI3,46731.A0A3M6TSU5,46731.A0A3M6TTK5,46731.A0A3M6TTT0,46731.A0A3M6TTX1,46731.A0A3M6TVQ5,46731.A0A3M6TVW6,46731.A0A3M6TVY8,46731.A0A3M6TWB6,46731.A0A3M6TXE0,46731.A0A3M6TXE2,46731.A0A3M6TXK3,46731.A0A3M6TZ84,46731.A0A3M6TZP6,46731.A0A3M6U083,46731.A0A3M6U0A4,46731.A0A3M6U0B8,46731.A0A3M6U1R9,46731.A0A3M6U1X3,46731.A0A3M6U2E7,46731.A0A3M6U2S6,46731.A0A3M6U2V2,46731.A0A3M6U2W8,46731.A0A3M6U333,46731.A0A3M6U354,46731.A0A3M6U410,46731.A0A3M6U4K2,46731.A0A3M6U600,46731.A0A3M6U679,46731.A0A3M6U706,46731.A0A3M6U738,46731.A0A3M6U922,46731.A0A3M6U9J6,46731.A0A3M6U9R7,46731.A0A3M6UA15,46731.A0A3M6UA33,46731.A0A3M6UAV2,46731.A0A3M6UBH9,46731.A0A3M6UBM6,46731.A0A3M6UBM8,46731.A0A3M6UBR6,46731.A0A3M6UBT4,46731.A0A3M6UCE4,46731.A0A3M6UD71,46731.A0A3M6UDR8,46731.A0A3M6UEL8,46731.A0A3M6UEW7,46731.A0A3M6UH30,46731.A0A3M6UHU5,46731.A0A3M6UIB8,46731.A0A3M6UIF2,46731.A0A3M6UIS3,46731.A0A3M6UJ26,46731.A0A3M6UJC4,46731.A0A3M6UJS8,46731.A0A3M6UKA8,46731.A0A3M6UKJ2,46731.A0A3M6ULW1,46731.A0A3M6UM02,46731.A0A3M6UM05,46731.A0A3M6UME9,46731.A0A3M6UN27,46731.A0A3M6UN43,46731.A0A3M6UP66,46731.A0A3M6UPC4,46731.A0A3M6UPD9,46731.A0A3M6UPN3,46731.A0A3M6UQY5,46731.A0A3M6UR26,46731.A0A3M6UST0,46731.A0A3M6UTD8,46731.A0A3M6UVF1,46731.A0A3M6UVJ8,46731.A0A3M6UWP6,46731.A0A3M6UWR9,46731.A0A3M6UXE6,46731.A0A3M6UXJ2,46731.A0A3M6UYF7,46731.A0A3M6UYG4,46731.A0A3M6UZY9,46731.A0A3M6V014,46731.A0A3M6V043,46731.A0A3M6V1P6,46731.A0A3M6V3A5,46731.A0A3M6V468,46731.A0A3M6V5I3,46731.A0A3M6V5J1,46731.A0A3M6V5W0,46731.A0A3M6V6H2	pdam_00005030,pdam_00015760,pdam_00024112,pdam_00009028,pdam_00003372,pdam_00010221,pdam_00005870,pdam_00018029,pdam_00018913,pdam_00019240,pdam_00013531,pdam_00005984,pdam_00007616,pdam_00006122,pdam_00003998,pdam_00003972,pdam_00008055,pdam_00018498,pdam_00023615,pdam_00002269,pdam_00022241,pdam_00011563,pdam_00013258,pdam_00003245,pdam_00016829,pdam_00005587,pdam_00001283,pdam_00001346,pdam_00020945,pdam_00009842,pdam_00009749,pdam_00012965,pdam_00002566,pdam_00002481,pdam_00020693,pdam_00006038,pdam_00009168,pdam_00019142,pdam_00020312,pdam_00000891,pdam_00012938,pdam_00008450,pdam_00013121,pdam_00009353,pdam_00001994,pdam_00007829,pdam_00007681,pdam_00007649,pdam_00009628,pdam_00021008,pdam_00023287,pdam_00019081,pdam_00002197,pdam_00021055,pdam_00005366,pdam_00005374,pdam_00010651,pdam_00002647,pdam_00002640,pdam_00005465,pdam_00008028,pdam_00018100,pdam_00022745,pdam_00015301,pdam_00013356,pdam_00004790,pdam_00021277,pdam_00010457,pdam_00008746,pdam_00018312,pdam_00024555,pdam_00021175,pdam_00015425,pdam_00024706,pdam_00021990,pdam_00018446,pdam_00011355,pdam_00014839,pdam_00020297,pdam_00003682,pdam_00019214,pdam_00022878,pdam_00021681,pdam_00014234,pdam_00022002,pdam_00004369,pdam_00000365,pdam_00000406,pdam_00000286,pdam_00013143,pdam_00012132,pdam_00009301,pdam_00009346,pdam_00013884,pdam_00011167,pdam_00019689,pdam_00007253,pdam_00007416,pdam_00013313,pdam_00001637,pdam_00001685,pdam_00021725,pdam_00010391,pdam_00002428,pdam_00011068,pdam_00015730,pdam_00015895,pdam_00000041,pdam_00013844,pdam_00000230,pdam_00012506,pdam_00009520,pdam_00009511,pdam_00022953,pdam_00005709,pdam_00011879,pdam_00020116,pdam_00017118,pdam_00021315,pdam_00016689,pdam_00016687,pdam_00007364,pdam_00005624
UniProt Keywords	KW-0768	Sushi	10	65	0.84	0.79	0.00031	46731.A0A3M6TIX2,46731.A0A3M6U4P7,46731.A0A3M6U8A9,46731.A0A3M6U8F6,46731.A0A3M6UKT9,46731.A0A3M6UN04,46731.A0A3M6UQS0,46731.A0A3M6UTH2,46731.A0A3M6UVV2,46731.A0A3M6UXH5	pdam_00018331,pdam_00018611,pdam_00017284,pdam_00013940,pdam_00014915,pdam_00019690,pdam_00006218,pdam_00016974,pdam_00007014,pdam_00000057
UniProt Keywords	KW-0677	Repeat	33	614	0.38	0.59	0.00037	46731.A0A3M6T579,46731.A0A3M6T7Q3,46731.A0A3M6T9T7,46731.A0A3M6TC03,46731.A0A3M6TCN5,46731.A0A3M6TD71,46731.A0A3M6TG77,46731.A0A3M6TIX2,46731.A0A3M6TKW8,46731.A0A3M6TP09,46731.A0A3M6TSF0,46731.A0A3M6TTI1,46731.A0A3M6TXF9,46731.A0A3M6TZ66,46731.A0A3M6TZA4,46731.A0A3M6U150,46731.A0A3M6U7Z3,46731.A0A3M6U8F6,46731.A0A3M6U9V2,46731.A0A3M6UCW9,46731.A0A3M6UDE1,46731.A0A3M6UE64,46731.A0A3M6UHU6,46731.A0A3M6UIJ6,46731.A0A3M6UM05,46731.A0A3M6UPC4,46731.A0A3M6UQ36,46731.A0A3M6URA4,46731.A0A3M6UT39,46731.A0A3M6UXH5,46731.A0A3M6UYG4,46731.A0A3M6UYQ2,46731.A0A3M6V4Q7	pdam_00010052,pdam_00008942,pdam_00003113,pdam_00013976,pdam_00021478,pdam_00016741,pdam_00022241,pdam_00018331,pdam_00001283,pdam_00015291,pdam_00016000,pdam_00006052,pdam_00001999,pdam_00021578,pdam_00015679,pdam_00012575,pdam_00017615,pdam_00013940,pdam_00006913,pdam_00012628,pdam_00010300,pdam_00012184,pdam_00015554,pdam_00018698,pdam_00013884,pdam_00013313,pdam_00015511,pdam_00011678,pdam_00014942,pdam_00000057,pdam_00009511,pdam_00021425,pdam_00003489
UniProt Keywords	KW-0732	Signal	86	2356	0.21	0.5	0.00037	46731.A0A3M6T6T6,46731.A0A3M6T8D5,46731.A0A3M6TCP9,46731.A0A3M6TDN3,46731.A0A3M6TE51,46731.A0A3M6TFA7,46731.A0A3M6TFJ6,46731.A0A3M6TFZ9,46731.A0A3M6TG13,46731.A0A3M6TGK8,46731.A0A3M6TGX4,46731.A0A3M6THC4,46731.A0A3M6TI95,46731.A0A3M6TIX2,46731.A0A3M6TLI2,46731.A0A3M6TMY5,46731.A0A3M6TNZ7,46731.A0A3M6TQA2,46731.A0A3M6TR98,46731.A0A3M6TRR8,46731.A0A3M6TRS5,46731.A0A3M6TSF6,46731.A0A3M6TUF8,46731.A0A3M6TVF5,46731.A0A3M6TVN5,46731.A0A3M6TWA0,46731.A0A3M6TXZ1,46731.A0A3M6TYP2,46731.A0A3M6TYW8,46731.A0A3M6TZA4,46731.A0A3M6U028,46731.A0A3M6U075,46731.A0A3M6U0Z8,46731.A0A3M6U128,46731.A0A3M6U1M9,46731.A0A3M6U2W8,46731.A0A3M6U3V1,46731.A0A3M6U4P7,46731.A0A3M6U4X2,46731.A0A3M6U514,46731.A0A3M6U589,46731.A0A3M6U5P1,46731.A0A3M6U5U1,46731.A0A3M6U738,46731.A0A3M6U8U5,46731.A0A3M6U9M7,46731.A0A3M6UA46,46731.A0A3M6UAT9,46731.A0A3M6UB82,46731.A0A3M6UB88,46731.A0A3M6UCW9,46731.A0A3M6UDH3,46731.A0A3M6UE66,46731.A0A3M6UEC4,46731.A0A3M6UEF2,46731.A0A3M6UFC0,46731.A0A3M6UGC6,46731.A0A3M6UHU6,46731.A0A3M6UIN9,46731.A0A3M6UP50,46731.A0A3M6UPA5,46731.A0A3M6UPC4,46731.A0A3M6UPE3,46731.A0A3M6UPX3,46731.A0A3M6UQ36,46731.A0A3M6URI3,46731.A0A3M6URV9,46731.A0A3M6USA1,46731.A0A3M6UT00,46731.A0A3M6UVV2,46731.A0A3M6UXH5,46731.A0A3M6UXL1,46731.A0A3M6UXQ5,46731.A0A3M6UY28,46731.A0A3M6UYG4,46731.A0A3M6UZY6,46731.A0A3M6V0L1,46731.A0A3M6V163,46731.A0A3M6V1Y5,46731.A0A3M6V2M4,46731.A0A3M6V2Z0,46731.A0A3M6V394,46731.A0A3M6V433,46731.A0A3M6V4Q7,46731.A0A3M6V6E6,46731.A0A3M6V6W1	pdam_00020052,pdam_00007894,pdam_00021470,pdam_00005993,pdam_00003972,pdam_00002222,pdam_00016641,pdam_00008706,pdam_00008702,pdam_00007516,pdam_00009882,pdam_00006539,pdam_00003293,pdam_00018331,pdam_00001270,pdam_00021917,pdam_00006880,pdam_00001891,pdam_00019744,pdam_00002566,pdam_00015025,pdam_00025476,pdam_00017361,pdam_00000855,pdam_00016069,pdam_00010606,pdam_00000569,pdam_00023274,pdam_00019709,pdam_00015679,pdam_00009597,pdam_00009596,pdam_00012924,pdam_00012588,pdam_00002103,pdam_00010651,pdam_00015383,pdam_00018611,pdam_00001526,pdam_00001629,pdam_00001590,pdam_00008319,pdam_00008323,pdam_00013356,pdam_00002946,pdam_00006940,pdam_00009240,pdam_00003193,pdam_00003213,pdam_00015434,pdam_00012628,pdam_00010330,pdam_00004730,pdam_00003765,pdam_00003707,pdam_00010348,pdam_00004264,pdam_00015554,pdam_00023922,pdam_00010145,pdam_00019376,pdam_00013313,pdam_00020559,pdam_00019095,pdam_00015511,pdam_00011448,pdam_00010388,pdam_00008862,pdam_00008853,pdam_00007014,pdam_00000057,pdam_00020643,pdam_00012504,pdam_00000217,pdam_00009511,pdam_00007745,pdam_00020119,pdam_00010501,pdam_00001103,pdam_00017025,pdam_00001121,pdam_00021442,pdam_00019960,pdam_00003489,pdam_00003579,pdam_00013736
UniProt Keywords	KW-1015	Disulfide bond	48	1240	0.24	0.37	0.0095	46731.A0A3M6T579,46731.A0A3M6T8D5,46731.A0A3M6T9T7,46731.A0A3M6TCP9,46731.A0A3M6TFZ9,46731.A0A3M6TG13,46731.A0A3M6TG77,46731.A0A3M6TGX4,46731.A0A3M6TIX2,46731.A0A3M6TJM8,46731.A0A3M6TKB8,46731.A0A3M6TKP1,46731.A0A3M6TLI2,46731.A0A3M6TMA0,46731.A0A3M6TSF0,46731.A0A3M6TTI1,46731.A0A3M6TYP2,46731.A0A3M6TZA4,46731.A0A3M6U128,46731.A0A3M6U150,46731.A0A3M6U4P7,46731.A0A3M6U4X2,46731.A0A3M6U5P1,46731.A0A3M6U5U1,46731.A0A3M6U6H2,46731.A0A3M6U8A9,46731.A0A3M6U8F6,46731.A0A3M6U9V2,46731.A0A3M6UB82,46731.A0A3M6UDH3,46731.A0A3M6UDP4,46731.A0A3M6UFC0,46731.A0A3M6UGC6,46731.A0A3M6UHU6,46731.A0A3M6UKT9,46731.A0A3M6UN04,46731.A0A3M6UQ36,46731.A0A3M6UQS0,46731.A0A3M6UT39,46731.A0A3M6UTH2,46731.A0A3M6UVV2,46731.A0A3M6UWG0,46731.A0A3M6UXH5,46731.A0A3M6UYG4,46731.A0A3M6UZY6,46731.A0A3M6V082,46731.A0A3M6V1R6,46731.A0A3M6V2Z0	pdam_00010052,pdam_00007894,pdam_00003113,pdam_00021470,pdam_00008706,pdam_00008702,pdam_00022241,pdam_00009882,pdam_00018331,pdam_00008873,pdam_00015849,pdam_00020941,pdam_00001270,pdam_00004886,pdam_00016000,pdam_00006052,pdam_00023274,pdam_00015679,pdam_00012588,pdam_00012575,pdam_00018611,pdam_00001526,pdam_00008319,pdam_00008323,pdam_00011234,pdam_00017284,pdam_00013940,pdam_00006913,pdam_00003213,pdam_00010330,pdam_00019279,pdam_00010348,pdam_00004264,pdam_00015554,pdam_00014915,pdam_00019690,pdam_00015511,pdam_00006218,pdam_00014942,pdam_00016974,pdam_00007014,pdam_00015932,pdam_00000057,pdam_00009511,pdam_00007745,pdam_00022233,pdam_00020461,pdam_00001121
InterPro	IPR000436	Sushi/SCR/CCP domain	10	70	0.8	0.37	0.0328	46731.A0A3M6TIX2,46731.A0A3M6U4P7,46731.A0A3M6U8A9,46731.A0A3M6U8F6,46731.A0A3M6UKT9,46731.A0A3M6UN04,46731.A0A3M6UQS0,46731.A0A3M6UTH2,46731.A0A3M6UVV2,46731.A0A3M6UXH5	pdam_00018331,pdam_00018611,pdam_00017284,pdam_00013940,pdam_00014915,pdam_00019690,pdam_00006218,pdam_00016974,pdam_00007014,pdam_00000057
InterPro	IPR027417	P-loop containing nucleoside triphosphate hydrolase	47	1033	0.31	0.31	0.0328	46731.A0A3M6T989,46731.A0A3M6TC09,46731.A0A3M6TEC5,46731.A0A3M6TF63,46731.A0A3M6TIJ7,46731.A0A3M6TL47,46731.A0A3M6TM85,46731.A0A3M6TP85,46731.A0A3M6TRB6,46731.A0A3M6TRH7,46731.A0A3M6TVW6,46731.A0A3M6TXE2,46731.A0A3M6TXK3,46731.A0A3M6TYX6,46731.A0A3M6TZ19,46731.A0A3M6TZ66,46731.A0A3M6TZ84,46731.A0A3M6U1R9,46731.A0A3M6U2M1,46731.A0A3M6U410,46731.A0A3M6U5Q6,46731.A0A3M6U6L2,46731.A0A3M6U706,46731.A0A3M6U7S8,46731.A0A3M6U987,46731.A0A3M6U9R7,46731.A0A3M6UBM8,46731.A0A3M6UHU5,46731.A0A3M6UIF2,46731.A0A3M6UJS8,46731.A0A3M6UKJ2,46731.A0A3M6UKM4,46731.A0A3M6UM05,46731.A0A3M6UQY5,46731.A0A3M6US90,46731.A0A3M6USX2,46731.A0A3M6USZ5,46731.A0A3M6UTD8,46731.A0A3M6UVJ8,46731.A0A3M6UWF2,46731.A0A3M6UX67,46731.A0A3M6UYF7,46731.A0A3M6V1P6,46731.A0A3M6V496,46731.A0A3M6V5I3,46731.A0A3M6V5J1,46731.A0A3M6V5J3	pdam_00009047,pdam_00025221,pdam_00022296,pdam_00023615,pdam_00013258,pdam_00001308,pdam_00010901,pdam_00006884,pdam_00011309,pdam_00012965,pdam_00012938,pdam_00001994,pdam_00007829,pdam_00025531,pdam_00023275,pdam_00021578,pdam_00007681,pdam_00019081,pdam_00005379,pdam_00005465,pdam_00008267,pdam_00005823,pdam_00015301,pdam_00008622,pdam_00017205,pdam_00010457,pdam_00024706,pdam_00021681,pdam_00022002,pdam_00000286,pdam_00012132,pdam_00010703,pdam_00013884,pdam_00021725,pdam_00002396,pdam_00015766,pdam_00015784,pdam_00011068,pdam_00015895,pdam_00004989,pdam_00000018,pdam_00009520,pdam_00020116,pdam_00001412,pdam_00016689,pdam_00016687,pdam_00024080
SMART	SM00032	Domain abundant in complement control proteins	9	69	0.76	0.37	0.0319	46731.A0A3M6TIX2,46731.A0A3M6U4P7,46731.A0A3M6U8A9,46731.A0A3M6U8F6,46731.A0A3M6UKT9,46731.A0A3M6UN04,46731.A0A3M6UQS0,46731.A0A3M6UTH2,46731.A0A3M6UVV2	pdam_00018331,pdam_00018611,pdam_00017284,pdam_00013940,pdam_00014915,pdam_00019690,pdam_00006218,pdam_00016974,pdam_00007014
SMART	SM00042	Domain first found in C1r, C1s, uEGF, and bone morphogenetic protein.	12	136	0.59	0.35	0.0329	46731.A0A3M6TFZ9,46731.A0A3M6TG13,46731.A0A3M6TIX2,46731.A0A3M6TKB8,46731.A0A3M6U128,46731.A0A3M6U5U1,46731.A0A3M6U9V2,46731.A0A3M6UB82,46731.A0A3M6UDH3,46731.A0A3M6UTH2,46731.A0A3M6UWG0,46731.A0A3M6V2Z0	pdam_00008706,pdam_00008702,pdam_00018331,pdam_00015849,pdam_00012588,pdam_00008323,pdam_00006913,pdam_00003213,pdam_00010330,pdam_00016974,pdam_00015932,pdam_00001121
SMART	SM00112	Cadherin repeats.	6	30	0.95	0.38	0.0329	46731.A0A3M6TD71,46731.A0A3M6UIJ6,46731.A0A3M6UPC4,46731.A0A3M6URA4,46731.A0A3M6UXH5,46731.A0A3M6UYG4	pdam_00016741,pdam_00018698,pdam_00013313,pdam_00011678,pdam_00000057,pdam_00009511
SMART	SM00303	G-protein-coupled receptor proteolytic site domain	9	85	0.67	0.36	0.0329	46731.A0A3M6T4G8,46731.A0A3M6T7Q3,46731.A0A3M6TR98,46731.A0A3M6TTQ7,46731.A0A3M6U3V6,46731.A0A3M6U738,46731.A0A3M6UHV1,46731.A0A3M6UN43,46731.A0A3M6V6Y7	pdam_00003812,pdam_00008942,pdam_00019744,pdam_00024751,pdam_00016306,pdam_00013356,pdam_00016528,pdam_00007253,pdam_00020432
SMART	SM00327	Von Willebrand factor (vWF) type A domain	12	145	0.57	0.35	0.0329	46731.A0A3M6T7U5,46731.A0A3M6TIX2,46731.A0A3M6TSU9,46731.A0A3M6U2W8,46731.A0A3M6U376,46731.A0A3M6U589,46731.A0A3M6U738,46731.A0A3M6U9M7,46731.A0A3M6UM15,46731.A0A3M6UTY2,46731.A0A3M6UY54,46731.A0A3M6UYG4	pdam_00024112,pdam_00018331,pdam_00018862,pdam_00010651,pdam_00005392,pdam_00001590,pdam_00013356,pdam_00006940,pdam_00011543,pdam_00006176,pdam_00010768,pdam_00009511
