"","gene","cluster"
"Pocillopora_acuta_HIv2___RNAseq.10002_t","Pocillopora_acuta_HIv2___RNAseq.10002_t","Cluster 1"
"Pocillopora_acuta_HIv2___RNAseq.10924_t","Pocillopora_acuta_HIv2___RNAseq.10924_t","Cluster 2"
"Pocillopora_acuta_HIv2___RNAseq.11055_t","Pocillopora_acuta_HIv2___RNAseq.11055_t","Cluster 3"
"Pocillopora_acuta_HIv2___RNAseq.11750_t","Pocillopora_acuta_HIv2___RNAseq.11750_t","Cluster 1"
"Pocillopora_acuta_HIv2___RNAseq.1177_t","Pocillopora_acuta_HIv2___RNAseq.1177_t","Cluster 3"
"Pocillopora_acuta_HIv2___RNAseq.12574_t","Pocillopora_acuta_HIv2___RNAseq.12574_t","Cluster 1"
"Pocillopora_acuta_HIv2___RNAseq.1286_t","Pocillopora_acuta_HIv2___RNAseq.1286_t","Cluster 3"
"Pocillopora_acuta_HIv2___RNAseq.13017_t","Pocillopora_acuta_HIv2___RNAseq.13017_t","Cluster 2"
"Pocillopora_acuta_HIv2___RNAseq.13858_t","Pocillopora_acuta_HIv2___RNAseq.13858_t","Cluster 4"
"Pocillopora_acuta_HIv2___RNAseq.14358_t","Pocillopora_acuta_HIv2___RNAseq.14358_t","Cluster 2"
"Pocillopora_acuta_HIv2___RNAseq.14501_t","Pocillopora_acuta_HIv2___RNAseq.14501_t","Cluster 4"
"Pocillopora_acuta_HIv2___RNAseq.14546_t","Pocillopora_acuta_HIv2___RNAseq.14546_t","Cluster 5"
"Pocillopora_acuta_HIv2___RNAseq.14918_t","Pocillopora_acuta_HIv2___RNAseq.14918_t","Cluster 4"
"Pocillopora_acuta_HIv2___RNAseq.14995_t","Pocillopora_acuta_HIv2___RNAseq.14995_t","Cluster 1"
"Pocillopora_acuta_HIv2___RNAseq.15024_t","Pocillopora_acuta_HIv2___RNAseq.15024_t","Cluster 4"
"Pocillopora_acuta_HIv2___RNAseq.15063_t","Pocillopora_acuta_HIv2___RNAseq.15063_t","Cluster 2"
"Pocillopora_acuta_HIv2___RNAseq.15066_t","Pocillopora_acuta_HIv2___RNAseq.15066_t","Cluster 2"
"Pocillopora_acuta_HIv2___RNAseq.15099_t","Pocillopora_acuta_HIv2___RNAseq.15099_t","Cluster 3"
"Pocillopora_acuta_HIv2___RNAseq.16206_t","Pocillopora_acuta_HIv2___RNAseq.16206_t","Cluster 2"
"Pocillopora_acuta_HIv2___RNAseq.16666_t","Pocillopora_acuta_HIv2___RNAseq.16666_t","Cluster 3"
"Pocillopora_acuta_HIv2___RNAseq.16909_t","Pocillopora_acuta_HIv2___RNAseq.16909_t","Cluster 3"
"Pocillopora_acuta_HIv2___RNAseq.17185_t","Pocillopora_acuta_HIv2___RNAseq.17185_t","Cluster 1"
"Pocillopora_acuta_HIv2___RNAseq.1718_t","Pocillopora_acuta_HIv2___RNAseq.1718_t","Cluster 4"
"Pocillopora_acuta_HIv2___RNAseq.17575_t","Pocillopora_acuta_HIv2___RNAseq.17575_t","Cluster 3"
"Pocillopora_acuta_HIv2___RNAseq.18499_t","Pocillopora_acuta_HIv2___RNAseq.18499_t","Cluster 1"
"Pocillopora_acuta_HIv2___RNAseq.18963_t","Pocillopora_acuta_HIv2___RNAseq.18963_t","Cluster 3"
"Pocillopora_acuta_HIv2___RNAseq.1911_t","Pocillopora_acuta_HIv2___RNAseq.1911_t","Cluster 1"
"Pocillopora_acuta_HIv2___RNAseq.20573_t","Pocillopora_acuta_HIv2___RNAseq.20573_t","Cluster 3"
"Pocillopora_acuta_HIv2___RNAseq.20654_t","Pocillopora_acuta_HIv2___RNAseq.20654_t","Cluster 1"
"Pocillopora_acuta_HIv2___RNAseq.20975_t","Pocillopora_acuta_HIv2___RNAseq.20975_t","Cluster 3"
"Pocillopora_acuta_HIv2___RNAseq.20979_t","Pocillopora_acuta_HIv2___RNAseq.20979_t","Cluster 3"
"Pocillopora_acuta_HIv2___RNAseq.2101_t","Pocillopora_acuta_HIv2___RNAseq.2101_t","Cluster 2"
"Pocillopora_acuta_HIv2___RNAseq.21073_t","Pocillopora_acuta_HIv2___RNAseq.21073_t","Cluster 3"
"Pocillopora_acuta_HIv2___RNAseq.21088_t","Pocillopora_acuta_HIv2___RNAseq.21088_t","Cluster 6"
"Pocillopora_acuta_HIv2___RNAseq.21283_t","Pocillopora_acuta_HIv2___RNAseq.21283_t","Cluster 1"
"Pocillopora_acuta_HIv2___RNAseq.2137_t","Pocillopora_acuta_HIv2___RNAseq.2137_t","Cluster 6"
"Pocillopora_acuta_HIv2___RNAseq.21474_t","Pocillopora_acuta_HIv2___RNAseq.21474_t","Cluster 3"
"Pocillopora_acuta_HIv2___RNAseq.21871_t","Pocillopora_acuta_HIv2___RNAseq.21871_t","Cluster 4"
"Pocillopora_acuta_HIv2___RNAseq.21954_ta","Pocillopora_acuta_HIv2___RNAseq.21954_ta","Cluster 3"
"Pocillopora_acuta_HIv2___RNAseq.22108_t","Pocillopora_acuta_HIv2___RNAseq.22108_t","Cluster 2"
"Pocillopora_acuta_HIv2___RNAseq.22648_t","Pocillopora_acuta_HIv2___RNAseq.22648_t","Cluster 1"
"Pocillopora_acuta_HIv2___RNAseq.22954_t","Pocillopora_acuta_HIv2___RNAseq.22954_t","Cluster 5"
"Pocillopora_acuta_HIv2___RNAseq.2393_t","Pocillopora_acuta_HIv2___RNAseq.2393_t","Cluster 1"
"Pocillopora_acuta_HIv2___RNAseq.23996_t","Pocillopora_acuta_HIv2___RNAseq.23996_t","Cluster 2"
"Pocillopora_acuta_HIv2___RNAseq.24255_t","Pocillopora_acuta_HIv2___RNAseq.24255_t","Cluster 1"
"Pocillopora_acuta_HIv2___RNAseq.24666_t","Pocillopora_acuta_HIv2___RNAseq.24666_t","Cluster 1"
"Pocillopora_acuta_HIv2___RNAseq.2472_t","Pocillopora_acuta_HIv2___RNAseq.2472_t","Cluster 3"
"Pocillopora_acuta_HIv2___RNAseq.25384_t","Pocillopora_acuta_HIv2___RNAseq.25384_t","Cluster 6"
"Pocillopora_acuta_HIv2___RNAseq.25878_t","Pocillopora_acuta_HIv2___RNAseq.25878_t","Cluster 1"
"Pocillopora_acuta_HIv2___RNAseq.25993_t","Pocillopora_acuta_HIv2___RNAseq.25993_t","Cluster 1"
"Pocillopora_acuta_HIv2___RNAseq.26390_t","Pocillopora_acuta_HIv2___RNAseq.26390_t","Cluster 1"
"Pocillopora_acuta_HIv2___RNAseq.26490_t","Pocillopora_acuta_HIv2___RNAseq.26490_t","Cluster 6"
"Pocillopora_acuta_HIv2___RNAseq.29601_t","Pocillopora_acuta_HIv2___RNAseq.29601_t","Cluster 3"
"Pocillopora_acuta_HIv2___RNAseq.3699_t","Pocillopora_acuta_HIv2___RNAseq.3699_t","Cluster 3"
"Pocillopora_acuta_HIv2___RNAseq.3715_t","Pocillopora_acuta_HIv2___RNAseq.3715_t","Cluster 1"
"Pocillopora_acuta_HIv2___RNAseq.5502_t","Pocillopora_acuta_HIv2___RNAseq.5502_t","Cluster 3"
"Pocillopora_acuta_HIv2___RNAseq.5580_t","Pocillopora_acuta_HIv2___RNAseq.5580_t","Cluster 5"
"Pocillopora_acuta_HIv2___RNAseq.5842_t","Pocillopora_acuta_HIv2___RNAseq.5842_t","Cluster 3"
"Pocillopora_acuta_HIv2___RNAseq.5883_t","Pocillopora_acuta_HIv2___RNAseq.5883_t","Cluster 1"
"Pocillopora_acuta_HIv2___RNAseq.6832_t","Pocillopora_acuta_HIv2___RNAseq.6832_t","Cluster 1"
"Pocillopora_acuta_HIv2___RNAseq.7774_t","Pocillopora_acuta_HIv2___RNAseq.7774_t","Cluster 2"
"Pocillopora_acuta_HIv2___RNAseq.7856_tb","Pocillopora_acuta_HIv2___RNAseq.7856_tb","Cluster 2"
"Pocillopora_acuta_HIv2___RNAseq.8042_t","Pocillopora_acuta_HIv2___RNAseq.8042_t","Cluster 1"
"Pocillopora_acuta_HIv2___RNAseq.8145_t","Pocillopora_acuta_HIv2___RNAseq.8145_t","Cluster 5"
"Pocillopora_acuta_HIv2___RNAseq.8540_t","Pocillopora_acuta_HIv2___RNAseq.8540_t","Cluster 1"
"Pocillopora_acuta_HIv2___RNAseq.8648_t","Pocillopora_acuta_HIv2___RNAseq.8648_t","Cluster 3"
"Pocillopora_acuta_HIv2___RNAseq.8951_t","Pocillopora_acuta_HIv2___RNAseq.8951_t","Cluster 2"
"Pocillopora_acuta_HIv2___RNAseq.9199_t","Pocillopora_acuta_HIv2___RNAseq.9199_t","Cluster 6"
"Pocillopora_acuta_HIv2___RNAseq.953_t","Pocillopora_acuta_HIv2___RNAseq.953_t","Cluster 2"
"Pocillopora_acuta_HIv2___RNAseq.9567_t","Pocillopora_acuta_HIv2___RNAseq.9567_t","Cluster 1"
"Pocillopora_acuta_HIv2___RNAseq.g10041.t1","Pocillopora_acuta_HIv2___RNAseq.g10041.t1","Cluster 6"
"Pocillopora_acuta_HIv2___RNAseq.g10047.t1","Pocillopora_acuta_HIv2___RNAseq.g10047.t1","Cluster 1"
"Pocillopora_acuta_HIv2___RNAseq.g1008.t1","Pocillopora_acuta_HIv2___RNAseq.g1008.t1","Cluster 1"
"Pocillopora_acuta_HIv2___RNAseq.g10098.t1","Pocillopora_acuta_HIv2___RNAseq.g10098.t1","Cluster 3"
"Pocillopora_acuta_HIv2___RNAseq.g10110.t1","Pocillopora_acuta_HIv2___RNAseq.g10110.t1","Cluster 1"
"Pocillopora_acuta_HIv2___RNAseq.g10129.t1","Pocillopora_acuta_HIv2___RNAseq.g10129.t1","Cluster 4"
"Pocillopora_acuta_HIv2___RNAseq.g10145.t1b","Pocillopora_acuta_HIv2___RNAseq.g10145.t1b","Cluster 5"
"Pocillopora_acuta_HIv2___RNAseq.g10152.t1","Pocillopora_acuta_HIv2___RNAseq.g10152.t1","Cluster 6"
"Pocillopora_acuta_HIv2___RNAseq.g10169.t1","Pocillopora_acuta_HIv2___RNAseq.g10169.t1","Cluster 6"
"Pocillopora_acuta_HIv2___RNAseq.g10186.t1","Pocillopora_acuta_HIv2___RNAseq.g10186.t1","Cluster 4"
"Pocillopora_acuta_HIv2___RNAseq.g10214.t1","Pocillopora_acuta_HIv2___RNAseq.g10214.t1","Cluster 4"
"Pocillopora_acuta_HIv2___RNAseq.g1022.t1","Pocillopora_acuta_HIv2___RNAseq.g1022.t1","Cluster 3"
"Pocillopora_acuta_HIv2___RNAseq.g10226.t1b","Pocillopora_acuta_HIv2___RNAseq.g10226.t1b","Cluster 4"
"Pocillopora_acuta_HIv2___RNAseq.g10236.t1","Pocillopora_acuta_HIv2___RNAseq.g10236.t1","Cluster 3"
"Pocillopora_acuta_HIv2___RNAseq.g10257.t1","Pocillopora_acuta_HIv2___RNAseq.g10257.t1","Cluster 1"
"Pocillopora_acuta_HIv2___RNAseq.g10278.t1","Pocillopora_acuta_HIv2___RNAseq.g10278.t1","Cluster 1"
"Pocillopora_acuta_HIv2___RNAseq.g10291.t1","Pocillopora_acuta_HIv2___RNAseq.g10291.t1","Cluster 3"
"Pocillopora_acuta_HIv2___RNAseq.g10292.t1","Pocillopora_acuta_HIv2___RNAseq.g10292.t1","Cluster 6"
"Pocillopora_acuta_HIv2___RNAseq.g1030.t1","Pocillopora_acuta_HIv2___RNAseq.g1030.t1","Cluster 2"
"Pocillopora_acuta_HIv2___RNAseq.g10304.t1","Pocillopora_acuta_HIv2___RNAseq.g10304.t1","Cluster 1"
"Pocillopora_acuta_HIv2___RNAseq.g1031.t1","Pocillopora_acuta_HIv2___RNAseq.g1031.t1","Cluster 5"
"Pocillopora_acuta_HIv2___RNAseq.g10315.t3","Pocillopora_acuta_HIv2___RNAseq.g10315.t3","Cluster 3"
"Pocillopora_acuta_HIv2___RNAseq.g10317.t1","Pocillopora_acuta_HIv2___RNAseq.g10317.t1","Cluster 1"
"Pocillopora_acuta_HIv2___RNAseq.g10332.t1","Pocillopora_acuta_HIv2___RNAseq.g10332.t1","Cluster 3"
"Pocillopora_acuta_HIv2___RNAseq.g10349.t1","Pocillopora_acuta_HIv2___RNAseq.g10349.t1","Cluster 3"
"Pocillopora_acuta_HIv2___RNAseq.g10350.t1","Pocillopora_acuta_HIv2___RNAseq.g10350.t1","Cluster 5"
"Pocillopora_acuta_HIv2___RNAseq.g10353.t1","Pocillopora_acuta_HIv2___RNAseq.g10353.t1","Cluster 1"
"Pocillopora_acuta_HIv2___RNAseq.g10374.t1","Pocillopora_acuta_HIv2___RNAseq.g10374.t1","Cluster 6"
"Pocillopora_acuta_HIv2___RNAseq.g10397.t1a","Pocillopora_acuta_HIv2___RNAseq.g10397.t1a","Cluster 1"
"Pocillopora_acuta_HIv2___RNAseq.g104.t1","Pocillopora_acuta_HIv2___RNAseq.g104.t1","Cluster 6"
"Pocillopora_acuta_HIv2___RNAseq.g10416.t1","Pocillopora_acuta_HIv2___RNAseq.g10416.t1","Cluster 3"
"Pocillopora_acuta_HIv2___RNAseq.g10435.t2","Pocillopora_acuta_HIv2___RNAseq.g10435.t2","Cluster 3"
"Pocillopora_acuta_HIv2___RNAseq.g10445.t1","Pocillopora_acuta_HIv2___RNAseq.g10445.t1","Cluster 6"
"Pocillopora_acuta_HIv2___RNAseq.g10474.t1","Pocillopora_acuta_HIv2___RNAseq.g10474.t1","Cluster 2"
"Pocillopora_acuta_HIv2___RNAseq.g10476.t1","Pocillopora_acuta_HIv2___RNAseq.g10476.t1","Cluster 1"
"Pocillopora_acuta_HIv2___RNAseq.g10477.t1","Pocillopora_acuta_HIv2___RNAseq.g10477.t1","Cluster 1"
"Pocillopora_acuta_HIv2___RNAseq.g10484.t1","Pocillopora_acuta_HIv2___RNAseq.g10484.t1","Cluster 2"
"Pocillopora_acuta_HIv2___RNAseq.g10501.t2","Pocillopora_acuta_HIv2___RNAseq.g10501.t2","Cluster 1"
"Pocillopora_acuta_HIv2___RNAseq.g10508.t1","Pocillopora_acuta_HIv2___RNAseq.g10508.t1","Cluster 3"
"Pocillopora_acuta_HIv2___RNAseq.g10515.t1","Pocillopora_acuta_HIv2___RNAseq.g10515.t1","Cluster 4"
"Pocillopora_acuta_HIv2___RNAseq.g10524.t1","Pocillopora_acuta_HIv2___RNAseq.g10524.t1","Cluster 6"
"Pocillopora_acuta_HIv2___RNAseq.g10579.t1","Pocillopora_acuta_HIv2___RNAseq.g10579.t1","Cluster 3"
"Pocillopora_acuta_HIv2___RNAseq.g10581.t1","Pocillopora_acuta_HIv2___RNAseq.g10581.t1","Cluster 5"
"Pocillopora_acuta_HIv2___RNAseq.g10586.t1","Pocillopora_acuta_HIv2___RNAseq.g10586.t1","Cluster 5"
"Pocillopora_acuta_HIv2___RNAseq.g10645.t1","Pocillopora_acuta_HIv2___RNAseq.g10645.t1","Cluster 3"
"Pocillopora_acuta_HIv2___RNAseq.g10661.t1","Pocillopora_acuta_HIv2___RNAseq.g10661.t1","Cluster 1"
"Pocillopora_acuta_HIv2___RNAseq.g10671.t1","Pocillopora_acuta_HIv2___RNAseq.g10671.t1","Cluster 6"
"Pocillopora_acuta_HIv2___RNAseq.g10707.t1","Pocillopora_acuta_HIv2___RNAseq.g10707.t1","Cluster 5"
"Pocillopora_acuta_HIv2___RNAseq.g10708.t1","Pocillopora_acuta_HIv2___RNAseq.g10708.t1","Cluster 6"
"Pocillopora_acuta_HIv2___RNAseq.g10734.t1","Pocillopora_acuta_HIv2___RNAseq.g10734.t1","Cluster 2"
"Pocillopora_acuta_HIv2___RNAseq.g10744.t1","Pocillopora_acuta_HIv2___RNAseq.g10744.t1","Cluster 3"
"Pocillopora_acuta_HIv2___RNAseq.g10758.t1","Pocillopora_acuta_HIv2___RNAseq.g10758.t1","Cluster 1"
"Pocillopora_acuta_HIv2___RNAseq.g1076.t1","Pocillopora_acuta_HIv2___RNAseq.g1076.t1","Cluster 2"
"Pocillopora_acuta_HIv2___RNAseq.g10802.t1","Pocillopora_acuta_HIv2___RNAseq.g10802.t1","Cluster 3"
"Pocillopora_acuta_HIv2___RNAseq.g10840.t1","Pocillopora_acuta_HIv2___RNAseq.g10840.t1","Cluster 2"
"Pocillopora_acuta_HIv2___RNAseq.g1087.t1","Pocillopora_acuta_HIv2___RNAseq.g1087.t1","Cluster 2"
"Pocillopora_acuta_HIv2___RNAseq.g10878.t1","Pocillopora_acuta_HIv2___RNAseq.g10878.t1","Cluster 1"
"Pocillopora_acuta_HIv2___RNAseq.g10901.t1","Pocillopora_acuta_HIv2___RNAseq.g10901.t1","Cluster 6"
"Pocillopora_acuta_HIv2___RNAseq.g10911.t1","Pocillopora_acuta_HIv2___RNAseq.g10911.t1","Cluster 3"
"Pocillopora_acuta_HIv2___RNAseq.g10920.t1","Pocillopora_acuta_HIv2___RNAseq.g10920.t1","Cluster 3"
"Pocillopora_acuta_HIv2___RNAseq.g10944.t1","Pocillopora_acuta_HIv2___RNAseq.g10944.t1","Cluster 5"
"Pocillopora_acuta_HIv2___RNAseq.g10984.t1","Pocillopora_acuta_HIv2___RNAseq.g10984.t1","Cluster 3"
"Pocillopora_acuta_HIv2___RNAseq.g10987.t1","Pocillopora_acuta_HIv2___RNAseq.g10987.t1","Cluster 1"
"Pocillopora_acuta_HIv2___RNAseq.g10989.t1","Pocillopora_acuta_HIv2___RNAseq.g10989.t1","Cluster 1"
"Pocillopora_acuta_HIv2___RNAseq.g11016.t1","Pocillopora_acuta_HIv2___RNAseq.g11016.t1","Cluster 6"
"Pocillopora_acuta_HIv2___RNAseq.g11039.t1","Pocillopora_acuta_HIv2___RNAseq.g11039.t1","Cluster 3"
"Pocillopora_acuta_HIv2___RNAseq.g11042.t1","Pocillopora_acuta_HIv2___RNAseq.g11042.t1","Cluster 3"
"Pocillopora_acuta_HIv2___RNAseq.g11049.t1","Pocillopora_acuta_HIv2___RNAseq.g11049.t1","Cluster 6"
"Pocillopora_acuta_HIv2___RNAseq.g1107.t1","Pocillopora_acuta_HIv2___RNAseq.g1107.t1","Cluster 3"
"Pocillopora_acuta_HIv2___RNAseq.g11071.t3","Pocillopora_acuta_HIv2___RNAseq.g11071.t3","Cluster 3"
"Pocillopora_acuta_HIv2___RNAseq.g11074.t1","Pocillopora_acuta_HIv2___RNAseq.g11074.t1","Cluster 2"
"Pocillopora_acuta_HIv2___RNAseq.g11082.t1","Pocillopora_acuta_HIv2___RNAseq.g11082.t1","Cluster 4"
"Pocillopora_acuta_HIv2___RNAseq.g11089.t1","Pocillopora_acuta_HIv2___RNAseq.g11089.t1","Cluster 6"
"Pocillopora_acuta_HIv2___RNAseq.g11128.t1","Pocillopora_acuta_HIv2___RNAseq.g11128.t1","Cluster 1"
"Pocillopora_acuta_HIv2___RNAseq.g11138.t1","Pocillopora_acuta_HIv2___RNAseq.g11138.t1","Cluster 6"
"Pocillopora_acuta_HIv2___RNAseq.g11140.t1","Pocillopora_acuta_HIv2___RNAseq.g11140.t1","Cluster 5"
"Pocillopora_acuta_HIv2___RNAseq.g11141.t1","Pocillopora_acuta_HIv2___RNAseq.g11141.t1","Cluster 5"
"Pocillopora_acuta_HIv2___RNAseq.g11162.t1","Pocillopora_acuta_HIv2___RNAseq.g11162.t1","Cluster 4"
"Pocillopora_acuta_HIv2___RNAseq.g11167.t1","Pocillopora_acuta_HIv2___RNAseq.g11167.t1","Cluster 6"
"Pocillopora_acuta_HIv2___RNAseq.g11173.t1","Pocillopora_acuta_HIv2___RNAseq.g11173.t1","Cluster 1"
"Pocillopora_acuta_HIv2___RNAseq.g11190.t1","Pocillopora_acuta_HIv2___RNAseq.g11190.t1","Cluster 1"
"Pocillopora_acuta_HIv2___RNAseq.g11211.t1","Pocillopora_acuta_HIv2___RNAseq.g11211.t1","Cluster 3"
"Pocillopora_acuta_HIv2___RNAseq.g11214.t1","Pocillopora_acuta_HIv2___RNAseq.g11214.t1","Cluster 3"
"Pocillopora_acuta_HIv2___RNAseq.g11223.t1","Pocillopora_acuta_HIv2___RNAseq.g11223.t1","Cluster 5"
"Pocillopora_acuta_HIv2___RNAseq.g11227.t1","Pocillopora_acuta_HIv2___RNAseq.g11227.t1","Cluster 2"
"Pocillopora_acuta_HIv2___RNAseq.g11233.t1","Pocillopora_acuta_HIv2___RNAseq.g11233.t1","Cluster 1"
"Pocillopora_acuta_HIv2___RNAseq.g11248.t1","Pocillopora_acuta_HIv2___RNAseq.g11248.t1","Cluster 1"
"Pocillopora_acuta_HIv2___RNAseq.g11250.t1","Pocillopora_acuta_HIv2___RNAseq.g11250.t1","Cluster 3"
"Pocillopora_acuta_HIv2___RNAseq.g11258.t1","Pocillopora_acuta_HIv2___RNAseq.g11258.t1","Cluster 1"
"Pocillopora_acuta_HIv2___RNAseq.g1127.t2","Pocillopora_acuta_HIv2___RNAseq.g1127.t2","Cluster 3"
"Pocillopora_acuta_HIv2___RNAseq.g11281.t1","Pocillopora_acuta_HIv2___RNAseq.g11281.t1","Cluster 1"
"Pocillopora_acuta_HIv2___RNAseq.g11286.t1","Pocillopora_acuta_HIv2___RNAseq.g11286.t1","Cluster 3"
"Pocillopora_acuta_HIv2___RNAseq.g1129.t1","Pocillopora_acuta_HIv2___RNAseq.g1129.t1","Cluster 3"
"Pocillopora_acuta_HIv2___RNAseq.g11292.t1","Pocillopora_acuta_HIv2___RNAseq.g11292.t1","Cluster 6"
"Pocillopora_acuta_HIv2___RNAseq.g11304.t1","Pocillopora_acuta_HIv2___RNAseq.g11304.t1","Cluster 5"
"Pocillopora_acuta_HIv2___RNAseq.g11313.t1","Pocillopora_acuta_HIv2___RNAseq.g11313.t1","Cluster 5"
"Pocillopora_acuta_HIv2___RNAseq.g11317.t1","Pocillopora_acuta_HIv2___RNAseq.g11317.t1","Cluster 1"
"Pocillopora_acuta_HIv2___RNAseq.g11333.t1","Pocillopora_acuta_HIv2___RNAseq.g11333.t1","Cluster 6"
"Pocillopora_acuta_HIv2___RNAseq.g11346.t1","Pocillopora_acuta_HIv2___RNAseq.g11346.t1","Cluster 2"
"Pocillopora_acuta_HIv2___RNAseq.g1135.t1","Pocillopora_acuta_HIv2___RNAseq.g1135.t1","Cluster 5"
"Pocillopora_acuta_HIv2___RNAseq.g11394.t1","Pocillopora_acuta_HIv2___RNAseq.g11394.t1","Cluster 1"
"Pocillopora_acuta_HIv2___RNAseq.g11410.t1","Pocillopora_acuta_HIv2___RNAseq.g11410.t1","Cluster 2"
"Pocillopora_acuta_HIv2___RNAseq.g11417.t1","Pocillopora_acuta_HIv2___RNAseq.g11417.t1","Cluster 3"
"Pocillopora_acuta_HIv2___RNAseq.g11418.t1","Pocillopora_acuta_HIv2___RNAseq.g11418.t1","Cluster 6"
"Pocillopora_acuta_HIv2___RNAseq.g11427.t1","Pocillopora_acuta_HIv2___RNAseq.g11427.t1","Cluster 1"
"Pocillopora_acuta_HIv2___RNAseq.g11428.t1","Pocillopora_acuta_HIv2___RNAseq.g11428.t1","Cluster 5"
"Pocillopora_acuta_HIv2___RNAseq.g11464.t1","Pocillopora_acuta_HIv2___RNAseq.g11464.t1","Cluster 5"
"Pocillopora_acuta_HIv2___RNAseq.g11465.t1","Pocillopora_acuta_HIv2___RNAseq.g11465.t1","Cluster 4"
"Pocillopora_acuta_HIv2___RNAseq.g11468.t1","Pocillopora_acuta_HIv2___RNAseq.g11468.t1","Cluster 2"
"Pocillopora_acuta_HIv2___RNAseq.g11478.t1","Pocillopora_acuta_HIv2___RNAseq.g11478.t1","Cluster 4"
"Pocillopora_acuta_HIv2___RNAseq.g11486.t1","Pocillopora_acuta_HIv2___RNAseq.g11486.t1","Cluster 1"
"Pocillopora_acuta_HIv2___RNAseq.g11503.t1","Pocillopora_acuta_HIv2___RNAseq.g11503.t1","Cluster 3"
"Pocillopora_acuta_HIv2___RNAseq.g11564.t1","Pocillopora_acuta_HIv2___RNAseq.g11564.t1","Cluster 1"
"Pocillopora_acuta_HIv2___RNAseq.g1157.t1","Pocillopora_acuta_HIv2___RNAseq.g1157.t1","Cluster 1"
"Pocillopora_acuta_HIv2___RNAseq.g11573.t2","Pocillopora_acuta_HIv2___RNAseq.g11573.t2","Cluster 1"
"Pocillopora_acuta_HIv2___RNAseq.g11594.t1","Pocillopora_acuta_HIv2___RNAseq.g11594.t1","Cluster 2"
"Pocillopora_acuta_HIv2___RNAseq.g11596.t1","Pocillopora_acuta_HIv2___RNAseq.g11596.t1","Cluster 1"
"Pocillopora_acuta_HIv2___RNAseq.g11609.t1","Pocillopora_acuta_HIv2___RNAseq.g11609.t1","Cluster 3"
"Pocillopora_acuta_HIv2___RNAseq.g11618.t1","Pocillopora_acuta_HIv2___RNAseq.g11618.t1","Cluster 1"
"Pocillopora_acuta_HIv2___RNAseq.g1162.t1","Pocillopora_acuta_HIv2___RNAseq.g1162.t1","Cluster 2"
"Pocillopora_acuta_HIv2___RNAseq.g1163.t1","Pocillopora_acuta_HIv2___RNAseq.g1163.t1","Cluster 3"
"Pocillopora_acuta_HIv2___RNAseq.g11631.t1","Pocillopora_acuta_HIv2___RNAseq.g11631.t1","Cluster 6"
"Pocillopora_acuta_HIv2___RNAseq.g11646.t1","Pocillopora_acuta_HIv2___RNAseq.g11646.t1","Cluster 1"
"Pocillopora_acuta_HIv2___RNAseq.g1165.t1","Pocillopora_acuta_HIv2___RNAseq.g1165.t1","Cluster 2"
"Pocillopora_acuta_HIv2___RNAseq.g11664.t1","Pocillopora_acuta_HIv2___RNAseq.g11664.t1","Cluster 1"
"Pocillopora_acuta_HIv2___RNAseq.g11665.t1","Pocillopora_acuta_HIv2___RNAseq.g11665.t1","Cluster 1"
"Pocillopora_acuta_HIv2___RNAseq.g11679.t1","Pocillopora_acuta_HIv2___RNAseq.g11679.t1","Cluster 5"
"Pocillopora_acuta_HIv2___RNAseq.g11693.t1","Pocillopora_acuta_HIv2___RNAseq.g11693.t1","Cluster 1"
"Pocillopora_acuta_HIv2___RNAseq.g11694.t1","Pocillopora_acuta_HIv2___RNAseq.g11694.t1","Cluster 3"
"Pocillopora_acuta_HIv2___RNAseq.g11713.t1","Pocillopora_acuta_HIv2___RNAseq.g11713.t1","Cluster 3"
"Pocillopora_acuta_HIv2___RNAseq.g11724.t1","Pocillopora_acuta_HIv2___RNAseq.g11724.t1","Cluster 3"
"Pocillopora_acuta_HIv2___RNAseq.g11747.t1","Pocillopora_acuta_HIv2___RNAseq.g11747.t1","Cluster 1"
"Pocillopora_acuta_HIv2___RNAseq.g11773.t1","Pocillopora_acuta_HIv2___RNAseq.g11773.t1","Cluster 1"
"Pocillopora_acuta_HIv2___RNAseq.g11774.t1","Pocillopora_acuta_HIv2___RNAseq.g11774.t1","Cluster 3"
"Pocillopora_acuta_HIv2___RNAseq.g11780.t1","Pocillopora_acuta_HIv2___RNAseq.g11780.t1","Cluster 3"
"Pocillopora_acuta_HIv2___RNAseq.g11783.t1","Pocillopora_acuta_HIv2___RNAseq.g11783.t1","Cluster 3"
"Pocillopora_acuta_HIv2___RNAseq.g11788.t1","Pocillopora_acuta_HIv2___RNAseq.g11788.t1","Cluster 6"
"Pocillopora_acuta_HIv2___RNAseq.g11790.t1","Pocillopora_acuta_HIv2___RNAseq.g11790.t1","Cluster 3"
"Pocillopora_acuta_HIv2___RNAseq.g11793.t1","Pocillopora_acuta_HIv2___RNAseq.g11793.t1","Cluster 5"
"Pocillopora_acuta_HIv2___RNAseq.g11803.t1","Pocillopora_acuta_HIv2___RNAseq.g11803.t1","Cluster 1"
"Pocillopora_acuta_HIv2___RNAseq.g11805.t1","Pocillopora_acuta_HIv2___RNAseq.g11805.t1","Cluster 1"
"Pocillopora_acuta_HIv2___RNAseq.g11806.t1","Pocillopora_acuta_HIv2___RNAseq.g11806.t1","Cluster 3"
"Pocillopora_acuta_HIv2___RNAseq.g1183.t1","Pocillopora_acuta_HIv2___RNAseq.g1183.t1","Cluster 2"
"Pocillopora_acuta_HIv2___RNAseq.g11842.t1","Pocillopora_acuta_HIv2___RNAseq.g11842.t1","Cluster 6"
"Pocillopora_acuta_HIv2___RNAseq.g11843.t1","Pocillopora_acuta_HIv2___RNAseq.g11843.t1","Cluster 1"
"Pocillopora_acuta_HIv2___RNAseq.g11862.t1","Pocillopora_acuta_HIv2___RNAseq.g11862.t1","Cluster 5"
"Pocillopora_acuta_HIv2___RNAseq.g11880.t1","Pocillopora_acuta_HIv2___RNAseq.g11880.t1","Cluster 6"
"Pocillopora_acuta_HIv2___RNAseq.g11895.t1","Pocillopora_acuta_HIv2___RNAseq.g11895.t1","Cluster 3"
"Pocillopora_acuta_HIv2___RNAseq.g11911.t1","Pocillopora_acuta_HIv2___RNAseq.g11911.t1","Cluster 6"
"Pocillopora_acuta_HIv2___RNAseq.g11922.t1","Pocillopora_acuta_HIv2___RNAseq.g11922.t1","Cluster 2"
"Pocillopora_acuta_HIv2___RNAseq.g11926.t1","Pocillopora_acuta_HIv2___RNAseq.g11926.t1","Cluster 6"
"Pocillopora_acuta_HIv2___RNAseq.g11941.t1","Pocillopora_acuta_HIv2___RNAseq.g11941.t1","Cluster 6"
"Pocillopora_acuta_HIv2___RNAseq.g11998.t1","Pocillopora_acuta_HIv2___RNAseq.g11998.t1","Cluster 4"
"Pocillopora_acuta_HIv2___RNAseq.g12014.t1","Pocillopora_acuta_HIv2___RNAseq.g12014.t1","Cluster 4"
"Pocillopora_acuta_HIv2___RNAseq.g12024.t1","Pocillopora_acuta_HIv2___RNAseq.g12024.t1","Cluster 4"
"Pocillopora_acuta_HIv2___RNAseq.g12032.t1","Pocillopora_acuta_HIv2___RNAseq.g12032.t1","Cluster 3"
"Pocillopora_acuta_HIv2___RNAseq.g12035.t1a","Pocillopora_acuta_HIv2___RNAseq.g12035.t1a","Cluster 6"
"Pocillopora_acuta_HIv2___RNAseq.g12067.t1","Pocillopora_acuta_HIv2___RNAseq.g12067.t1","Cluster 2"
"Pocillopora_acuta_HIv2___RNAseq.g12072.t1","Pocillopora_acuta_HIv2___RNAseq.g12072.t1","Cluster 3"
"Pocillopora_acuta_HIv2___RNAseq.g12087.t1","Pocillopora_acuta_HIv2___RNAseq.g12087.t1","Cluster 2"
"Pocillopora_acuta_HIv2___RNAseq.g12119.t3","Pocillopora_acuta_HIv2___RNAseq.g12119.t3","Cluster 4"
"Pocillopora_acuta_HIv2___RNAseq.g12138.t1","Pocillopora_acuta_HIv2___RNAseq.g12138.t1","Cluster 3"
"Pocillopora_acuta_HIv2___RNAseq.g12143.t1","Pocillopora_acuta_HIv2___RNAseq.g12143.t1","Cluster 5"
"Pocillopora_acuta_HIv2___RNAseq.g1216.t1","Pocillopora_acuta_HIv2___RNAseq.g1216.t1","Cluster 1"
"Pocillopora_acuta_HIv2___RNAseq.g12160.t1a","Pocillopora_acuta_HIv2___RNAseq.g12160.t1a","Cluster 1"
"Pocillopora_acuta_HIv2___RNAseq.g12162.t1","Pocillopora_acuta_HIv2___RNAseq.g12162.t1","Cluster 2"
"Pocillopora_acuta_HIv2___RNAseq.g12165.t1","Pocillopora_acuta_HIv2___RNAseq.g12165.t1","Cluster 1"
"Pocillopora_acuta_HIv2___RNAseq.g12168.t1","Pocillopora_acuta_HIv2___RNAseq.g12168.t1","Cluster 1"
"Pocillopora_acuta_HIv2___RNAseq.g12222.t1","Pocillopora_acuta_HIv2___RNAseq.g12222.t1","Cluster 5"
"Pocillopora_acuta_HIv2___RNAseq.g12225.t1","Pocillopora_acuta_HIv2___RNAseq.g12225.t1","Cluster 3"
"Pocillopora_acuta_HIv2___RNAseq.g12235.t1","Pocillopora_acuta_HIv2___RNAseq.g12235.t1","Cluster 2"
"Pocillopora_acuta_HIv2___RNAseq.g12241.t1","Pocillopora_acuta_HIv2___RNAseq.g12241.t1","Cluster 5"
"Pocillopora_acuta_HIv2___RNAseq.g12249.t1","Pocillopora_acuta_HIv2___RNAseq.g12249.t1","Cluster 6"
"Pocillopora_acuta_HIv2___RNAseq.g12259.t1","Pocillopora_acuta_HIv2___RNAseq.g12259.t1","Cluster 2"
"Pocillopora_acuta_HIv2___RNAseq.g12295.t2","Pocillopora_acuta_HIv2___RNAseq.g12295.t2","Cluster 3"
"Pocillopora_acuta_HIv2___RNAseq.g12304.t1","Pocillopora_acuta_HIv2___RNAseq.g12304.t1","Cluster 6"
"Pocillopora_acuta_HIv2___RNAseq.g12306.t1","Pocillopora_acuta_HIv2___RNAseq.g12306.t1","Cluster 2"
"Pocillopora_acuta_HIv2___RNAseq.g12308.t1","Pocillopora_acuta_HIv2___RNAseq.g12308.t1","Cluster 3"
"Pocillopora_acuta_HIv2___RNAseq.g12309.t1","Pocillopora_acuta_HIv2___RNAseq.g12309.t1","Cluster 5"
"Pocillopora_acuta_HIv2___RNAseq.g12327.t1","Pocillopora_acuta_HIv2___RNAseq.g12327.t1","Cluster 6"
"Pocillopora_acuta_HIv2___RNAseq.g12333.t1","Pocillopora_acuta_HIv2___RNAseq.g12333.t1","Cluster 3"
"Pocillopora_acuta_HIv2___RNAseq.g12382.t1","Pocillopora_acuta_HIv2___RNAseq.g12382.t1","Cluster 3"
"Pocillopora_acuta_HIv2___RNAseq.g1239.t1","Pocillopora_acuta_HIv2___RNAseq.g1239.t1","Cluster 1"
"Pocillopora_acuta_HIv2___RNAseq.g12409.t1","Pocillopora_acuta_HIv2___RNAseq.g12409.t1","Cluster 2"
"Pocillopora_acuta_HIv2___RNAseq.g12487.t1","Pocillopora_acuta_HIv2___RNAseq.g12487.t1","Cluster 6"
"Pocillopora_acuta_HIv2___RNAseq.g12497.t1","Pocillopora_acuta_HIv2___RNAseq.g12497.t1","Cluster 2"
"Pocillopora_acuta_HIv2___RNAseq.g12500.t1","Pocillopora_acuta_HIv2___RNAseq.g12500.t1","Cluster 1"
"Pocillopora_acuta_HIv2___RNAseq.g1252.t1","Pocillopora_acuta_HIv2___RNAseq.g1252.t1","Cluster 1"
"Pocillopora_acuta_HIv2___RNAseq.g12532.t1","Pocillopora_acuta_HIv2___RNAseq.g12532.t1","Cluster 6"
"Pocillopora_acuta_HIv2___RNAseq.g12535.t1","Pocillopora_acuta_HIv2___RNAseq.g12535.t1","Cluster 4"
"Pocillopora_acuta_HIv2___RNAseq.g12560.t1","Pocillopora_acuta_HIv2___RNAseq.g12560.t1","Cluster 1"
"Pocillopora_acuta_HIv2___RNAseq.g1264.t1","Pocillopora_acuta_HIv2___RNAseq.g1264.t1","Cluster 6"
"Pocillopora_acuta_HIv2___RNAseq.g12640.t1b","Pocillopora_acuta_HIv2___RNAseq.g12640.t1b","Cluster 3"
"Pocillopora_acuta_HIv2___RNAseq.g12660.t1","Pocillopora_acuta_HIv2___RNAseq.g12660.t1","Cluster 1"
"Pocillopora_acuta_HIv2___RNAseq.g12674.t1","Pocillopora_acuta_HIv2___RNAseq.g12674.t1","Cluster 1"
"Pocillopora_acuta_HIv2___RNAseq.g1268.t1","Pocillopora_acuta_HIv2___RNAseq.g1268.t1","Cluster 4"
"Pocillopora_acuta_HIv2___RNAseq.g12681.t1","Pocillopora_acuta_HIv2___RNAseq.g12681.t1","Cluster 5"
"Pocillopora_acuta_HIv2___RNAseq.g1269.t1","Pocillopora_acuta_HIv2___RNAseq.g1269.t1","Cluster 1"
"Pocillopora_acuta_HIv2___RNAseq.g12699.t1","Pocillopora_acuta_HIv2___RNAseq.g12699.t1","Cluster 3"
"Pocillopora_acuta_HIv2___RNAseq.g127.t1","Pocillopora_acuta_HIv2___RNAseq.g127.t1","Cluster 5"
"Pocillopora_acuta_HIv2___RNAseq.g12703.t1","Pocillopora_acuta_HIv2___RNAseq.g12703.t1","Cluster 2"
"Pocillopora_acuta_HIv2___RNAseq.g12726.t1","Pocillopora_acuta_HIv2___RNAseq.g12726.t1","Cluster 1"
"Pocillopora_acuta_HIv2___RNAseq.g12733.t1","Pocillopora_acuta_HIv2___RNAseq.g12733.t1","Cluster 4"
"Pocillopora_acuta_HIv2___RNAseq.g12751.t1","Pocillopora_acuta_HIv2___RNAseq.g12751.t1","Cluster 2"
"Pocillopora_acuta_HIv2___RNAseq.g12755.t1","Pocillopora_acuta_HIv2___RNAseq.g12755.t1","Cluster 1"
"Pocillopora_acuta_HIv2___RNAseq.g1277.t1","Pocillopora_acuta_HIv2___RNAseq.g1277.t1","Cluster 1"
"Pocillopora_acuta_HIv2___RNAseq.g12775.t1","Pocillopora_acuta_HIv2___RNAseq.g12775.t1","Cluster 1"
"Pocillopora_acuta_HIv2___RNAseq.g12796.t1","Pocillopora_acuta_HIv2___RNAseq.g12796.t1","Cluster 1"
"Pocillopora_acuta_HIv2___RNAseq.g12797.t1","Pocillopora_acuta_HIv2___RNAseq.g12797.t1","Cluster 1"
"Pocillopora_acuta_HIv2___RNAseq.g12815.t1","Pocillopora_acuta_HIv2___RNAseq.g12815.t1","Cluster 5"
"Pocillopora_acuta_HIv2___RNAseq.g12816.t1","Pocillopora_acuta_HIv2___RNAseq.g12816.t1","Cluster 3"
"Pocillopora_acuta_HIv2___RNAseq.g12819.t1","Pocillopora_acuta_HIv2___RNAseq.g12819.t1","Cluster 2"
"Pocillopora_acuta_HIv2___RNAseq.g12820.t1","Pocillopora_acuta_HIv2___RNAseq.g12820.t1","Cluster 3"
"Pocillopora_acuta_HIv2___RNAseq.g12839.t1","Pocillopora_acuta_HIv2___RNAseq.g12839.t1","Cluster 5"
"Pocillopora_acuta_HIv2___RNAseq.g12843.t2","Pocillopora_acuta_HIv2___RNAseq.g12843.t2","Cluster 1"
"Pocillopora_acuta_HIv2___RNAseq.g12847.t1","Pocillopora_acuta_HIv2___RNAseq.g12847.t1","Cluster 4"
"Pocillopora_acuta_HIv2___RNAseq.g12848.t1","Pocillopora_acuta_HIv2___RNAseq.g12848.t1","Cluster 1"
"Pocillopora_acuta_HIv2___RNAseq.g12859.t1","Pocillopora_acuta_HIv2___RNAseq.g12859.t1","Cluster 1"
"Pocillopora_acuta_HIv2___RNAseq.g12860.t1","Pocillopora_acuta_HIv2___RNAseq.g12860.t1","Cluster 2"
"Pocillopora_acuta_HIv2___RNAseq.g12867.t1","Pocillopora_acuta_HIv2___RNAseq.g12867.t1","Cluster 6"
"Pocillopora_acuta_HIv2___RNAseq.g12873.t1","Pocillopora_acuta_HIv2___RNAseq.g12873.t1","Cluster 2"
"Pocillopora_acuta_HIv2___RNAseq.g129.t1","Pocillopora_acuta_HIv2___RNAseq.g129.t1","Cluster 2"
"Pocillopora_acuta_HIv2___RNAseq.g12904.t1","Pocillopora_acuta_HIv2___RNAseq.g12904.t1","Cluster 3"
"Pocillopora_acuta_HIv2___RNAseq.g12924.t1","Pocillopora_acuta_HIv2___RNAseq.g12924.t1","Cluster 3"
"Pocillopora_acuta_HIv2___RNAseq.g12935.t1","Pocillopora_acuta_HIv2___RNAseq.g12935.t1","Cluster 3"
"Pocillopora_acuta_HIv2___RNAseq.g12943.t1","Pocillopora_acuta_HIv2___RNAseq.g12943.t1","Cluster 1"
"Pocillopora_acuta_HIv2___RNAseq.g12946.t1","Pocillopora_acuta_HIv2___RNAseq.g12946.t1","Cluster 3"
"Pocillopora_acuta_HIv2___RNAseq.g12963.t1","Pocillopora_acuta_HIv2___RNAseq.g12963.t1","Cluster 6"
"Pocillopora_acuta_HIv2___RNAseq.g12964.t1","Pocillopora_acuta_HIv2___RNAseq.g12964.t1","Cluster 1"
"Pocillopora_acuta_HIv2___RNAseq.g12983.t1","Pocillopora_acuta_HIv2___RNAseq.g12983.t1","Cluster 4"
"Pocillopora_acuta_HIv2___RNAseq.g12984.t1","Pocillopora_acuta_HIv2___RNAseq.g12984.t1","Cluster 5"
"Pocillopora_acuta_HIv2___RNAseq.g12986.t2","Pocillopora_acuta_HIv2___RNAseq.g12986.t2","Cluster 2"
"Pocillopora_acuta_HIv2___RNAseq.g12987.t1","Pocillopora_acuta_HIv2___RNAseq.g12987.t1","Cluster 1"
"Pocillopora_acuta_HIv2___RNAseq.g12997.t1","Pocillopora_acuta_HIv2___RNAseq.g12997.t1","Cluster 6"
"Pocillopora_acuta_HIv2___RNAseq.g13037.t1","Pocillopora_acuta_HIv2___RNAseq.g13037.t1","Cluster 2"
"Pocillopora_acuta_HIv2___RNAseq.g1305.t1","Pocillopora_acuta_HIv2___RNAseq.g1305.t1","Cluster 4"
"Pocillopora_acuta_HIv2___RNAseq.g13058.t1","Pocillopora_acuta_HIv2___RNAseq.g13058.t1","Cluster 3"
"Pocillopora_acuta_HIv2___RNAseq.g13060.t1","Pocillopora_acuta_HIv2___RNAseq.g13060.t1","Cluster 3"
"Pocillopora_acuta_HIv2___RNAseq.g1308.t1","Pocillopora_acuta_HIv2___RNAseq.g1308.t1","Cluster 4"
"Pocillopora_acuta_HIv2___RNAseq.g13086.t1","Pocillopora_acuta_HIv2___RNAseq.g13086.t1","Cluster 5"
"Pocillopora_acuta_HIv2___RNAseq.g13087.t1","Pocillopora_acuta_HIv2___RNAseq.g13087.t1","Cluster 1"
"Pocillopora_acuta_HIv2___RNAseq.g13120.t1","Pocillopora_acuta_HIv2___RNAseq.g13120.t1","Cluster 3"
"Pocillopora_acuta_HIv2___RNAseq.g13137.t1","Pocillopora_acuta_HIv2___RNAseq.g13137.t1","Cluster 1"
"Pocillopora_acuta_HIv2___RNAseq.g13184.t1","Pocillopora_acuta_HIv2___RNAseq.g13184.t1","Cluster 1"
"Pocillopora_acuta_HIv2___RNAseq.g13190.t1","Pocillopora_acuta_HIv2___RNAseq.g13190.t1","Cluster 4"
"Pocillopora_acuta_HIv2___RNAseq.g1320.t1","Pocillopora_acuta_HIv2___RNAseq.g1320.t1","Cluster 5"
"Pocillopora_acuta_HIv2___RNAseq.g13207.t1","Pocillopora_acuta_HIv2___RNAseq.g13207.t1","Cluster 1"
"Pocillopora_acuta_HIv2___RNAseq.g13209.t1","Pocillopora_acuta_HIv2___RNAseq.g13209.t1","Cluster 5"
"Pocillopora_acuta_HIv2___RNAseq.g1321.t1","Pocillopora_acuta_HIv2___RNAseq.g1321.t1","Cluster 5"
"Pocillopora_acuta_HIv2___RNAseq.g13216.t1","Pocillopora_acuta_HIv2___RNAseq.g13216.t1","Cluster 1"
"Pocillopora_acuta_HIv2___RNAseq.g13221.t1","Pocillopora_acuta_HIv2___RNAseq.g13221.t1","Cluster 3"
"Pocillopora_acuta_HIv2___RNAseq.g13227.t1","Pocillopora_acuta_HIv2___RNAseq.g13227.t1","Cluster 2"
"Pocillopora_acuta_HIv2___RNAseq.g13228.t1","Pocillopora_acuta_HIv2___RNAseq.g13228.t1","Cluster 2"
"Pocillopora_acuta_HIv2___RNAseq.g13231.t1","Pocillopora_acuta_HIv2___RNAseq.g13231.t1","Cluster 4"
"Pocillopora_acuta_HIv2___RNAseq.g13248.t1","Pocillopora_acuta_HIv2___RNAseq.g13248.t1","Cluster 2"
"Pocillopora_acuta_HIv2___RNAseq.g13253.t1","Pocillopora_acuta_HIv2___RNAseq.g13253.t1","Cluster 5"
"Pocillopora_acuta_HIv2___RNAseq.g13255.t1","Pocillopora_acuta_HIv2___RNAseq.g13255.t1","Cluster 3"
"Pocillopora_acuta_HIv2___RNAseq.g13304.t1","Pocillopora_acuta_HIv2___RNAseq.g13304.t1","Cluster 2"
"Pocillopora_acuta_HIv2___RNAseq.g13320.t1","Pocillopora_acuta_HIv2___RNAseq.g13320.t1","Cluster 5"
"Pocillopora_acuta_HIv2___RNAseq.g13340.t1","Pocillopora_acuta_HIv2___RNAseq.g13340.t1","Cluster 1"
"Pocillopora_acuta_HIv2___RNAseq.g13351.t1","Pocillopora_acuta_HIv2___RNAseq.g13351.t1","Cluster 2"
"Pocillopora_acuta_HIv2___RNAseq.g13377.t1","Pocillopora_acuta_HIv2___RNAseq.g13377.t1","Cluster 1"
"Pocillopora_acuta_HIv2___RNAseq.g13400.t1","Pocillopora_acuta_HIv2___RNAseq.g13400.t1","Cluster 2"
"Pocillopora_acuta_HIv2___RNAseq.g13407.t1","Pocillopora_acuta_HIv2___RNAseq.g13407.t1","Cluster 2"
"Pocillopora_acuta_HIv2___RNAseq.g13416.t1","Pocillopora_acuta_HIv2___RNAseq.g13416.t1","Cluster 1"
"Pocillopora_acuta_HIv2___RNAseq.g13436.t1","Pocillopora_acuta_HIv2___RNAseq.g13436.t1","Cluster 2"
"Pocillopora_acuta_HIv2___RNAseq.g13444.t1","Pocillopora_acuta_HIv2___RNAseq.g13444.t1","Cluster 6"
"Pocillopora_acuta_HIv2___RNAseq.g13452.t1","Pocillopora_acuta_HIv2___RNAseq.g13452.t1","Cluster 1"
"Pocillopora_acuta_HIv2___RNAseq.g13454.t1","Pocillopora_acuta_HIv2___RNAseq.g13454.t1","Cluster 1"
"Pocillopora_acuta_HIv2___RNAseq.g13464.t1","Pocillopora_acuta_HIv2___RNAseq.g13464.t1","Cluster 5"
"Pocillopora_acuta_HIv2___RNAseq.g13476.t1","Pocillopora_acuta_HIv2___RNAseq.g13476.t1","Cluster 2"
"Pocillopora_acuta_HIv2___RNAseq.g13498.t1","Pocillopora_acuta_HIv2___RNAseq.g13498.t1","Cluster 3"
"Pocillopora_acuta_HIv2___RNAseq.g13536.t1","Pocillopora_acuta_HIv2___RNAseq.g13536.t1","Cluster 6"
"Pocillopora_acuta_HIv2___RNAseq.g13549.t1","Pocillopora_acuta_HIv2___RNAseq.g13549.t1","Cluster 1"
"Pocillopora_acuta_HIv2___RNAseq.g13550.t1","Pocillopora_acuta_HIv2___RNAseq.g13550.t1","Cluster 1"
"Pocillopora_acuta_HIv2___RNAseq.g13562.t1","Pocillopora_acuta_HIv2___RNAseq.g13562.t1","Cluster 6"
"Pocillopora_acuta_HIv2___RNAseq.g13567.t1a","Pocillopora_acuta_HIv2___RNAseq.g13567.t1a","Cluster 2"
"Pocillopora_acuta_HIv2___RNAseq.g13567.t1b","Pocillopora_acuta_HIv2___RNAseq.g13567.t1b","Cluster 3"
"Pocillopora_acuta_HIv2___RNAseq.g13581.t1","Pocillopora_acuta_HIv2___RNAseq.g13581.t1","Cluster 3"
"Pocillopora_acuta_HIv2___RNAseq.g13583.t1","Pocillopora_acuta_HIv2___RNAseq.g13583.t1","Cluster 6"
"Pocillopora_acuta_HIv2___RNAseq.g13588.t1","Pocillopora_acuta_HIv2___RNAseq.g13588.t1","Cluster 6"
"Pocillopora_acuta_HIv2___RNAseq.g13604.t1","Pocillopora_acuta_HIv2___RNAseq.g13604.t1","Cluster 6"
"Pocillopora_acuta_HIv2___RNAseq.g13605.t1","Pocillopora_acuta_HIv2___RNAseq.g13605.t1","Cluster 1"
"Pocillopora_acuta_HIv2___RNAseq.g13608.t1","Pocillopora_acuta_HIv2___RNAseq.g13608.t1","Cluster 3"
"Pocillopora_acuta_HIv2___RNAseq.g13614.t1","Pocillopora_acuta_HIv2___RNAseq.g13614.t1","Cluster 3"
"Pocillopora_acuta_HIv2___RNAseq.g13640.t1","Pocillopora_acuta_HIv2___RNAseq.g13640.t1","Cluster 5"
"Pocillopora_acuta_HIv2___RNAseq.g13682.t1","Pocillopora_acuta_HIv2___RNAseq.g13682.t1","Cluster 3"
"Pocillopora_acuta_HIv2___RNAseq.g13711.t1","Pocillopora_acuta_HIv2___RNAseq.g13711.t1","Cluster 4"
"Pocillopora_acuta_HIv2___RNAseq.g13716.t1","Pocillopora_acuta_HIv2___RNAseq.g13716.t1","Cluster 3"
"Pocillopora_acuta_HIv2___RNAseq.g13721.t1","Pocillopora_acuta_HIv2___RNAseq.g13721.t1","Cluster 2"
"Pocillopora_acuta_HIv2___RNAseq.g13745.t1","Pocillopora_acuta_HIv2___RNAseq.g13745.t1","Cluster 5"
"Pocillopora_acuta_HIv2___RNAseq.g13746.t1","Pocillopora_acuta_HIv2___RNAseq.g13746.t1","Cluster 3"
"Pocillopora_acuta_HIv2___RNAseq.g13748.t1","Pocillopora_acuta_HIv2___RNAseq.g13748.t1","Cluster 3"
"Pocillopora_acuta_HIv2___RNAseq.g13751.t1","Pocillopora_acuta_HIv2___RNAseq.g13751.t1","Cluster 1"
"Pocillopora_acuta_HIv2___RNAseq.g13758.t1","Pocillopora_acuta_HIv2___RNAseq.g13758.t1","Cluster 1"
"Pocillopora_acuta_HIv2___RNAseq.g13760.t1","Pocillopora_acuta_HIv2___RNAseq.g13760.t1","Cluster 1"
"Pocillopora_acuta_HIv2___RNAseq.g13772.t1","Pocillopora_acuta_HIv2___RNAseq.g13772.t1","Cluster 3"
"Pocillopora_acuta_HIv2___RNAseq.g13778.t1","Pocillopora_acuta_HIv2___RNAseq.g13778.t1","Cluster 6"
"Pocillopora_acuta_HIv2___RNAseq.g13851.t1","Pocillopora_acuta_HIv2___RNAseq.g13851.t1","Cluster 4"
"Pocillopora_acuta_HIv2___RNAseq.g13865.t1","Pocillopora_acuta_HIv2___RNAseq.g13865.t1","Cluster 1"
"Pocillopora_acuta_HIv2___RNAseq.g13871.t1","Pocillopora_acuta_HIv2___RNAseq.g13871.t1","Cluster 1"
"Pocillopora_acuta_HIv2___RNAseq.g13892.t1","Pocillopora_acuta_HIv2___RNAseq.g13892.t1","Cluster 5"
"Pocillopora_acuta_HIv2___RNAseq.g13893.t1","Pocillopora_acuta_HIv2___RNAseq.g13893.t1","Cluster 1"
"Pocillopora_acuta_HIv2___RNAseq.g1391.t1","Pocillopora_acuta_HIv2___RNAseq.g1391.t1","Cluster 3"
"Pocillopora_acuta_HIv2___RNAseq.g13921.t1","Pocillopora_acuta_HIv2___RNAseq.g13921.t1","Cluster 3"
"Pocillopora_acuta_HIv2___RNAseq.g13936.t1","Pocillopora_acuta_HIv2___RNAseq.g13936.t1","Cluster 6"
"Pocillopora_acuta_HIv2___RNAseq.g13951.t1","Pocillopora_acuta_HIv2___RNAseq.g13951.t1","Cluster 3"
"Pocillopora_acuta_HIv2___RNAseq.g13952.t1","Pocillopora_acuta_HIv2___RNAseq.g13952.t1","Cluster 3"
"Pocillopora_acuta_HIv2___RNAseq.g1397.t1","Pocillopora_acuta_HIv2___RNAseq.g1397.t1","Cluster 3"
"Pocillopora_acuta_HIv2___RNAseq.g13987.t1","Pocillopora_acuta_HIv2___RNAseq.g13987.t1","Cluster 1"
"Pocillopora_acuta_HIv2___RNAseq.g1400.t1a","Pocillopora_acuta_HIv2___RNAseq.g1400.t1a","Cluster 5"
"Pocillopora_acuta_HIv2___RNAseq.g14010.t1","Pocillopora_acuta_HIv2___RNAseq.g14010.t1","Cluster 2"
"Pocillopora_acuta_HIv2___RNAseq.g14012.t1","Pocillopora_acuta_HIv2___RNAseq.g14012.t1","Cluster 4"
"Pocillopora_acuta_HIv2___RNAseq.g14091.t1","Pocillopora_acuta_HIv2___RNAseq.g14091.t1","Cluster 2"
"Pocillopora_acuta_HIv2___RNAseq.g14163.t1","Pocillopora_acuta_HIv2___RNAseq.g14163.t1","Cluster 5"
"Pocillopora_acuta_HIv2___RNAseq.g14165.t1","Pocillopora_acuta_HIv2___RNAseq.g14165.t1","Cluster 5"
"Pocillopora_acuta_HIv2___RNAseq.g14168.t1","Pocillopora_acuta_HIv2___RNAseq.g14168.t1","Cluster 6"
"Pocillopora_acuta_HIv2___RNAseq.g1417.t1","Pocillopora_acuta_HIv2___RNAseq.g1417.t1","Cluster 3"
"Pocillopora_acuta_HIv2___RNAseq.g14174.t1","Pocillopora_acuta_HIv2___RNAseq.g14174.t1","Cluster 6"
"Pocillopora_acuta_HIv2___RNAseq.g1421.t1","Pocillopora_acuta_HIv2___RNAseq.g1421.t1","Cluster 6"
"Pocillopora_acuta_HIv2___RNAseq.g14211.t1","Pocillopora_acuta_HIv2___RNAseq.g14211.t1","Cluster 3"
"Pocillopora_acuta_HIv2___RNAseq.g14229.t1","Pocillopora_acuta_HIv2___RNAseq.g14229.t1","Cluster 5"
"Pocillopora_acuta_HIv2___RNAseq.g1423.t1","Pocillopora_acuta_HIv2___RNAseq.g1423.t1","Cluster 2"
"Pocillopora_acuta_HIv2___RNAseq.g14238.t1","Pocillopora_acuta_HIv2___RNAseq.g14238.t1","Cluster 2"
"Pocillopora_acuta_HIv2___RNAseq.g14246.t1","Pocillopora_acuta_HIv2___RNAseq.g14246.t1","Cluster 5"
"Pocillopora_acuta_HIv2___RNAseq.g14247.t1","Pocillopora_acuta_HIv2___RNAseq.g14247.t1","Cluster 4"
"Pocillopora_acuta_HIv2___RNAseq.g14255.t1","Pocillopora_acuta_HIv2___RNAseq.g14255.t1","Cluster 1"
"Pocillopora_acuta_HIv2___RNAseq.g14286.t1a","Pocillopora_acuta_HIv2___RNAseq.g14286.t1a","Cluster 2"
"Pocillopora_acuta_HIv2___RNAseq.g14317.t1","Pocillopora_acuta_HIv2___RNAseq.g14317.t1","Cluster 6"
"Pocillopora_acuta_HIv2___RNAseq.g14330.t3","Pocillopora_acuta_HIv2___RNAseq.g14330.t3","Cluster 3"
"Pocillopora_acuta_HIv2___RNAseq.g14346.t2","Pocillopora_acuta_HIv2___RNAseq.g14346.t2","Cluster 3"
"Pocillopora_acuta_HIv2___RNAseq.g14360.t1","Pocillopora_acuta_HIv2___RNAseq.g14360.t1","Cluster 3"
"Pocillopora_acuta_HIv2___RNAseq.g14380.t1","Pocillopora_acuta_HIv2___RNAseq.g14380.t1","Cluster 1"
"Pocillopora_acuta_HIv2___RNAseq.g14419.t1","Pocillopora_acuta_HIv2___RNAseq.g14419.t1","Cluster 1"
"Pocillopora_acuta_HIv2___RNAseq.g14437.t1a","Pocillopora_acuta_HIv2___RNAseq.g14437.t1a","Cluster 1"
"Pocillopora_acuta_HIv2___RNAseq.g14441.t1","Pocillopora_acuta_HIv2___RNAseq.g14441.t1","Cluster 3"
"Pocillopora_acuta_HIv2___RNAseq.g14452.t1","Pocillopora_acuta_HIv2___RNAseq.g14452.t1","Cluster 5"
"Pocillopora_acuta_HIv2___RNAseq.g14459.t1","Pocillopora_acuta_HIv2___RNAseq.g14459.t1","Cluster 3"
"Pocillopora_acuta_HIv2___RNAseq.g14515.t1","Pocillopora_acuta_HIv2___RNAseq.g14515.t1","Cluster 2"
"Pocillopora_acuta_HIv2___RNAseq.g14518.t1","Pocillopora_acuta_HIv2___RNAseq.g14518.t1","Cluster 1"
"Pocillopora_acuta_HIv2___RNAseq.g14542.t1","Pocillopora_acuta_HIv2___RNAseq.g14542.t1","Cluster 2"
"Pocillopora_acuta_HIv2___RNAseq.g14576.t1","Pocillopora_acuta_HIv2___RNAseq.g14576.t1","Cluster 2"
"Pocillopora_acuta_HIv2___RNAseq.g1461.t1","Pocillopora_acuta_HIv2___RNAseq.g1461.t1","Cluster 4"
"Pocillopora_acuta_HIv2___RNAseq.g1462.t1","Pocillopora_acuta_HIv2___RNAseq.g1462.t1","Cluster 1"
"Pocillopora_acuta_HIv2___RNAseq.g14628.t1","Pocillopora_acuta_HIv2___RNAseq.g14628.t1","Cluster 6"
"Pocillopora_acuta_HIv2___RNAseq.g14640.t1","Pocillopora_acuta_HIv2___RNAseq.g14640.t1","Cluster 3"
"Pocillopora_acuta_HIv2___RNAseq.g14653.t1","Pocillopora_acuta_HIv2___RNAseq.g14653.t1","Cluster 3"
"Pocillopora_acuta_HIv2___RNAseq.g14657.t1","Pocillopora_acuta_HIv2___RNAseq.g14657.t1","Cluster 2"
"Pocillopora_acuta_HIv2___RNAseq.g14666.t1","Pocillopora_acuta_HIv2___RNAseq.g14666.t1","Cluster 3"
"Pocillopora_acuta_HIv2___RNAseq.g14674.t1","Pocillopora_acuta_HIv2___RNAseq.g14674.t1","Cluster 6"
"Pocillopora_acuta_HIv2___RNAseq.g14707.t1","Pocillopora_acuta_HIv2___RNAseq.g14707.t1","Cluster 5"
"Pocillopora_acuta_HIv2___RNAseq.g14710.t1","Pocillopora_acuta_HIv2___RNAseq.g14710.t1","Cluster 6"
"Pocillopora_acuta_HIv2___RNAseq.g14711.t1","Pocillopora_acuta_HIv2___RNAseq.g14711.t1","Cluster 3"
"Pocillopora_acuta_HIv2___RNAseq.g14714.t2","Pocillopora_acuta_HIv2___RNAseq.g14714.t2","Cluster 3"
"Pocillopora_acuta_HIv2___RNAseq.g14723.t1","Pocillopora_acuta_HIv2___RNAseq.g14723.t1","Cluster 1"
"Pocillopora_acuta_HIv2___RNAseq.g14724.t1","Pocillopora_acuta_HIv2___RNAseq.g14724.t1","Cluster 3"
"Pocillopora_acuta_HIv2___RNAseq.g14728.t1","Pocillopora_acuta_HIv2___RNAseq.g14728.t1","Cluster 6"
"Pocillopora_acuta_HIv2___RNAseq.g14731.t1","Pocillopora_acuta_HIv2___RNAseq.g14731.t1","Cluster 6"
"Pocillopora_acuta_HIv2___RNAseq.g14734.t1","Pocillopora_acuta_HIv2___RNAseq.g14734.t1","Cluster 6"
"Pocillopora_acuta_HIv2___RNAseq.g14739.t1","Pocillopora_acuta_HIv2___RNAseq.g14739.t1","Cluster 1"
"Pocillopora_acuta_HIv2___RNAseq.g14769.t1","Pocillopora_acuta_HIv2___RNAseq.g14769.t1","Cluster 3"
"Pocillopora_acuta_HIv2___RNAseq.g14772.t1","Pocillopora_acuta_HIv2___RNAseq.g14772.t1","Cluster 3"
"Pocillopora_acuta_HIv2___RNAseq.g14774.t1","Pocillopora_acuta_HIv2___RNAseq.g14774.t1","Cluster 3"
"Pocillopora_acuta_HIv2___RNAseq.g14785.t1","Pocillopora_acuta_HIv2___RNAseq.g14785.t1","Cluster 6"
"Pocillopora_acuta_HIv2___RNAseq.g14812.t1","Pocillopora_acuta_HIv2___RNAseq.g14812.t1","Cluster 3"
"Pocillopora_acuta_HIv2___RNAseq.g14814.t1","Pocillopora_acuta_HIv2___RNAseq.g14814.t1","Cluster 3"
"Pocillopora_acuta_HIv2___RNAseq.g1483.t1","Pocillopora_acuta_HIv2___RNAseq.g1483.t1","Cluster 6"
"Pocillopora_acuta_HIv2___RNAseq.g14837.t1","Pocillopora_acuta_HIv2___RNAseq.g14837.t1","Cluster 2"
"Pocillopora_acuta_HIv2___RNAseq.g14844.t1","Pocillopora_acuta_HIv2___RNAseq.g14844.t1","Cluster 3"
"Pocillopora_acuta_HIv2___RNAseq.g14850.t1","Pocillopora_acuta_HIv2___RNAseq.g14850.t1","Cluster 2"
"Pocillopora_acuta_HIv2___RNAseq.g14867.t1","Pocillopora_acuta_HIv2___RNAseq.g14867.t1","Cluster 6"
"Pocillopora_acuta_HIv2___RNAseq.g14892.t1","Pocillopora_acuta_HIv2___RNAseq.g14892.t1","Cluster 1"
"Pocillopora_acuta_HIv2___RNAseq.g149.t1","Pocillopora_acuta_HIv2___RNAseq.g149.t1","Cluster 2"
"Pocillopora_acuta_HIv2___RNAseq.g14903.t1","Pocillopora_acuta_HIv2___RNAseq.g14903.t1","Cluster 1"
"Pocillopora_acuta_HIv2___RNAseq.g14910.t1","Pocillopora_acuta_HIv2___RNAseq.g14910.t1","Cluster 3"
"Pocillopora_acuta_HIv2___RNAseq.g14913.t1","Pocillopora_acuta_HIv2___RNAseq.g14913.t1","Cluster 3"
"Pocillopora_acuta_HIv2___RNAseq.g14918.t1","Pocillopora_acuta_HIv2___RNAseq.g14918.t1","Cluster 6"
"Pocillopora_acuta_HIv2___RNAseq.g14965.t1","Pocillopora_acuta_HIv2___RNAseq.g14965.t1","Cluster 2"
"Pocillopora_acuta_HIv2___RNAseq.g14979.t1","Pocillopora_acuta_HIv2___RNAseq.g14979.t1","Cluster 2"
"Pocillopora_acuta_HIv2___RNAseq.g15085.t1","Pocillopora_acuta_HIv2___RNAseq.g15085.t1","Cluster 5"
"Pocillopora_acuta_HIv2___RNAseq.g151.t1","Pocillopora_acuta_HIv2___RNAseq.g151.t1","Cluster 3"
"Pocillopora_acuta_HIv2___RNAseq.g15111.t1a","Pocillopora_acuta_HIv2___RNAseq.g15111.t1a","Cluster 1"
"Pocillopora_acuta_HIv2___RNAseq.g15129.t1","Pocillopora_acuta_HIv2___RNAseq.g15129.t1","Cluster 2"
"Pocillopora_acuta_HIv2___RNAseq.g15136.t1","Pocillopora_acuta_HIv2___RNAseq.g15136.t1","Cluster 3"
"Pocillopora_acuta_HIv2___RNAseq.g15137.t1","Pocillopora_acuta_HIv2___RNAseq.g15137.t1","Cluster 6"
"Pocillopora_acuta_HIv2___RNAseq.g15159.t1","Pocillopora_acuta_HIv2___RNAseq.g15159.t1","Cluster 1"
"Pocillopora_acuta_HIv2___RNAseq.g15184.t1","Pocillopora_acuta_HIv2___RNAseq.g15184.t1","Cluster 1"
"Pocillopora_acuta_HIv2___RNAseq.g15230.t1","Pocillopora_acuta_HIv2___RNAseq.g15230.t1","Cluster 3"
"Pocillopora_acuta_HIv2___RNAseq.g15236.t1","Pocillopora_acuta_HIv2___RNAseq.g15236.t1","Cluster 5"
"Pocillopora_acuta_HIv2___RNAseq.g15256.t1","Pocillopora_acuta_HIv2___RNAseq.g15256.t1","Cluster 4"
"Pocillopora_acuta_HIv2___RNAseq.g15279.t1","Pocillopora_acuta_HIv2___RNAseq.g15279.t1","Cluster 1"
"Pocillopora_acuta_HIv2___RNAseq.g15305.t1a","Pocillopora_acuta_HIv2___RNAseq.g15305.t1a","Cluster 2"
"Pocillopora_acuta_HIv2___RNAseq.g15311.t1","Pocillopora_acuta_HIv2___RNAseq.g15311.t1","Cluster 1"
"Pocillopora_acuta_HIv2___RNAseq.g15330.t1","Pocillopora_acuta_HIv2___RNAseq.g15330.t1","Cluster 2"
"Pocillopora_acuta_HIv2___RNAseq.g15333.t1","Pocillopora_acuta_HIv2___RNAseq.g15333.t1","Cluster 1"
"Pocillopora_acuta_HIv2___RNAseq.g15354.t1","Pocillopora_acuta_HIv2___RNAseq.g15354.t1","Cluster 2"
"Pocillopora_acuta_HIv2___RNAseq.g15356.t1","Pocillopora_acuta_HIv2___RNAseq.g15356.t1","Cluster 3"
"Pocillopora_acuta_HIv2___RNAseq.g15359.t1","Pocillopora_acuta_HIv2___RNAseq.g15359.t1","Cluster 2"
"Pocillopora_acuta_HIv2___RNAseq.g15377.t1","Pocillopora_acuta_HIv2___RNAseq.g15377.t1","Cluster 5"
"Pocillopora_acuta_HIv2___RNAseq.g1541.t1","Pocillopora_acuta_HIv2___RNAseq.g1541.t1","Cluster 1"
"Pocillopora_acuta_HIv2___RNAseq.g15416.t2","Pocillopora_acuta_HIv2___RNAseq.g15416.t2","Cluster 2"
"Pocillopora_acuta_HIv2___RNAseq.g15431.t1","Pocillopora_acuta_HIv2___RNAseq.g15431.t1","Cluster 3"
"Pocillopora_acuta_HIv2___RNAseq.g15492.t2a","Pocillopora_acuta_HIv2___RNAseq.g15492.t2a","Cluster 2"
"Pocillopora_acuta_HIv2___RNAseq.g15500.t1","Pocillopora_acuta_HIv2___RNAseq.g15500.t1","Cluster 3"
"Pocillopora_acuta_HIv2___RNAseq.g15520.t1","Pocillopora_acuta_HIv2___RNAseq.g15520.t1","Cluster 2"
"Pocillopora_acuta_HIv2___RNAseq.g15533.t1","Pocillopora_acuta_HIv2___RNAseq.g15533.t1","Cluster 5"
"Pocillopora_acuta_HIv2___RNAseq.g15534.t1","Pocillopora_acuta_HIv2___RNAseq.g15534.t1","Cluster 3"
"Pocillopora_acuta_HIv2___RNAseq.g15545.t2","Pocillopora_acuta_HIv2___RNAseq.g15545.t2","Cluster 3"
"Pocillopora_acuta_HIv2___RNAseq.g15559.t1","Pocillopora_acuta_HIv2___RNAseq.g15559.t1","Cluster 3"
"Pocillopora_acuta_HIv2___RNAseq.g15588.t1","Pocillopora_acuta_HIv2___RNAseq.g15588.t1","Cluster 5"
"Pocillopora_acuta_HIv2___RNAseq.g15593.t1a","Pocillopora_acuta_HIv2___RNAseq.g15593.t1a","Cluster 3"
"Pocillopora_acuta_HIv2___RNAseq.g15598.t1","Pocillopora_acuta_HIv2___RNAseq.g15598.t1","Cluster 2"
"Pocillopora_acuta_HIv2___RNAseq.g15614.t1","Pocillopora_acuta_HIv2___RNAseq.g15614.t1","Cluster 6"
"Pocillopora_acuta_HIv2___RNAseq.g15631.t1","Pocillopora_acuta_HIv2___RNAseq.g15631.t1","Cluster 3"
"Pocillopora_acuta_HIv2___RNAseq.g15668.t1","Pocillopora_acuta_HIv2___RNAseq.g15668.t1","Cluster 5"
"Pocillopora_acuta_HIv2___RNAseq.g15670.t1","Pocillopora_acuta_HIv2___RNAseq.g15670.t1","Cluster 5"
"Pocillopora_acuta_HIv2___RNAseq.g1568.t1","Pocillopora_acuta_HIv2___RNAseq.g1568.t1","Cluster 5"
"Pocillopora_acuta_HIv2___RNAseq.g15724.t1","Pocillopora_acuta_HIv2___RNAseq.g15724.t1","Cluster 2"
"Pocillopora_acuta_HIv2___RNAseq.g15737.t1","Pocillopora_acuta_HIv2___RNAseq.g15737.t1","Cluster 2"
"Pocillopora_acuta_HIv2___RNAseq.g15790.t1","Pocillopora_acuta_HIv2___RNAseq.g15790.t1","Cluster 3"
"Pocillopora_acuta_HIv2___RNAseq.g15819.t1","Pocillopora_acuta_HIv2___RNAseq.g15819.t1","Cluster 4"
"Pocillopora_acuta_HIv2___RNAseq.g15821.t2","Pocillopora_acuta_HIv2___RNAseq.g15821.t2","Cluster 3"
"Pocillopora_acuta_HIv2___RNAseq.g15822.t1","Pocillopora_acuta_HIv2___RNAseq.g15822.t1","Cluster 1"
"Pocillopora_acuta_HIv2___RNAseq.g15825.t1","Pocillopora_acuta_HIv2___RNAseq.g15825.t1","Cluster 4"
"Pocillopora_acuta_HIv2___RNAseq.g15828.t3","Pocillopora_acuta_HIv2___RNAseq.g15828.t3","Cluster 3"
"Pocillopora_acuta_HIv2___RNAseq.g15844.t1","Pocillopora_acuta_HIv2___RNAseq.g15844.t1","Cluster 3"
"Pocillopora_acuta_HIv2___RNAseq.g15863.t1","Pocillopora_acuta_HIv2___RNAseq.g15863.t1","Cluster 3"
"Pocillopora_acuta_HIv2___RNAseq.g15867.t1","Pocillopora_acuta_HIv2___RNAseq.g15867.t1","Cluster 6"
"Pocillopora_acuta_HIv2___RNAseq.g15870.t1","Pocillopora_acuta_HIv2___RNAseq.g15870.t1","Cluster 2"
"Pocillopora_acuta_HIv2___RNAseq.g15878.t1","Pocillopora_acuta_HIv2___RNAseq.g15878.t1","Cluster 2"
"Pocillopora_acuta_HIv2___RNAseq.g15887.t1","Pocillopora_acuta_HIv2___RNAseq.g15887.t1","Cluster 1"
"Pocillopora_acuta_HIv2___RNAseq.g15908.t2","Pocillopora_acuta_HIv2___RNAseq.g15908.t2","Cluster 1"
"Pocillopora_acuta_HIv2___RNAseq.g15910.t1","Pocillopora_acuta_HIv2___RNAseq.g15910.t1","Cluster 1"
"Pocillopora_acuta_HIv2___RNAseq.g15957.t1","Pocillopora_acuta_HIv2___RNAseq.g15957.t1","Cluster 3"
"Pocillopora_acuta_HIv2___RNAseq.g15990.t1","Pocillopora_acuta_HIv2___RNAseq.g15990.t1","Cluster 3"
"Pocillopora_acuta_HIv2___RNAseq.g16001.t1","Pocillopora_acuta_HIv2___RNAseq.g16001.t1","Cluster 4"
"Pocillopora_acuta_HIv2___RNAseq.g16052.t1","Pocillopora_acuta_HIv2___RNAseq.g16052.t1","Cluster 1"
"Pocillopora_acuta_HIv2___RNAseq.g16081.t1","Pocillopora_acuta_HIv2___RNAseq.g16081.t1","Cluster 2"
"Pocillopora_acuta_HIv2___RNAseq.g16095.t1","Pocillopora_acuta_HIv2___RNAseq.g16095.t1","Cluster 1"
"Pocillopora_acuta_HIv2___RNAseq.g16101.t1","Pocillopora_acuta_HIv2___RNAseq.g16101.t1","Cluster 2"
"Pocillopora_acuta_HIv2___RNAseq.g16133.t1a","Pocillopora_acuta_HIv2___RNAseq.g16133.t1a","Cluster 2"
"Pocillopora_acuta_HIv2___RNAseq.g16150.t1","Pocillopora_acuta_HIv2___RNAseq.g16150.t1","Cluster 3"
"Pocillopora_acuta_HIv2___RNAseq.g16161.t1","Pocillopora_acuta_HIv2___RNAseq.g16161.t1","Cluster 2"
"Pocillopora_acuta_HIv2___RNAseq.g16164.t1","Pocillopora_acuta_HIv2___RNAseq.g16164.t1","Cluster 5"
"Pocillopora_acuta_HIv2___RNAseq.g16184.t1","Pocillopora_acuta_HIv2___RNAseq.g16184.t1","Cluster 2"
"Pocillopora_acuta_HIv2___RNAseq.g16186.t1","Pocillopora_acuta_HIv2___RNAseq.g16186.t1","Cluster 4"
"Pocillopora_acuta_HIv2___RNAseq.g16190.t1a","Pocillopora_acuta_HIv2___RNAseq.g16190.t1a","Cluster 1"
"Pocillopora_acuta_HIv2___RNAseq.g16190.t1c","Pocillopora_acuta_HIv2___RNAseq.g16190.t1c","Cluster 4"
"Pocillopora_acuta_HIv2___RNAseq.g16196.t1","Pocillopora_acuta_HIv2___RNAseq.g16196.t1","Cluster 6"
"Pocillopora_acuta_HIv2___RNAseq.g16202.t1","Pocillopora_acuta_HIv2___RNAseq.g16202.t1","Cluster 1"
"Pocillopora_acuta_HIv2___RNAseq.g16217.t1","Pocillopora_acuta_HIv2___RNAseq.g16217.t1","Cluster 1"
"Pocillopora_acuta_HIv2___RNAseq.g16247.t1","Pocillopora_acuta_HIv2___RNAseq.g16247.t1","Cluster 1"
"Pocillopora_acuta_HIv2___RNAseq.g16248.t1","Pocillopora_acuta_HIv2___RNAseq.g16248.t1","Cluster 4"
"Pocillopora_acuta_HIv2___RNAseq.g1625.t1","Pocillopora_acuta_HIv2___RNAseq.g1625.t1","Cluster 3"
"Pocillopora_acuta_HIv2___RNAseq.g16272.t1","Pocillopora_acuta_HIv2___RNAseq.g16272.t1","Cluster 1"
"Pocillopora_acuta_HIv2___RNAseq.g16274.t1","Pocillopora_acuta_HIv2___RNAseq.g16274.t1","Cluster 3"
"Pocillopora_acuta_HIv2___RNAseq.g1628.t1","Pocillopora_acuta_HIv2___RNAseq.g1628.t1","Cluster 3"
"Pocillopora_acuta_HIv2___RNAseq.g16366.t1","Pocillopora_acuta_HIv2___RNAseq.g16366.t1","Cluster 6"
"Pocillopora_acuta_HIv2___RNAseq.g16371.t1","Pocillopora_acuta_HIv2___RNAseq.g16371.t1","Cluster 3"
"Pocillopora_acuta_HIv2___RNAseq.g16386.t1","Pocillopora_acuta_HIv2___RNAseq.g16386.t1","Cluster 3"
"Pocillopora_acuta_HIv2___RNAseq.g16399.t1","Pocillopora_acuta_HIv2___RNAseq.g16399.t1","Cluster 3"
"Pocillopora_acuta_HIv2___RNAseq.g16400.t1","Pocillopora_acuta_HIv2___RNAseq.g16400.t1","Cluster 1"
"Pocillopora_acuta_HIv2___RNAseq.g16402.t1","Pocillopora_acuta_HIv2___RNAseq.g16402.t1","Cluster 1"
"Pocillopora_acuta_HIv2___RNAseq.g16430.t1","Pocillopora_acuta_HIv2___RNAseq.g16430.t1","Cluster 1"
"Pocillopora_acuta_HIv2___RNAseq.g16474.t1","Pocillopora_acuta_HIv2___RNAseq.g16474.t1","Cluster 2"
"Pocillopora_acuta_HIv2___RNAseq.g16484.t1","Pocillopora_acuta_HIv2___RNAseq.g16484.t1","Cluster 3"
"Pocillopora_acuta_HIv2___RNAseq.g16485.t1","Pocillopora_acuta_HIv2___RNAseq.g16485.t1","Cluster 2"
"Pocillopora_acuta_HIv2___RNAseq.g16486.t1","Pocillopora_acuta_HIv2___RNAseq.g16486.t1","Cluster 3"
"Pocillopora_acuta_HIv2___RNAseq.g16696.t1","Pocillopora_acuta_HIv2___RNAseq.g16696.t1","Cluster 1"
"Pocillopora_acuta_HIv2___RNAseq.g16697.t1","Pocillopora_acuta_HIv2___RNAseq.g16697.t1","Cluster 5"
"Pocillopora_acuta_HIv2___RNAseq.g16705.t1","Pocillopora_acuta_HIv2___RNAseq.g16705.t1","Cluster 3"
"Pocillopora_acuta_HIv2___RNAseq.g16717.t1","Pocillopora_acuta_HIv2___RNAseq.g16717.t1","Cluster 5"
"Pocillopora_acuta_HIv2___RNAseq.g16725.t1","Pocillopora_acuta_HIv2___RNAseq.g16725.t1","Cluster 5"
"Pocillopora_acuta_HIv2___RNAseq.g16739.t1","Pocillopora_acuta_HIv2___RNAseq.g16739.t1","Cluster 2"
"Pocillopora_acuta_HIv2___RNAseq.g16758.t1","Pocillopora_acuta_HIv2___RNAseq.g16758.t1","Cluster 3"
"Pocillopora_acuta_HIv2___RNAseq.g16765.t1","Pocillopora_acuta_HIv2___RNAseq.g16765.t1","Cluster 6"
"Pocillopora_acuta_HIv2___RNAseq.g16767.t1","Pocillopora_acuta_HIv2___RNAseq.g16767.t1","Cluster 2"
"Pocillopora_acuta_HIv2___RNAseq.g16777.t1","Pocillopora_acuta_HIv2___RNAseq.g16777.t1","Cluster 3"
"Pocillopora_acuta_HIv2___RNAseq.g16778.t1","Pocillopora_acuta_HIv2___RNAseq.g16778.t1","Cluster 5"
"Pocillopora_acuta_HIv2___RNAseq.g16813.t1","Pocillopora_acuta_HIv2___RNAseq.g16813.t1","Cluster 4"
"Pocillopora_acuta_HIv2___RNAseq.g1686.t1","Pocillopora_acuta_HIv2___RNAseq.g1686.t1","Cluster 2"
"Pocillopora_acuta_HIv2___RNAseq.g1687.t1","Pocillopora_acuta_HIv2___RNAseq.g1687.t1","Cluster 1"
"Pocillopora_acuta_HIv2___RNAseq.g16890.t1","Pocillopora_acuta_HIv2___RNAseq.g16890.t1","Cluster 6"
"Pocillopora_acuta_HIv2___RNAseq.g16891.t1","Pocillopora_acuta_HIv2___RNAseq.g16891.t1","Cluster 1"
"Pocillopora_acuta_HIv2___RNAseq.g16908.t1","Pocillopora_acuta_HIv2___RNAseq.g16908.t1","Cluster 6"
"Pocillopora_acuta_HIv2___RNAseq.g16909.t1","Pocillopora_acuta_HIv2___RNAseq.g16909.t1","Cluster 1"
"Pocillopora_acuta_HIv2___RNAseq.g16917.t1","Pocillopora_acuta_HIv2___RNAseq.g16917.t1","Cluster 1"
"Pocillopora_acuta_HIv2___RNAseq.g1693.t2","Pocillopora_acuta_HIv2___RNAseq.g1693.t2","Cluster 1"
"Pocillopora_acuta_HIv2___RNAseq.g16931.t1","Pocillopora_acuta_HIv2___RNAseq.g16931.t1","Cluster 1"
"Pocillopora_acuta_HIv2___RNAseq.g16961.t1","Pocillopora_acuta_HIv2___RNAseq.g16961.t1","Cluster 4"
"Pocillopora_acuta_HIv2___RNAseq.g16962.t1","Pocillopora_acuta_HIv2___RNAseq.g16962.t1","Cluster 1"
"Pocillopora_acuta_HIv2___RNAseq.g17040.t1","Pocillopora_acuta_HIv2___RNAseq.g17040.t1","Cluster 4"
"Pocillopora_acuta_HIv2___RNAseq.g17041.t1","Pocillopora_acuta_HIv2___RNAseq.g17041.t1","Cluster 1"
"Pocillopora_acuta_HIv2___RNAseq.g17054.t1","Pocillopora_acuta_HIv2___RNAseq.g17054.t1","Cluster 5"
"Pocillopora_acuta_HIv2___RNAseq.g17057.t2","Pocillopora_acuta_HIv2___RNAseq.g17057.t2","Cluster 3"
"Pocillopora_acuta_HIv2___RNAseq.g17068.t1","Pocillopora_acuta_HIv2___RNAseq.g17068.t1","Cluster 2"
"Pocillopora_acuta_HIv2___RNAseq.g17075.t1","Pocillopora_acuta_HIv2___RNAseq.g17075.t1","Cluster 3"
"Pocillopora_acuta_HIv2___RNAseq.g17090.t1","Pocillopora_acuta_HIv2___RNAseq.g17090.t1","Cluster 3"
"Pocillopora_acuta_HIv2___RNAseq.g17091.t1","Pocillopora_acuta_HIv2___RNAseq.g17091.t1","Cluster 2"
"Pocillopora_acuta_HIv2___RNAseq.g17101.t1","Pocillopora_acuta_HIv2___RNAseq.g17101.t1","Cluster 1"
"Pocillopora_acuta_HIv2___RNAseq.g17110.t1","Pocillopora_acuta_HIv2___RNAseq.g17110.t1","Cluster 2"
"Pocillopora_acuta_HIv2___RNAseq.g17115.t1","Pocillopora_acuta_HIv2___RNAseq.g17115.t1","Cluster 4"
"Pocillopora_acuta_HIv2___RNAseq.g17124.t1","Pocillopora_acuta_HIv2___RNAseq.g17124.t1","Cluster 5"
"Pocillopora_acuta_HIv2___RNAseq.g1715.t1","Pocillopora_acuta_HIv2___RNAseq.g1715.t1","Cluster 4"
"Pocillopora_acuta_HIv2___RNAseq.g17154.t1","Pocillopora_acuta_HIv2___RNAseq.g17154.t1","Cluster 3"
"Pocillopora_acuta_HIv2___RNAseq.g17166.t2","Pocillopora_acuta_HIv2___RNAseq.g17166.t2","Cluster 3"
"Pocillopora_acuta_HIv2___RNAseq.g17169.t1","Pocillopora_acuta_HIv2___RNAseq.g17169.t1","Cluster 1"
"Pocillopora_acuta_HIv2___RNAseq.g17179.t1","Pocillopora_acuta_HIv2___RNAseq.g17179.t1","Cluster 2"
"Pocillopora_acuta_HIv2___RNAseq.g17184.t1","Pocillopora_acuta_HIv2___RNAseq.g17184.t1","Cluster 4"
"Pocillopora_acuta_HIv2___RNAseq.g17193.t1","Pocillopora_acuta_HIv2___RNAseq.g17193.t1","Cluster 3"
"Pocillopora_acuta_HIv2___RNAseq.g17198.t1","Pocillopora_acuta_HIv2___RNAseq.g17198.t1","Cluster 3"
"Pocillopora_acuta_HIv2___RNAseq.g17208.t1","Pocillopora_acuta_HIv2___RNAseq.g17208.t1","Cluster 2"
"Pocillopora_acuta_HIv2___RNAseq.g17224.t2","Pocillopora_acuta_HIv2___RNAseq.g17224.t2","Cluster 6"
"Pocillopora_acuta_HIv2___RNAseq.g17225.t1","Pocillopora_acuta_HIv2___RNAseq.g17225.t1","Cluster 1"
"Pocillopora_acuta_HIv2___RNAseq.g17243.t1","Pocillopora_acuta_HIv2___RNAseq.g17243.t1","Cluster 3"
"Pocillopora_acuta_HIv2___RNAseq.g17248.t1","Pocillopora_acuta_HIv2___RNAseq.g17248.t1","Cluster 2"
"Pocillopora_acuta_HIv2___RNAseq.g1726.t1","Pocillopora_acuta_HIv2___RNAseq.g1726.t1","Cluster 3"
"Pocillopora_acuta_HIv2___RNAseq.g17312.t1","Pocillopora_acuta_HIv2___RNAseq.g17312.t1","Cluster 3"
"Pocillopora_acuta_HIv2___RNAseq.g1739.t1","Pocillopora_acuta_HIv2___RNAseq.g1739.t1","Cluster 3"
"Pocillopora_acuta_HIv2___RNAseq.g17390.t2","Pocillopora_acuta_HIv2___RNAseq.g17390.t2","Cluster 1"
"Pocillopora_acuta_HIv2___RNAseq.g17417.t1","Pocillopora_acuta_HIv2___RNAseq.g17417.t1","Cluster 6"
"Pocillopora_acuta_HIv2___RNAseq.g17438.t1","Pocillopora_acuta_HIv2___RNAseq.g17438.t1","Cluster 3"
"Pocillopora_acuta_HIv2___RNAseq.g17444.t1","Pocillopora_acuta_HIv2___RNAseq.g17444.t1","Cluster 3"
"Pocillopora_acuta_HIv2___RNAseq.g17449.t2b","Pocillopora_acuta_HIv2___RNAseq.g17449.t2b","Cluster 6"
"Pocillopora_acuta_HIv2___RNAseq.g17455.t1","Pocillopora_acuta_HIv2___RNAseq.g17455.t1","Cluster 6"
"Pocillopora_acuta_HIv2___RNAseq.g17463.t1","Pocillopora_acuta_HIv2___RNAseq.g17463.t1","Cluster 3"
"Pocillopora_acuta_HIv2___RNAseq.g17477.t1","Pocillopora_acuta_HIv2___RNAseq.g17477.t1","Cluster 6"
"Pocillopora_acuta_HIv2___RNAseq.g17491.t1","Pocillopora_acuta_HIv2___RNAseq.g17491.t1","Cluster 3"
"Pocillopora_acuta_HIv2___RNAseq.g1750.t1","Pocillopora_acuta_HIv2___RNAseq.g1750.t1","Cluster 3"
"Pocillopora_acuta_HIv2___RNAseq.g1751.t2","Pocillopora_acuta_HIv2___RNAseq.g1751.t2","Cluster 3"
"Pocillopora_acuta_HIv2___RNAseq.g17520.t1b","Pocillopora_acuta_HIv2___RNAseq.g17520.t1b","Cluster 6"
"Pocillopora_acuta_HIv2___RNAseq.g17523.t1","Pocillopora_acuta_HIv2___RNAseq.g17523.t1","Cluster 4"
"Pocillopora_acuta_HIv2___RNAseq.g17537.t1","Pocillopora_acuta_HIv2___RNAseq.g17537.t1","Cluster 1"
"Pocillopora_acuta_HIv2___RNAseq.g17557.t1","Pocillopora_acuta_HIv2___RNAseq.g17557.t1","Cluster 1"
"Pocillopora_acuta_HIv2___RNAseq.g17559.t1","Pocillopora_acuta_HIv2___RNAseq.g17559.t1","Cluster 3"
"Pocillopora_acuta_HIv2___RNAseq.g17568.t1","Pocillopora_acuta_HIv2___RNAseq.g17568.t1","Cluster 5"
"Pocillopora_acuta_HIv2___RNAseq.g17580.t1","Pocillopora_acuta_HIv2___RNAseq.g17580.t1","Cluster 3"
"Pocillopora_acuta_HIv2___RNAseq.g17587.t1","Pocillopora_acuta_HIv2___RNAseq.g17587.t1","Cluster 4"
"Pocillopora_acuta_HIv2___RNAseq.g17600.t1","Pocillopora_acuta_HIv2___RNAseq.g17600.t1","Cluster 4"
"Pocillopora_acuta_HIv2___RNAseq.g1763.t1","Pocillopora_acuta_HIv2___RNAseq.g1763.t1","Cluster 2"
"Pocillopora_acuta_HIv2___RNAseq.g17650.t1","Pocillopora_acuta_HIv2___RNAseq.g17650.t1","Cluster 5"
"Pocillopora_acuta_HIv2___RNAseq.g17667.t1","Pocillopora_acuta_HIv2___RNAseq.g17667.t1","Cluster 6"
"Pocillopora_acuta_HIv2___RNAseq.g17685.t1","Pocillopora_acuta_HIv2___RNAseq.g17685.t1","Cluster 6"
"Pocillopora_acuta_HIv2___RNAseq.g1778.t1","Pocillopora_acuta_HIv2___RNAseq.g1778.t1","Cluster 3"
"Pocillopora_acuta_HIv2___RNAseq.g17787.t1","Pocillopora_acuta_HIv2___RNAseq.g17787.t1","Cluster 5"
"Pocillopora_acuta_HIv2___RNAseq.g17795.t2","Pocillopora_acuta_HIv2___RNAseq.g17795.t2","Cluster 5"
"Pocillopora_acuta_HIv2___RNAseq.g178.t1","Pocillopora_acuta_HIv2___RNAseq.g178.t1","Cluster 2"
"Pocillopora_acuta_HIv2___RNAseq.g17825.t1","Pocillopora_acuta_HIv2___RNAseq.g17825.t1","Cluster 5"
"Pocillopora_acuta_HIv2___RNAseq.g1784.t1","Pocillopora_acuta_HIv2___RNAseq.g1784.t1","Cluster 2"
"Pocillopora_acuta_HIv2___RNAseq.g17880.t1","Pocillopora_acuta_HIv2___RNAseq.g17880.t1","Cluster 3"
"Pocillopora_acuta_HIv2___RNAseq.g17881.t1","Pocillopora_acuta_HIv2___RNAseq.g17881.t1","Cluster 3"
"Pocillopora_acuta_HIv2___RNAseq.g17885.t1","Pocillopora_acuta_HIv2___RNAseq.g17885.t1","Cluster 1"
"Pocillopora_acuta_HIv2___RNAseq.g17892.t1","Pocillopora_acuta_HIv2___RNAseq.g17892.t1","Cluster 2"
"Pocillopora_acuta_HIv2___RNAseq.g1791.t2","Pocillopora_acuta_HIv2___RNAseq.g1791.t2","Cluster 2"
"Pocillopora_acuta_HIv2___RNAseq.g17914.t1","Pocillopora_acuta_HIv2___RNAseq.g17914.t1","Cluster 3"
"Pocillopora_acuta_HIv2___RNAseq.g17916.t1","Pocillopora_acuta_HIv2___RNAseq.g17916.t1","Cluster 5"
"Pocillopora_acuta_HIv2___RNAseq.g17923.t1","Pocillopora_acuta_HIv2___RNAseq.g17923.t1","Cluster 3"
"Pocillopora_acuta_HIv2___RNAseq.g17955.t1","Pocillopora_acuta_HIv2___RNAseq.g17955.t1","Cluster 1"
"Pocillopora_acuta_HIv2___RNAseq.g180.t1","Pocillopora_acuta_HIv2___RNAseq.g180.t1","Cluster 2"
"Pocillopora_acuta_HIv2___RNAseq.g18018.t1","Pocillopora_acuta_HIv2___RNAseq.g18018.t1","Cluster 1"
"Pocillopora_acuta_HIv2___RNAseq.g18019.t1","Pocillopora_acuta_HIv2___RNAseq.g18019.t1","Cluster 1"
"Pocillopora_acuta_HIv2___RNAseq.g18068.t1","Pocillopora_acuta_HIv2___RNAseq.g18068.t1","Cluster 6"
"Pocillopora_acuta_HIv2___RNAseq.g18076.t1","Pocillopora_acuta_HIv2___RNAseq.g18076.t1","Cluster 4"
"Pocillopora_acuta_HIv2___RNAseq.g18078.t1","Pocillopora_acuta_HIv2___RNAseq.g18078.t1","Cluster 2"
"Pocillopora_acuta_HIv2___RNAseq.g18102.t1","Pocillopora_acuta_HIv2___RNAseq.g18102.t1","Cluster 5"
"Pocillopora_acuta_HIv2___RNAseq.g18115.t1","Pocillopora_acuta_HIv2___RNAseq.g18115.t1","Cluster 6"
"Pocillopora_acuta_HIv2___RNAseq.g18117.t1","Pocillopora_acuta_HIv2___RNAseq.g18117.t1","Cluster 5"
"Pocillopora_acuta_HIv2___RNAseq.g18135.t2","Pocillopora_acuta_HIv2___RNAseq.g18135.t2","Cluster 3"
"Pocillopora_acuta_HIv2___RNAseq.g18146.t1","Pocillopora_acuta_HIv2___RNAseq.g18146.t1","Cluster 1"
"Pocillopora_acuta_HIv2___RNAseq.g18176.t2","Pocillopora_acuta_HIv2___RNAseq.g18176.t2","Cluster 1"
"Pocillopora_acuta_HIv2___RNAseq.g18187.t1","Pocillopora_acuta_HIv2___RNAseq.g18187.t1","Cluster 1"
"Pocillopora_acuta_HIv2___RNAseq.g18192.t1","Pocillopora_acuta_HIv2___RNAseq.g18192.t1","Cluster 3"
"Pocillopora_acuta_HIv2___RNAseq.g18197.t1","Pocillopora_acuta_HIv2___RNAseq.g18197.t1","Cluster 1"
"Pocillopora_acuta_HIv2___RNAseq.g18198.t1","Pocillopora_acuta_HIv2___RNAseq.g18198.t1","Cluster 3"
"Pocillopora_acuta_HIv2___RNAseq.g18223.t1","Pocillopora_acuta_HIv2___RNAseq.g18223.t1","Cluster 6"
"Pocillopora_acuta_HIv2___RNAseq.g1826.t1","Pocillopora_acuta_HIv2___RNAseq.g1826.t1","Cluster 6"
"Pocillopora_acuta_HIv2___RNAseq.g1831.t1","Pocillopora_acuta_HIv2___RNAseq.g1831.t1","Cluster 1"
"Pocillopora_acuta_HIv2___RNAseq.g18316.t1","Pocillopora_acuta_HIv2___RNAseq.g18316.t1","Cluster 1"
"Pocillopora_acuta_HIv2___RNAseq.g18352.t1b","Pocillopora_acuta_HIv2___RNAseq.g18352.t1b","Cluster 2"
"Pocillopora_acuta_HIv2___RNAseq.g18364.t1","Pocillopora_acuta_HIv2___RNAseq.g18364.t1","Cluster 4"
"Pocillopora_acuta_HIv2___RNAseq.g18366.t1","Pocillopora_acuta_HIv2___RNAseq.g18366.t1","Cluster 5"
"Pocillopora_acuta_HIv2___RNAseq.g18394.t1","Pocillopora_acuta_HIv2___RNAseq.g18394.t1","Cluster 1"
"Pocillopora_acuta_HIv2___RNAseq.g18400.t1","Pocillopora_acuta_HIv2___RNAseq.g18400.t1","Cluster 3"
"Pocillopora_acuta_HIv2___RNAseq.g18401.t1","Pocillopora_acuta_HIv2___RNAseq.g18401.t1","Cluster 2"
"Pocillopora_acuta_HIv2___RNAseq.g18402.t1","Pocillopora_acuta_HIv2___RNAseq.g18402.t1","Cluster 3"
"Pocillopora_acuta_HIv2___RNAseq.g18432.t1","Pocillopora_acuta_HIv2___RNAseq.g18432.t1","Cluster 6"
"Pocillopora_acuta_HIv2___RNAseq.g18434.t1","Pocillopora_acuta_HIv2___RNAseq.g18434.t1","Cluster 5"
"Pocillopora_acuta_HIv2___RNAseq.g18437.t2","Pocillopora_acuta_HIv2___RNAseq.g18437.t2","Cluster 1"
"Pocillopora_acuta_HIv2___RNAseq.g18449.t1","Pocillopora_acuta_HIv2___RNAseq.g18449.t1","Cluster 2"
"Pocillopora_acuta_HIv2___RNAseq.g18457.t1","Pocillopora_acuta_HIv2___RNAseq.g18457.t1","Cluster 1"
"Pocillopora_acuta_HIv2___RNAseq.g18464.t1","Pocillopora_acuta_HIv2___RNAseq.g18464.t1","Cluster 1"
"Pocillopora_acuta_HIv2___RNAseq.g18482.t1","Pocillopora_acuta_HIv2___RNAseq.g18482.t1","Cluster 3"
"Pocillopora_acuta_HIv2___RNAseq.g18506.t1","Pocillopora_acuta_HIv2___RNAseq.g18506.t1","Cluster 5"
"Pocillopora_acuta_HIv2___RNAseq.g18515.t1","Pocillopora_acuta_HIv2___RNAseq.g18515.t1","Cluster 2"
"Pocillopora_acuta_HIv2___RNAseq.g18540.t1","Pocillopora_acuta_HIv2___RNAseq.g18540.t1","Cluster 5"
"Pocillopora_acuta_HIv2___RNAseq.g18542.t1","Pocillopora_acuta_HIv2___RNAseq.g18542.t1","Cluster 1"
"Pocillopora_acuta_HIv2___RNAseq.g18548.t1","Pocillopora_acuta_HIv2___RNAseq.g18548.t1","Cluster 5"
"Pocillopora_acuta_HIv2___RNAseq.g1855.t1","Pocillopora_acuta_HIv2___RNAseq.g1855.t1","Cluster 1"
"Pocillopora_acuta_HIv2___RNAseq.g18562.t1","Pocillopora_acuta_HIv2___RNAseq.g18562.t1","Cluster 4"
"Pocillopora_acuta_HIv2___RNAseq.g18572.t1","Pocillopora_acuta_HIv2___RNAseq.g18572.t1","Cluster 4"
"Pocillopora_acuta_HIv2___RNAseq.g18574.t1","Pocillopora_acuta_HIv2___RNAseq.g18574.t1","Cluster 6"
"Pocillopora_acuta_HIv2___RNAseq.g18579.t2b","Pocillopora_acuta_HIv2___RNAseq.g18579.t2b","Cluster 3"
"Pocillopora_acuta_HIv2___RNAseq.g18583.t1","Pocillopora_acuta_HIv2___RNAseq.g18583.t1","Cluster 3"
"Pocillopora_acuta_HIv2___RNAseq.g18608.t1","Pocillopora_acuta_HIv2___RNAseq.g18608.t1","Cluster 3"
"Pocillopora_acuta_HIv2___RNAseq.g18617.t1","Pocillopora_acuta_HIv2___RNAseq.g18617.t1","Cluster 6"
"Pocillopora_acuta_HIv2___RNAseq.g18628.t1","Pocillopora_acuta_HIv2___RNAseq.g18628.t1","Cluster 3"
"Pocillopora_acuta_HIv2___RNAseq.g1863.t1","Pocillopora_acuta_HIv2___RNAseq.g1863.t1","Cluster 5"
"Pocillopora_acuta_HIv2___RNAseq.g18632.t1","Pocillopora_acuta_HIv2___RNAseq.g18632.t1","Cluster 2"
"Pocillopora_acuta_HIv2___RNAseq.g18645.t1","Pocillopora_acuta_HIv2___RNAseq.g18645.t1","Cluster 1"
"Pocillopora_acuta_HIv2___RNAseq.g187.t1","Pocillopora_acuta_HIv2___RNAseq.g187.t1","Cluster 3"
"Pocillopora_acuta_HIv2___RNAseq.g18738.t1","Pocillopora_acuta_HIv2___RNAseq.g18738.t1","Cluster 2"
"Pocillopora_acuta_HIv2___RNAseq.g18753.t1","Pocillopora_acuta_HIv2___RNAseq.g18753.t1","Cluster 6"
"Pocillopora_acuta_HIv2___RNAseq.g18761.t1","Pocillopora_acuta_HIv2___RNAseq.g18761.t1","Cluster 5"
"Pocillopora_acuta_HIv2___RNAseq.g18764.t1","Pocillopora_acuta_HIv2___RNAseq.g18764.t1","Cluster 4"
"Pocillopora_acuta_HIv2___RNAseq.g18768.t1","Pocillopora_acuta_HIv2___RNAseq.g18768.t1","Cluster 5"
"Pocillopora_acuta_HIv2___RNAseq.g1878.t1","Pocillopora_acuta_HIv2___RNAseq.g1878.t1","Cluster 4"
"Pocillopora_acuta_HIv2___RNAseq.g18786.t1","Pocillopora_acuta_HIv2___RNAseq.g18786.t1","Cluster 3"
"Pocillopora_acuta_HIv2___RNAseq.g18787.t1","Pocillopora_acuta_HIv2___RNAseq.g18787.t1","Cluster 1"
"Pocillopora_acuta_HIv2___RNAseq.g188.t1","Pocillopora_acuta_HIv2___RNAseq.g188.t1","Cluster 5"
"Pocillopora_acuta_HIv2___RNAseq.g18801.t1","Pocillopora_acuta_HIv2___RNAseq.g18801.t1","Cluster 5"
"Pocillopora_acuta_HIv2___RNAseq.g18804.t1","Pocillopora_acuta_HIv2___RNAseq.g18804.t1","Cluster 3"
"Pocillopora_acuta_HIv2___RNAseq.g1888.t1","Pocillopora_acuta_HIv2___RNAseq.g1888.t1","Cluster 6"
"Pocillopora_acuta_HIv2___RNAseq.g18943.t1","Pocillopora_acuta_HIv2___RNAseq.g18943.t1","Cluster 3"
"Pocillopora_acuta_HIv2___RNAseq.g18951.t1","Pocillopora_acuta_HIv2___RNAseq.g18951.t1","Cluster 5"
"Pocillopora_acuta_HIv2___RNAseq.g18952.t1","Pocillopora_acuta_HIv2___RNAseq.g18952.t1","Cluster 2"
"Pocillopora_acuta_HIv2___RNAseq.g1896.t1","Pocillopora_acuta_HIv2___RNAseq.g1896.t1","Cluster 3"
"Pocillopora_acuta_HIv2___RNAseq.g18961.t1","Pocillopora_acuta_HIv2___RNAseq.g18961.t1","Cluster 6"
"Pocillopora_acuta_HIv2___RNAseq.g18972.t1","Pocillopora_acuta_HIv2___RNAseq.g18972.t1","Cluster 3"
"Pocillopora_acuta_HIv2___RNAseq.g1898.t2b","Pocillopora_acuta_HIv2___RNAseq.g1898.t2b","Cluster 1"
"Pocillopora_acuta_HIv2___RNAseq.g19004.t1","Pocillopora_acuta_HIv2___RNAseq.g19004.t1","Cluster 1"
"Pocillopora_acuta_HIv2___RNAseq.g19006.t1","Pocillopora_acuta_HIv2___RNAseq.g19006.t1","Cluster 3"
"Pocillopora_acuta_HIv2___RNAseq.g19023.t1","Pocillopora_acuta_HIv2___RNAseq.g19023.t1","Cluster 2"
"Pocillopora_acuta_HIv2___RNAseq.g19032.t1","Pocillopora_acuta_HIv2___RNAseq.g19032.t1","Cluster 5"
"Pocillopora_acuta_HIv2___RNAseq.g19041.t1","Pocillopora_acuta_HIv2___RNAseq.g19041.t1","Cluster 6"
"Pocillopora_acuta_HIv2___RNAseq.g19043.t1","Pocillopora_acuta_HIv2___RNAseq.g19043.t1","Cluster 4"
"Pocillopora_acuta_HIv2___RNAseq.g19103.t1","Pocillopora_acuta_HIv2___RNAseq.g19103.t1","Cluster 2"
"Pocillopora_acuta_HIv2___RNAseq.g19106.t1","Pocillopora_acuta_HIv2___RNAseq.g19106.t1","Cluster 3"
"Pocillopora_acuta_HIv2___RNAseq.g19114.t1","Pocillopora_acuta_HIv2___RNAseq.g19114.t1","Cluster 6"
"Pocillopora_acuta_HIv2___RNAseq.g19124.t1","Pocillopora_acuta_HIv2___RNAseq.g19124.t1","Cluster 1"
"Pocillopora_acuta_HIv2___RNAseq.g19132.t1","Pocillopora_acuta_HIv2___RNAseq.g19132.t1","Cluster 3"
"Pocillopora_acuta_HIv2___RNAseq.g19134.t1","Pocillopora_acuta_HIv2___RNAseq.g19134.t1","Cluster 4"
"Pocillopora_acuta_HIv2___RNAseq.g19140.t1","Pocillopora_acuta_HIv2___RNAseq.g19140.t1","Cluster 5"
"Pocillopora_acuta_HIv2___RNAseq.g19142.t1","Pocillopora_acuta_HIv2___RNAseq.g19142.t1","Cluster 2"
"Pocillopora_acuta_HIv2___RNAseq.g19159.t1","Pocillopora_acuta_HIv2___RNAseq.g19159.t1","Cluster 1"
"Pocillopora_acuta_HIv2___RNAseq.g19190.t1","Pocillopora_acuta_HIv2___RNAseq.g19190.t1","Cluster 5"
"Pocillopora_acuta_HIv2___RNAseq.g19193.t1","Pocillopora_acuta_HIv2___RNAseq.g19193.t1","Cluster 3"
"Pocillopora_acuta_HIv2___RNAseq.g192.t1","Pocillopora_acuta_HIv2___RNAseq.g192.t1","Cluster 2"
"Pocillopora_acuta_HIv2___RNAseq.g19211.t1","Pocillopora_acuta_HIv2___RNAseq.g19211.t1","Cluster 3"
"Pocillopora_acuta_HIv2___RNAseq.g19217.t1","Pocillopora_acuta_HIv2___RNAseq.g19217.t1","Cluster 2"
"Pocillopora_acuta_HIv2___RNAseq.g19237.t1","Pocillopora_acuta_HIv2___RNAseq.g19237.t1","Cluster 3"
"Pocillopora_acuta_HIv2___RNAseq.g19238.t1","Pocillopora_acuta_HIv2___RNAseq.g19238.t1","Cluster 1"
"Pocillopora_acuta_HIv2___RNAseq.g19239.t1","Pocillopora_acuta_HIv2___RNAseq.g19239.t1","Cluster 6"
"Pocillopora_acuta_HIv2___RNAseq.g1929.t1","Pocillopora_acuta_HIv2___RNAseq.g1929.t1","Cluster 1"
"Pocillopora_acuta_HIv2___RNAseq.g19297.t1","Pocillopora_acuta_HIv2___RNAseq.g19297.t1","Cluster 2"
"Pocillopora_acuta_HIv2___RNAseq.g19313.t1","Pocillopora_acuta_HIv2___RNAseq.g19313.t1","Cluster 2"
"Pocillopora_acuta_HIv2___RNAseq.g1932.t1","Pocillopora_acuta_HIv2___RNAseq.g1932.t1","Cluster 3"
"Pocillopora_acuta_HIv2___RNAseq.g19337.t1","Pocillopora_acuta_HIv2___RNAseq.g19337.t1","Cluster 1"
"Pocillopora_acuta_HIv2___RNAseq.g19394.t1","Pocillopora_acuta_HIv2___RNAseq.g19394.t1","Cluster 3"
"Pocillopora_acuta_HIv2___RNAseq.g19415.t1","Pocillopora_acuta_HIv2___RNAseq.g19415.t1","Cluster 6"
"Pocillopora_acuta_HIv2___RNAseq.g19435.t1","Pocillopora_acuta_HIv2___RNAseq.g19435.t1","Cluster 1"
"Pocillopora_acuta_HIv2___RNAseq.g19467.t1","Pocillopora_acuta_HIv2___RNAseq.g19467.t1","Cluster 1"
"Pocillopora_acuta_HIv2___RNAseq.g19502.t1","Pocillopora_acuta_HIv2___RNAseq.g19502.t1","Cluster 2"
"Pocillopora_acuta_HIv2___RNAseq.g19534.t1","Pocillopora_acuta_HIv2___RNAseq.g19534.t1","Cluster 1"
"Pocillopora_acuta_HIv2___RNAseq.g19555.t1","Pocillopora_acuta_HIv2___RNAseq.g19555.t1","Cluster 3"
"Pocillopora_acuta_HIv2___RNAseq.g19602.t1","Pocillopora_acuta_HIv2___RNAseq.g19602.t1","Cluster 1"
"Pocillopora_acuta_HIv2___RNAseq.g19611.t1","Pocillopora_acuta_HIv2___RNAseq.g19611.t1","Cluster 4"
"Pocillopora_acuta_HIv2___RNAseq.g19621.t1","Pocillopora_acuta_HIv2___RNAseq.g19621.t1","Cluster 2"
"Pocillopora_acuta_HIv2___RNAseq.g19622.t1","Pocillopora_acuta_HIv2___RNAseq.g19622.t1","Cluster 5"
"Pocillopora_acuta_HIv2___RNAseq.g19641.t1","Pocillopora_acuta_HIv2___RNAseq.g19641.t1","Cluster 3"
"Pocillopora_acuta_HIv2___RNAseq.g19656.t1","Pocillopora_acuta_HIv2___RNAseq.g19656.t1","Cluster 1"
"Pocillopora_acuta_HIv2___RNAseq.g19659.t1","Pocillopora_acuta_HIv2___RNAseq.g19659.t1","Cluster 3"
"Pocillopora_acuta_HIv2___RNAseq.g1966.t1","Pocillopora_acuta_HIv2___RNAseq.g1966.t1","Cluster 6"
"Pocillopora_acuta_HIv2___RNAseq.g1968.t1","Pocillopora_acuta_HIv2___RNAseq.g1968.t1","Cluster 1"
"Pocillopora_acuta_HIv2___RNAseq.g19739.t1","Pocillopora_acuta_HIv2___RNAseq.g19739.t1","Cluster 1"
"Pocillopora_acuta_HIv2___RNAseq.g19746.t1","Pocillopora_acuta_HIv2___RNAseq.g19746.t1","Cluster 2"
"Pocillopora_acuta_HIv2___RNAseq.g19754.t1","Pocillopora_acuta_HIv2___RNAseq.g19754.t1","Cluster 3"
"Pocillopora_acuta_HIv2___RNAseq.g19760.t1","Pocillopora_acuta_HIv2___RNAseq.g19760.t1","Cluster 3"
"Pocillopora_acuta_HIv2___RNAseq.g19766.t1","Pocillopora_acuta_HIv2___RNAseq.g19766.t1","Cluster 5"
"Pocillopora_acuta_HIv2___RNAseq.g19792.t1","Pocillopora_acuta_HIv2___RNAseq.g19792.t1","Cluster 1"
"Pocillopora_acuta_HIv2___RNAseq.g19796.t1","Pocillopora_acuta_HIv2___RNAseq.g19796.t1","Cluster 1"
"Pocillopora_acuta_HIv2___RNAseq.g19805.t1","Pocillopora_acuta_HIv2___RNAseq.g19805.t1","Cluster 2"
"Pocillopora_acuta_HIv2___RNAseq.g19810.t1","Pocillopora_acuta_HIv2___RNAseq.g19810.t1","Cluster 6"
"Pocillopora_acuta_HIv2___RNAseq.g19813.t1","Pocillopora_acuta_HIv2___RNAseq.g19813.t1","Cluster 3"
"Pocillopora_acuta_HIv2___RNAseq.g19845.t1","Pocillopora_acuta_HIv2___RNAseq.g19845.t1","Cluster 1"
"Pocillopora_acuta_HIv2___RNAseq.g19854.t1","Pocillopora_acuta_HIv2___RNAseq.g19854.t1","Cluster 4"
"Pocillopora_acuta_HIv2___RNAseq.g19857.t1","Pocillopora_acuta_HIv2___RNAseq.g19857.t1","Cluster 4"
"Pocillopora_acuta_HIv2___RNAseq.g19867.t1","Pocillopora_acuta_HIv2___RNAseq.g19867.t1","Cluster 1"
"Pocillopora_acuta_HIv2___RNAseq.g19870.t1","Pocillopora_acuta_HIv2___RNAseq.g19870.t1","Cluster 1"
"Pocillopora_acuta_HIv2___RNAseq.g1993.t1","Pocillopora_acuta_HIv2___RNAseq.g1993.t1","Cluster 6"
"Pocillopora_acuta_HIv2___RNAseq.g2001.t1","Pocillopora_acuta_HIv2___RNAseq.g2001.t1","Cluster 6"
"Pocillopora_acuta_HIv2___RNAseq.g20019.t1","Pocillopora_acuta_HIv2___RNAseq.g20019.t1","Cluster 1"
"Pocillopora_acuta_HIv2___RNAseq.g20023.t1","Pocillopora_acuta_HIv2___RNAseq.g20023.t1","Cluster 2"
"Pocillopora_acuta_HIv2___RNAseq.g20063.t1","Pocillopora_acuta_HIv2___RNAseq.g20063.t1","Cluster 1"
"Pocillopora_acuta_HIv2___RNAseq.g2021.t1","Pocillopora_acuta_HIv2___RNAseq.g2021.t1","Cluster 3"
"Pocillopora_acuta_HIv2___RNAseq.g2022.t1","Pocillopora_acuta_HIv2___RNAseq.g2022.t1","Cluster 6"
"Pocillopora_acuta_HIv2___RNAseq.g2026.t1","Pocillopora_acuta_HIv2___RNAseq.g2026.t1","Cluster 1"
"Pocillopora_acuta_HIv2___RNAseq.g20354.t1","Pocillopora_acuta_HIv2___RNAseq.g20354.t1","Cluster 5"
"Pocillopora_acuta_HIv2___RNAseq.g20371.t1","Pocillopora_acuta_HIv2___RNAseq.g20371.t1","Cluster 2"
"Pocillopora_acuta_HIv2___RNAseq.g20374.t1b","Pocillopora_acuta_HIv2___RNAseq.g20374.t1b","Cluster 3"
"Pocillopora_acuta_HIv2___RNAseq.g20376.t1b","Pocillopora_acuta_HIv2___RNAseq.g20376.t1b","Cluster 3"
"Pocillopora_acuta_HIv2___RNAseq.g20396.t1","Pocillopora_acuta_HIv2___RNAseq.g20396.t1","Cluster 5"
"Pocillopora_acuta_HIv2___RNAseq.g20413.t2","Pocillopora_acuta_HIv2___RNAseq.g20413.t2","Cluster 6"
"Pocillopora_acuta_HIv2___RNAseq.g20432.t1","Pocillopora_acuta_HIv2___RNAseq.g20432.t1","Cluster 3"
"Pocillopora_acuta_HIv2___RNAseq.g20440.t1","Pocillopora_acuta_HIv2___RNAseq.g20440.t1","Cluster 2"
"Pocillopora_acuta_HIv2___RNAseq.g20468.t1","Pocillopora_acuta_HIv2___RNAseq.g20468.t1","Cluster 3"
"Pocillopora_acuta_HIv2___RNAseq.g20480.t1","Pocillopora_acuta_HIv2___RNAseq.g20480.t1","Cluster 3"
"Pocillopora_acuta_HIv2___RNAseq.g20499.t1","Pocillopora_acuta_HIv2___RNAseq.g20499.t1","Cluster 1"
"Pocillopora_acuta_HIv2___RNAseq.g20504.t1","Pocillopora_acuta_HIv2___RNAseq.g20504.t1","Cluster 6"
"Pocillopora_acuta_HIv2___RNAseq.g20523.t1","Pocillopora_acuta_HIv2___RNAseq.g20523.t1","Cluster 2"
"Pocillopora_acuta_HIv2___RNAseq.g20525.t1","Pocillopora_acuta_HIv2___RNAseq.g20525.t1","Cluster 1"
"Pocillopora_acuta_HIv2___RNAseq.g20528.t1","Pocillopora_acuta_HIv2___RNAseq.g20528.t1","Cluster 3"
"Pocillopora_acuta_HIv2___RNAseq.g20557.t1","Pocillopora_acuta_HIv2___RNAseq.g20557.t1","Cluster 1"
"Pocillopora_acuta_HIv2___RNAseq.g20562.t1","Pocillopora_acuta_HIv2___RNAseq.g20562.t1","Cluster 2"
"Pocillopora_acuta_HIv2___RNAseq.g20569.t1","Pocillopora_acuta_HIv2___RNAseq.g20569.t1","Cluster 1"
"Pocillopora_acuta_HIv2___RNAseq.g20571.t1a","Pocillopora_acuta_HIv2___RNAseq.g20571.t1a","Cluster 4"
"Pocillopora_acuta_HIv2___RNAseq.g20571.t1b","Pocillopora_acuta_HIv2___RNAseq.g20571.t1b","Cluster 1"
"Pocillopora_acuta_HIv2___RNAseq.g20572.t1","Pocillopora_acuta_HIv2___RNAseq.g20572.t1","Cluster 3"
"Pocillopora_acuta_HIv2___RNAseq.g20583.t1","Pocillopora_acuta_HIv2___RNAseq.g20583.t1","Cluster 5"
"Pocillopora_acuta_HIv2___RNAseq.g20593.t1","Pocillopora_acuta_HIv2___RNAseq.g20593.t1","Cluster 5"
"Pocillopora_acuta_HIv2___RNAseq.g20601.t1","Pocillopora_acuta_HIv2___RNAseq.g20601.t1","Cluster 3"
"Pocillopora_acuta_HIv2___RNAseq.g20604.t1","Pocillopora_acuta_HIv2___RNAseq.g20604.t1","Cluster 5"
"Pocillopora_acuta_HIv2___RNAseq.g20607.t1","Pocillopora_acuta_HIv2___RNAseq.g20607.t1","Cluster 5"
"Pocillopora_acuta_HIv2___RNAseq.g20608.t1","Pocillopora_acuta_HIv2___RNAseq.g20608.t1","Cluster 6"
"Pocillopora_acuta_HIv2___RNAseq.g20613.t1","Pocillopora_acuta_HIv2___RNAseq.g20613.t1","Cluster 2"
"Pocillopora_acuta_HIv2___RNAseq.g20617.t1","Pocillopora_acuta_HIv2___RNAseq.g20617.t1","Cluster 1"
"Pocillopora_acuta_HIv2___RNAseq.g20645.t1","Pocillopora_acuta_HIv2___RNAseq.g20645.t1","Cluster 1"
"Pocillopora_acuta_HIv2___RNAseq.g20661.t1","Pocillopora_acuta_HIv2___RNAseq.g20661.t1","Cluster 3"
"Pocillopora_acuta_HIv2___RNAseq.g20662.t1","Pocillopora_acuta_HIv2___RNAseq.g20662.t1","Cluster 1"
"Pocillopora_acuta_HIv2___RNAseq.g20670.t1","Pocillopora_acuta_HIv2___RNAseq.g20670.t1","Cluster 5"
"Pocillopora_acuta_HIv2___RNAseq.g20681.t1","Pocillopora_acuta_HIv2___RNAseq.g20681.t1","Cluster 1"
"Pocillopora_acuta_HIv2___RNAseq.g20682.t1","Pocillopora_acuta_HIv2___RNAseq.g20682.t1","Cluster 3"
"Pocillopora_acuta_HIv2___RNAseq.g20688.t1","Pocillopora_acuta_HIv2___RNAseq.g20688.t1","Cluster 3"
"Pocillopora_acuta_HIv2___RNAseq.g20692.t1","Pocillopora_acuta_HIv2___RNAseq.g20692.t1","Cluster 2"
"Pocillopora_acuta_HIv2___RNAseq.g20694.t1","Pocillopora_acuta_HIv2___RNAseq.g20694.t1","Cluster 6"
"Pocillopora_acuta_HIv2___RNAseq.g20707.t1","Pocillopora_acuta_HIv2___RNAseq.g20707.t1","Cluster 5"
"Pocillopora_acuta_HIv2___RNAseq.g20709.t1","Pocillopora_acuta_HIv2___RNAseq.g20709.t1","Cluster 5"
"Pocillopora_acuta_HIv2___RNAseq.g20721.t1","Pocillopora_acuta_HIv2___RNAseq.g20721.t1","Cluster 1"
"Pocillopora_acuta_HIv2___RNAseq.g20727.t1c","Pocillopora_acuta_HIv2___RNAseq.g20727.t1c","Cluster 3"
"Pocillopora_acuta_HIv2___RNAseq.g20747.t1","Pocillopora_acuta_HIv2___RNAseq.g20747.t1","Cluster 6"
"Pocillopora_acuta_HIv2___RNAseq.g2075.t1","Pocillopora_acuta_HIv2___RNAseq.g2075.t1","Cluster 3"
"Pocillopora_acuta_HIv2___RNAseq.g20807.t1","Pocillopora_acuta_HIv2___RNAseq.g20807.t1","Cluster 3"
"Pocillopora_acuta_HIv2___RNAseq.g20814.t1","Pocillopora_acuta_HIv2___RNAseq.g20814.t1","Cluster 6"
"Pocillopora_acuta_HIv2___RNAseq.g20815.t1","Pocillopora_acuta_HIv2___RNAseq.g20815.t1","Cluster 4"
"Pocillopora_acuta_HIv2___RNAseq.g20818.t1","Pocillopora_acuta_HIv2___RNAseq.g20818.t1","Cluster 3"
"Pocillopora_acuta_HIv2___RNAseq.g20822.t1","Pocillopora_acuta_HIv2___RNAseq.g20822.t1","Cluster 6"
"Pocillopora_acuta_HIv2___RNAseq.g20823.t1","Pocillopora_acuta_HIv2___RNAseq.g20823.t1","Cluster 2"
"Pocillopora_acuta_HIv2___RNAseq.g20824.t1","Pocillopora_acuta_HIv2___RNAseq.g20824.t1","Cluster 2"
"Pocillopora_acuta_HIv2___RNAseq.g20832.t1","Pocillopora_acuta_HIv2___RNAseq.g20832.t1","Cluster 4"
"Pocillopora_acuta_HIv2___RNAseq.g20838.t1","Pocillopora_acuta_HIv2___RNAseq.g20838.t1","Cluster 6"
"Pocillopora_acuta_HIv2___RNAseq.g20844.t1","Pocillopora_acuta_HIv2___RNAseq.g20844.t1","Cluster 6"
"Pocillopora_acuta_HIv2___RNAseq.g20859.t1","Pocillopora_acuta_HIv2___RNAseq.g20859.t1","Cluster 3"
"Pocillopora_acuta_HIv2___RNAseq.g2093.t1","Pocillopora_acuta_HIv2___RNAseq.g2093.t1","Cluster 6"
"Pocillopora_acuta_HIv2___RNAseq.g20944.t1b","Pocillopora_acuta_HIv2___RNAseq.g20944.t1b","Cluster 2"
"Pocillopora_acuta_HIv2___RNAseq.g20946.t1","Pocillopora_acuta_HIv2___RNAseq.g20946.t1","Cluster 4"
"Pocillopora_acuta_HIv2___RNAseq.g20950.t1","Pocillopora_acuta_HIv2___RNAseq.g20950.t1","Cluster 3"
"Pocillopora_acuta_HIv2___RNAseq.g2097.t1","Pocillopora_acuta_HIv2___RNAseq.g2097.t1","Cluster 5"
"Pocillopora_acuta_HIv2___RNAseq.g2098.t1","Pocillopora_acuta_HIv2___RNAseq.g2098.t1","Cluster 3"
"Pocillopora_acuta_HIv2___RNAseq.g20984.t1","Pocillopora_acuta_HIv2___RNAseq.g20984.t1","Cluster 3"
"Pocillopora_acuta_HIv2___RNAseq.g20997.t1a","Pocillopora_acuta_HIv2___RNAseq.g20997.t1a","Cluster 1"
"Pocillopora_acuta_HIv2___RNAseq.g20997.t1b","Pocillopora_acuta_HIv2___RNAseq.g20997.t1b","Cluster 2"
"Pocillopora_acuta_HIv2___RNAseq.g2101.t1","Pocillopora_acuta_HIv2___RNAseq.g2101.t1","Cluster 4"
"Pocillopora_acuta_HIv2___RNAseq.g21011.t1","Pocillopora_acuta_HIv2___RNAseq.g21011.t1","Cluster 6"
"Pocillopora_acuta_HIv2___RNAseq.g21020.t1","Pocillopora_acuta_HIv2___RNAseq.g21020.t1","Cluster 6"
"Pocillopora_acuta_HIv2___RNAseq.g21042.t1","Pocillopora_acuta_HIv2___RNAseq.g21042.t1","Cluster 3"
"Pocillopora_acuta_HIv2___RNAseq.g21048.t1","Pocillopora_acuta_HIv2___RNAseq.g21048.t1","Cluster 1"
"Pocillopora_acuta_HIv2___RNAseq.g21049.t1","Pocillopora_acuta_HIv2___RNAseq.g21049.t1","Cluster 2"
"Pocillopora_acuta_HIv2___RNAseq.g21084.t1","Pocillopora_acuta_HIv2___RNAseq.g21084.t1","Cluster 3"
"Pocillopora_acuta_HIv2___RNAseq.g21088.t1","Pocillopora_acuta_HIv2___RNAseq.g21088.t1","Cluster 6"
"Pocillopora_acuta_HIv2___RNAseq.g2110.t1","Pocillopora_acuta_HIv2___RNAseq.g2110.t1","Cluster 4"
"Pocillopora_acuta_HIv2___RNAseq.g21104.t1","Pocillopora_acuta_HIv2___RNAseq.g21104.t1","Cluster 1"
"Pocillopora_acuta_HIv2___RNAseq.g21114.t1","Pocillopora_acuta_HIv2___RNAseq.g21114.t1","Cluster 2"
"Pocillopora_acuta_HIv2___RNAseq.g21175.t1","Pocillopora_acuta_HIv2___RNAseq.g21175.t1","Cluster 1"
"Pocillopora_acuta_HIv2___RNAseq.g21178.t3c","Pocillopora_acuta_HIv2___RNAseq.g21178.t3c","Cluster 3"
"Pocillopora_acuta_HIv2___RNAseq.g21216.t1","Pocillopora_acuta_HIv2___RNAseq.g21216.t1","Cluster 2"
"Pocillopora_acuta_HIv2___RNAseq.g21223.t1","Pocillopora_acuta_HIv2___RNAseq.g21223.t1","Cluster 1"
"Pocillopora_acuta_HIv2___RNAseq.g21230.t1","Pocillopora_acuta_HIv2___RNAseq.g21230.t1","Cluster 1"
"Pocillopora_acuta_HIv2___RNAseq.g21232.t1","Pocillopora_acuta_HIv2___RNAseq.g21232.t1","Cluster 3"
"Pocillopora_acuta_HIv2___RNAseq.g21233.t1","Pocillopora_acuta_HIv2___RNAseq.g21233.t1","Cluster 2"
"Pocillopora_acuta_HIv2___RNAseq.g21247.t1","Pocillopora_acuta_HIv2___RNAseq.g21247.t1","Cluster 3"
"Pocillopora_acuta_HIv2___RNAseq.g21250.t1b","Pocillopora_acuta_HIv2___RNAseq.g21250.t1b","Cluster 3"
"Pocillopora_acuta_HIv2___RNAseq.g21279.t1","Pocillopora_acuta_HIv2___RNAseq.g21279.t1","Cluster 2"
"Pocillopora_acuta_HIv2___RNAseq.g21288.t1","Pocillopora_acuta_HIv2___RNAseq.g21288.t1","Cluster 6"
"Pocillopora_acuta_HIv2___RNAseq.g21293.t1","Pocillopora_acuta_HIv2___RNAseq.g21293.t1","Cluster 2"
"Pocillopora_acuta_HIv2___RNAseq.g21302.t1","Pocillopora_acuta_HIv2___RNAseq.g21302.t1","Cluster 6"
"Pocillopora_acuta_HIv2___RNAseq.g21309.t1","Pocillopora_acuta_HIv2___RNAseq.g21309.t1","Cluster 1"
"Pocillopora_acuta_HIv2___RNAseq.g21310.t1","Pocillopora_acuta_HIv2___RNAseq.g21310.t1","Cluster 2"
"Pocillopora_acuta_HIv2___RNAseq.g21311.t1","Pocillopora_acuta_HIv2___RNAseq.g21311.t1","Cluster 4"
"Pocillopora_acuta_HIv2___RNAseq.g2133.t1","Pocillopora_acuta_HIv2___RNAseq.g2133.t1","Cluster 4"
"Pocillopora_acuta_HIv2___RNAseq.g21334.t1","Pocillopora_acuta_HIv2___RNAseq.g21334.t1","Cluster 1"
"Pocillopora_acuta_HIv2___RNAseq.g21339.t1","Pocillopora_acuta_HIv2___RNAseq.g21339.t1","Cluster 2"
"Pocillopora_acuta_HIv2___RNAseq.g21350.t1","Pocillopora_acuta_HIv2___RNAseq.g21350.t1","Cluster 2"
"Pocillopora_acuta_HIv2___RNAseq.g21356.t1","Pocillopora_acuta_HIv2___RNAseq.g21356.t1","Cluster 6"
"Pocillopora_acuta_HIv2___RNAseq.g214.t1","Pocillopora_acuta_HIv2___RNAseq.g214.t1","Cluster 5"
"Pocillopora_acuta_HIv2___RNAseq.g21404.t1","Pocillopora_acuta_HIv2___RNAseq.g21404.t1","Cluster 3"
"Pocillopora_acuta_HIv2___RNAseq.g21408.t1","Pocillopora_acuta_HIv2___RNAseq.g21408.t1","Cluster 1"
"Pocillopora_acuta_HIv2___RNAseq.g21431.t2","Pocillopora_acuta_HIv2___RNAseq.g21431.t2","Cluster 6"
"Pocillopora_acuta_HIv2___RNAseq.g21438.t1","Pocillopora_acuta_HIv2___RNAseq.g21438.t1","Cluster 6"
"Pocillopora_acuta_HIv2___RNAseq.g2145.t2","Pocillopora_acuta_HIv2___RNAseq.g2145.t2","Cluster 5"
"Pocillopora_acuta_HIv2___RNAseq.g21468.t1","Pocillopora_acuta_HIv2___RNAseq.g21468.t1","Cluster 3"
"Pocillopora_acuta_HIv2___RNAseq.g21482.t1","Pocillopora_acuta_HIv2___RNAseq.g21482.t1","Cluster 3"
"Pocillopora_acuta_HIv2___RNAseq.g21489.t1","Pocillopora_acuta_HIv2___RNAseq.g21489.t1","Cluster 3"
"Pocillopora_acuta_HIv2___RNAseq.g2150.t1","Pocillopora_acuta_HIv2___RNAseq.g2150.t1","Cluster 6"
"Pocillopora_acuta_HIv2___RNAseq.g21515.t1","Pocillopora_acuta_HIv2___RNAseq.g21515.t1","Cluster 2"
"Pocillopora_acuta_HIv2___RNAseq.g2152.t1","Pocillopora_acuta_HIv2___RNAseq.g2152.t1","Cluster 3"
"Pocillopora_acuta_HIv2___RNAseq.g21520.t1","Pocillopora_acuta_HIv2___RNAseq.g21520.t1","Cluster 6"
"Pocillopora_acuta_HIv2___RNAseq.g21531.t1","Pocillopora_acuta_HIv2___RNAseq.g21531.t1","Cluster 5"
"Pocillopora_acuta_HIv2___RNAseq.g21544.t1","Pocillopora_acuta_HIv2___RNAseq.g21544.t1","Cluster 1"
"Pocillopora_acuta_HIv2___RNAseq.g21560.t1","Pocillopora_acuta_HIv2___RNAseq.g21560.t1","Cluster 3"
"Pocillopora_acuta_HIv2___RNAseq.g21578.t1","Pocillopora_acuta_HIv2___RNAseq.g21578.t1","Cluster 1"
"Pocillopora_acuta_HIv2___RNAseq.g21598.t1","Pocillopora_acuta_HIv2___RNAseq.g21598.t1","Cluster 4"
"Pocillopora_acuta_HIv2___RNAseq.g21603.t1","Pocillopora_acuta_HIv2___RNAseq.g21603.t1","Cluster 3"
"Pocillopora_acuta_HIv2___RNAseq.g21626.t1","Pocillopora_acuta_HIv2___RNAseq.g21626.t1","Cluster 1"
"Pocillopora_acuta_HIv2___RNAseq.g21641.t1","Pocillopora_acuta_HIv2___RNAseq.g21641.t1","Cluster 5"
"Pocillopora_acuta_HIv2___RNAseq.g21642.t2b","Pocillopora_acuta_HIv2___RNAseq.g21642.t2b","Cluster 2"
"Pocillopora_acuta_HIv2___RNAseq.g21665.t1","Pocillopora_acuta_HIv2___RNAseq.g21665.t1","Cluster 1"
"Pocillopora_acuta_HIv2___RNAseq.g21693.t1","Pocillopora_acuta_HIv2___RNAseq.g21693.t1","Cluster 1"
"Pocillopora_acuta_HIv2___RNAseq.g217.t1","Pocillopora_acuta_HIv2___RNAseq.g217.t1","Cluster 3"
"Pocillopora_acuta_HIv2___RNAseq.g21725.t1","Pocillopora_acuta_HIv2___RNAseq.g21725.t1","Cluster 3"
"Pocillopora_acuta_HIv2___RNAseq.g2173.t1","Pocillopora_acuta_HIv2___RNAseq.g2173.t1","Cluster 4"
"Pocillopora_acuta_HIv2___RNAseq.g21756.t1","Pocillopora_acuta_HIv2___RNAseq.g21756.t1","Cluster 1"
"Pocillopora_acuta_HIv2___RNAseq.g21757.t1","Pocillopora_acuta_HIv2___RNAseq.g21757.t1","Cluster 2"
"Pocillopora_acuta_HIv2___RNAseq.g21805.t1","Pocillopora_acuta_HIv2___RNAseq.g21805.t1","Cluster 1"
"Pocillopora_acuta_HIv2___RNAseq.g21829.t1","Pocillopora_acuta_HIv2___RNAseq.g21829.t1","Cluster 6"
"Pocillopora_acuta_HIv2___RNAseq.g21833.t1","Pocillopora_acuta_HIv2___RNAseq.g21833.t1","Cluster 3"
"Pocillopora_acuta_HIv2___RNAseq.g2184.t1","Pocillopora_acuta_HIv2___RNAseq.g2184.t1","Cluster 4"
"Pocillopora_acuta_HIv2___RNAseq.g21842.t1","Pocillopora_acuta_HIv2___RNAseq.g21842.t1","Cluster 6"
"Pocillopora_acuta_HIv2___RNAseq.g21851.t1","Pocillopora_acuta_HIv2___RNAseq.g21851.t1","Cluster 5"
"Pocillopora_acuta_HIv2___RNAseq.g21857.t1","Pocillopora_acuta_HIv2___RNAseq.g21857.t1","Cluster 5"
"Pocillopora_acuta_HIv2___RNAseq.g21923.t1b","Pocillopora_acuta_HIv2___RNAseq.g21923.t1b","Cluster 2"
"Pocillopora_acuta_HIv2___RNAseq.g21927.t1","Pocillopora_acuta_HIv2___RNAseq.g21927.t1","Cluster 3"
"Pocillopora_acuta_HIv2___RNAseq.g21940.t1","Pocillopora_acuta_HIv2___RNAseq.g21940.t1","Cluster 4"
"Pocillopora_acuta_HIv2___RNAseq.g21949.t1","Pocillopora_acuta_HIv2___RNAseq.g21949.t1","Cluster 4"
"Pocillopora_acuta_HIv2___RNAseq.g21959.t1","Pocillopora_acuta_HIv2___RNAseq.g21959.t1","Cluster 1"
"Pocillopora_acuta_HIv2___RNAseq.g21999.t1","Pocillopora_acuta_HIv2___RNAseq.g21999.t1","Cluster 1"
"Pocillopora_acuta_HIv2___RNAseq.g22041.t1","Pocillopora_acuta_HIv2___RNAseq.g22041.t1","Cluster 3"
"Pocillopora_acuta_HIv2___RNAseq.g221.t1","Pocillopora_acuta_HIv2___RNAseq.g221.t1","Cluster 3"
"Pocillopora_acuta_HIv2___RNAseq.g22208.t1","Pocillopora_acuta_HIv2___RNAseq.g22208.t1","Cluster 3"
"Pocillopora_acuta_HIv2___RNAseq.g2221.t1","Pocillopora_acuta_HIv2___RNAseq.g2221.t1","Cluster 2"
"Pocillopora_acuta_HIv2___RNAseq.g22242.t1","Pocillopora_acuta_HIv2___RNAseq.g22242.t1","Cluster 3"
"Pocillopora_acuta_HIv2___RNAseq.g22260.t1","Pocillopora_acuta_HIv2___RNAseq.g22260.t1","Cluster 1"
"Pocillopora_acuta_HIv2___RNAseq.g2228.t1","Pocillopora_acuta_HIv2___RNAseq.g2228.t1","Cluster 2"
"Pocillopora_acuta_HIv2___RNAseq.g22281.t1","Pocillopora_acuta_HIv2___RNAseq.g22281.t1","Cluster 3"
"Pocillopora_acuta_HIv2___RNAseq.g22290.t1","Pocillopora_acuta_HIv2___RNAseq.g22290.t1","Cluster 5"
"Pocillopora_acuta_HIv2___RNAseq.g22294.t1","Pocillopora_acuta_HIv2___RNAseq.g22294.t1","Cluster 3"
"Pocillopora_acuta_HIv2___RNAseq.g22298.t1","Pocillopora_acuta_HIv2___RNAseq.g22298.t1","Cluster 2"
"Pocillopora_acuta_HIv2___RNAseq.g22307.t1","Pocillopora_acuta_HIv2___RNAseq.g22307.t1","Cluster 6"
"Pocillopora_acuta_HIv2___RNAseq.g2232.t1","Pocillopora_acuta_HIv2___RNAseq.g2232.t1","Cluster 2"
"Pocillopora_acuta_HIv2___RNAseq.g2233.t1","Pocillopora_acuta_HIv2___RNAseq.g2233.t1","Cluster 2"
"Pocillopora_acuta_HIv2___RNAseq.g22338.t1b","Pocillopora_acuta_HIv2___RNAseq.g22338.t1b","Cluster 5"
"Pocillopora_acuta_HIv2___RNAseq.g22345.t2","Pocillopora_acuta_HIv2___RNAseq.g22345.t2","Cluster 2"
"Pocillopora_acuta_HIv2___RNAseq.g22352.t1","Pocillopora_acuta_HIv2___RNAseq.g22352.t1","Cluster 3"
"Pocillopora_acuta_HIv2___RNAseq.g22367.t1","Pocillopora_acuta_HIv2___RNAseq.g22367.t1","Cluster 2"
"Pocillopora_acuta_HIv2___RNAseq.g22369.t1","Pocillopora_acuta_HIv2___RNAseq.g22369.t1","Cluster 3"
"Pocillopora_acuta_HIv2___RNAseq.g2237.t1","Pocillopora_acuta_HIv2___RNAseq.g2237.t1","Cluster 3"
"Pocillopora_acuta_HIv2___RNAseq.g22388.t1","Pocillopora_acuta_HIv2___RNAseq.g22388.t1","Cluster 1"
"Pocillopora_acuta_HIv2___RNAseq.g22390.t1","Pocillopora_acuta_HIv2___RNAseq.g22390.t1","Cluster 2"
"Pocillopora_acuta_HIv2___RNAseq.g22398.t1","Pocillopora_acuta_HIv2___RNAseq.g22398.t1","Cluster 5"
"Pocillopora_acuta_HIv2___RNAseq.g2241.t1","Pocillopora_acuta_HIv2___RNAseq.g2241.t1","Cluster 4"
"Pocillopora_acuta_HIv2___RNAseq.g22414.t1","Pocillopora_acuta_HIv2___RNAseq.g22414.t1","Cluster 6"
"Pocillopora_acuta_HIv2___RNAseq.g2245.t1","Pocillopora_acuta_HIv2___RNAseq.g2245.t1","Cluster 3"
"Pocillopora_acuta_HIv2___RNAseq.g22455.t1","Pocillopora_acuta_HIv2___RNAseq.g22455.t1","Cluster 2"
"Pocillopora_acuta_HIv2___RNAseq.g22488.t1","Pocillopora_acuta_HIv2___RNAseq.g22488.t1","Cluster 2"
"Pocillopora_acuta_HIv2___RNAseq.g22492.t1","Pocillopora_acuta_HIv2___RNAseq.g22492.t1","Cluster 3"
"Pocillopora_acuta_HIv2___RNAseq.g2250.t1","Pocillopora_acuta_HIv2___RNAseq.g2250.t1","Cluster 5"
"Pocillopora_acuta_HIv2___RNAseq.g22527.t1","Pocillopora_acuta_HIv2___RNAseq.g22527.t1","Cluster 4"
"Pocillopora_acuta_HIv2___RNAseq.g22530.t1","Pocillopora_acuta_HIv2___RNAseq.g22530.t1","Cluster 3"
"Pocillopora_acuta_HIv2___RNAseq.g22548.t1","Pocillopora_acuta_HIv2___RNAseq.g22548.t1","Cluster 3"
"Pocillopora_acuta_HIv2___RNAseq.g2258.t1","Pocillopora_acuta_HIv2___RNAseq.g2258.t1","Cluster 2"
"Pocillopora_acuta_HIv2___RNAseq.g22595.t1","Pocillopora_acuta_HIv2___RNAseq.g22595.t1","Cluster 2"
"Pocillopora_acuta_HIv2___RNAseq.g2263.t1b","Pocillopora_acuta_HIv2___RNAseq.g2263.t1b","Cluster 3"
"Pocillopora_acuta_HIv2___RNAseq.g22637.t1","Pocillopora_acuta_HIv2___RNAseq.g22637.t1","Cluster 3"
"Pocillopora_acuta_HIv2___RNAseq.g22638.t1","Pocillopora_acuta_HIv2___RNAseq.g22638.t1","Cluster 6"
"Pocillopora_acuta_HIv2___RNAseq.g22644.t1","Pocillopora_acuta_HIv2___RNAseq.g22644.t1","Cluster 6"
"Pocillopora_acuta_HIv2___RNAseq.g22669.t1","Pocillopora_acuta_HIv2___RNAseq.g22669.t1","Cluster 3"
"Pocillopora_acuta_HIv2___RNAseq.g22693.t1","Pocillopora_acuta_HIv2___RNAseq.g22693.t1","Cluster 6"
"Pocillopora_acuta_HIv2___RNAseq.g22694.t1","Pocillopora_acuta_HIv2___RNAseq.g22694.t1","Cluster 4"
"Pocillopora_acuta_HIv2___RNAseq.g22704.t1","Pocillopora_acuta_HIv2___RNAseq.g22704.t1","Cluster 2"
"Pocillopora_acuta_HIv2___RNAseq.g2272.t1","Pocillopora_acuta_HIv2___RNAseq.g2272.t1","Cluster 4"
"Pocillopora_acuta_HIv2___RNAseq.g2273.t1","Pocillopora_acuta_HIv2___RNAseq.g2273.t1","Cluster 2"
"Pocillopora_acuta_HIv2___RNAseq.g22744.t1","Pocillopora_acuta_HIv2___RNAseq.g22744.t1","Cluster 2"
"Pocillopora_acuta_HIv2___RNAseq.g22748.t1","Pocillopora_acuta_HIv2___RNAseq.g22748.t1","Cluster 2"
"Pocillopora_acuta_HIv2___RNAseq.g22763.t1","Pocillopora_acuta_HIv2___RNAseq.g22763.t1","Cluster 2"
"Pocillopora_acuta_HIv2___RNAseq.g22773.t1","Pocillopora_acuta_HIv2___RNAseq.g22773.t1","Cluster 3"
"Pocillopora_acuta_HIv2___RNAseq.g22790.t2","Pocillopora_acuta_HIv2___RNAseq.g22790.t2","Cluster 3"
"Pocillopora_acuta_HIv2___RNAseq.g22791.t2","Pocillopora_acuta_HIv2___RNAseq.g22791.t2","Cluster 3"
"Pocillopora_acuta_HIv2___RNAseq.g22806.t1","Pocillopora_acuta_HIv2___RNAseq.g22806.t1","Cluster 3"
"Pocillopora_acuta_HIv2___RNAseq.g22851.t1","Pocillopora_acuta_HIv2___RNAseq.g22851.t1","Cluster 2"
"Pocillopora_acuta_HIv2___RNAseq.g22873.t1","Pocillopora_acuta_HIv2___RNAseq.g22873.t1","Cluster 2"
"Pocillopora_acuta_HIv2___RNAseq.g22903.t1","Pocillopora_acuta_HIv2___RNAseq.g22903.t1","Cluster 2"
"Pocillopora_acuta_HIv2___RNAseq.g22918.t1","Pocillopora_acuta_HIv2___RNAseq.g22918.t1","Cluster 1"
"Pocillopora_acuta_HIv2___RNAseq.g22927.t1a","Pocillopora_acuta_HIv2___RNAseq.g22927.t1a","Cluster 1"
"Pocillopora_acuta_HIv2___RNAseq.g22927.t1b","Pocillopora_acuta_HIv2___RNAseq.g22927.t1b","Cluster 3"
"Pocillopora_acuta_HIv2___RNAseq.g22940.t1","Pocillopora_acuta_HIv2___RNAseq.g22940.t1","Cluster 6"
"Pocillopora_acuta_HIv2___RNAseq.g22942.t1","Pocillopora_acuta_HIv2___RNAseq.g22942.t1","Cluster 3"
"Pocillopora_acuta_HIv2___RNAseq.g22946.t1","Pocillopora_acuta_HIv2___RNAseq.g22946.t1","Cluster 3"
"Pocillopora_acuta_HIv2___RNAseq.g22977.t1","Pocillopora_acuta_HIv2___RNAseq.g22977.t1","Cluster 6"
"Pocillopora_acuta_HIv2___RNAseq.g22982.t1","Pocillopora_acuta_HIv2___RNAseq.g22982.t1","Cluster 3"
"Pocillopora_acuta_HIv2___RNAseq.g2299.t1b","Pocillopora_acuta_HIv2___RNAseq.g2299.t1b","Cluster 3"
"Pocillopora_acuta_HIv2___RNAseq.g22995.t1","Pocillopora_acuta_HIv2___RNAseq.g22995.t1","Cluster 5"
"Pocillopora_acuta_HIv2___RNAseq.g23013.t1","Pocillopora_acuta_HIv2___RNAseq.g23013.t1","Cluster 2"
"Pocillopora_acuta_HIv2___RNAseq.g23014.t1","Pocillopora_acuta_HIv2___RNAseq.g23014.t1","Cluster 6"
"Pocillopora_acuta_HIv2___RNAseq.g23052.t1","Pocillopora_acuta_HIv2___RNAseq.g23052.t1","Cluster 6"
"Pocillopora_acuta_HIv2___RNAseq.g23064.t1","Pocillopora_acuta_HIv2___RNAseq.g23064.t1","Cluster 3"
"Pocillopora_acuta_HIv2___RNAseq.g23067.t1","Pocillopora_acuta_HIv2___RNAseq.g23067.t1","Cluster 4"
"Pocillopora_acuta_HIv2___RNAseq.g23078.t1","Pocillopora_acuta_HIv2___RNAseq.g23078.t1","Cluster 1"
"Pocillopora_acuta_HIv2___RNAseq.g23080.t1","Pocillopora_acuta_HIv2___RNAseq.g23080.t1","Cluster 2"
"Pocillopora_acuta_HIv2___RNAseq.g23083.t1","Pocillopora_acuta_HIv2___RNAseq.g23083.t1","Cluster 6"
"Pocillopora_acuta_HIv2___RNAseq.g23084.t1","Pocillopora_acuta_HIv2___RNAseq.g23084.t1","Cluster 2"
"Pocillopora_acuta_HIv2___RNAseq.g23086.t1","Pocillopora_acuta_HIv2___RNAseq.g23086.t1","Cluster 3"
"Pocillopora_acuta_HIv2___RNAseq.g23091.t1","Pocillopora_acuta_HIv2___RNAseq.g23091.t1","Cluster 1"
"Pocillopora_acuta_HIv2___RNAseq.g23102.t1","Pocillopora_acuta_HIv2___RNAseq.g23102.t1","Cluster 4"
"Pocillopora_acuta_HIv2___RNAseq.g23129.t1","Pocillopora_acuta_HIv2___RNAseq.g23129.t1","Cluster 6"
"Pocillopora_acuta_HIv2___RNAseq.g23137.t1","Pocillopora_acuta_HIv2___RNAseq.g23137.t1","Cluster 1"
"Pocillopora_acuta_HIv2___RNAseq.g23149.t2","Pocillopora_acuta_HIv2___RNAseq.g23149.t2","Cluster 1"
"Pocillopora_acuta_HIv2___RNAseq.g23157.t1","Pocillopora_acuta_HIv2___RNAseq.g23157.t1","Cluster 5"
"Pocillopora_acuta_HIv2___RNAseq.g23180.t2","Pocillopora_acuta_HIv2___RNAseq.g23180.t2","Cluster 4"
"Pocillopora_acuta_HIv2___RNAseq.g23187.t1","Pocillopora_acuta_HIv2___RNAseq.g23187.t1","Cluster 3"
"Pocillopora_acuta_HIv2___RNAseq.g2320.t1","Pocillopora_acuta_HIv2___RNAseq.g2320.t1","Cluster 3"
"Pocillopora_acuta_HIv2___RNAseq.g23209.t1","Pocillopora_acuta_HIv2___RNAseq.g23209.t1","Cluster 6"
"Pocillopora_acuta_HIv2___RNAseq.g23211.t1","Pocillopora_acuta_HIv2___RNAseq.g23211.t1","Cluster 6"
"Pocillopora_acuta_HIv2___RNAseq.g2322.t1b","Pocillopora_acuta_HIv2___RNAseq.g2322.t1b","Cluster 3"
"Pocillopora_acuta_HIv2___RNAseq.g2326.t1","Pocillopora_acuta_HIv2___RNAseq.g2326.t1","Cluster 1"
"Pocillopora_acuta_HIv2___RNAseq.g23295.t1","Pocillopora_acuta_HIv2___RNAseq.g23295.t1","Cluster 2"
"Pocillopora_acuta_HIv2___RNAseq.g2333.t1","Pocillopora_acuta_HIv2___RNAseq.g2333.t1","Cluster 3"
"Pocillopora_acuta_HIv2___RNAseq.g23331.t1","Pocillopora_acuta_HIv2___RNAseq.g23331.t1","Cluster 3"
"Pocillopora_acuta_HIv2___RNAseq.g23350.t1","Pocillopora_acuta_HIv2___RNAseq.g23350.t1","Cluster 3"
"Pocillopora_acuta_HIv2___RNAseq.g23351.t1","Pocillopora_acuta_HIv2___RNAseq.g23351.t1","Cluster 3"
"Pocillopora_acuta_HIv2___RNAseq.g23362.t1","Pocillopora_acuta_HIv2___RNAseq.g23362.t1","Cluster 1"
"Pocillopora_acuta_HIv2___RNAseq.g23372.t1","Pocillopora_acuta_HIv2___RNAseq.g23372.t1","Cluster 2"
"Pocillopora_acuta_HIv2___RNAseq.g23376.t1a","Pocillopora_acuta_HIv2___RNAseq.g23376.t1a","Cluster 6"
"Pocillopora_acuta_HIv2___RNAseq.g23389.t1","Pocillopora_acuta_HIv2___RNAseq.g23389.t1","Cluster 3"
"Pocillopora_acuta_HIv2___RNAseq.g23407.t1","Pocillopora_acuta_HIv2___RNAseq.g23407.t1","Cluster 1"
"Pocillopora_acuta_HIv2___RNAseq.g23418.t1","Pocillopora_acuta_HIv2___RNAseq.g23418.t1","Cluster 6"
"Pocillopora_acuta_HIv2___RNAseq.g23423.t1","Pocillopora_acuta_HIv2___RNAseq.g23423.t1","Cluster 1"
"Pocillopora_acuta_HIv2___RNAseq.g23424.t1","Pocillopora_acuta_HIv2___RNAseq.g23424.t1","Cluster 3"
"Pocillopora_acuta_HIv2___RNAseq.g23431.t1","Pocillopora_acuta_HIv2___RNAseq.g23431.t1","Cluster 3"
"Pocillopora_acuta_HIv2___RNAseq.g23505.t1","Pocillopora_acuta_HIv2___RNAseq.g23505.t1","Cluster 3"
"Pocillopora_acuta_HIv2___RNAseq.g23518.t1","Pocillopora_acuta_HIv2___RNAseq.g23518.t1","Cluster 3"
"Pocillopora_acuta_HIv2___RNAseq.g23519.t1","Pocillopora_acuta_HIv2___RNAseq.g23519.t1","Cluster 3"
"Pocillopora_acuta_HIv2___RNAseq.g23539.t1","Pocillopora_acuta_HIv2___RNAseq.g23539.t1","Cluster 6"
"Pocillopora_acuta_HIv2___RNAseq.g23588.t1","Pocillopora_acuta_HIv2___RNAseq.g23588.t1","Cluster 3"
"Pocillopora_acuta_HIv2___RNAseq.g23598.t1","Pocillopora_acuta_HIv2___RNAseq.g23598.t1","Cluster 5"
"Pocillopora_acuta_HIv2___RNAseq.g23604.t1","Pocillopora_acuta_HIv2___RNAseq.g23604.t1","Cluster 4"
"Pocillopora_acuta_HIv2___RNAseq.g23630.t1","Pocillopora_acuta_HIv2___RNAseq.g23630.t1","Cluster 2"
"Pocillopora_acuta_HIv2___RNAseq.g2364.t1","Pocillopora_acuta_HIv2___RNAseq.g2364.t1","Cluster 3"
"Pocillopora_acuta_HIv2___RNAseq.g23673.t1","Pocillopora_acuta_HIv2___RNAseq.g23673.t1","Cluster 3"
"Pocillopora_acuta_HIv2___RNAseq.g23702.t1","Pocillopora_acuta_HIv2___RNAseq.g23702.t1","Cluster 3"
"Pocillopora_acuta_HIv2___RNAseq.g23707.t1","Pocillopora_acuta_HIv2___RNAseq.g23707.t1","Cluster 1"
"Pocillopora_acuta_HIv2___RNAseq.g23709.t1","Pocillopora_acuta_HIv2___RNAseq.g23709.t1","Cluster 6"
"Pocillopora_acuta_HIv2___RNAseq.g23745.t2","Pocillopora_acuta_HIv2___RNAseq.g23745.t2","Cluster 6"
"Pocillopora_acuta_HIv2___RNAseq.g23753.t1","Pocillopora_acuta_HIv2___RNAseq.g23753.t1","Cluster 3"
"Pocillopora_acuta_HIv2___RNAseq.g23756.t1","Pocillopora_acuta_HIv2___RNAseq.g23756.t1","Cluster 3"
"Pocillopora_acuta_HIv2___RNAseq.g23777.t1","Pocillopora_acuta_HIv2___RNAseq.g23777.t1","Cluster 6"
"Pocillopora_acuta_HIv2___RNAseq.g23779.t1","Pocillopora_acuta_HIv2___RNAseq.g23779.t1","Cluster 5"
"Pocillopora_acuta_HIv2___RNAseq.g23781.t1","Pocillopora_acuta_HIv2___RNAseq.g23781.t1","Cluster 1"
"Pocillopora_acuta_HIv2___RNAseq.g23806.t1","Pocillopora_acuta_HIv2___RNAseq.g23806.t1","Cluster 2"
"Pocillopora_acuta_HIv2___RNAseq.g23816.t1","Pocillopora_acuta_HIv2___RNAseq.g23816.t1","Cluster 1"
"Pocillopora_acuta_HIv2___RNAseq.g23846.t1","Pocillopora_acuta_HIv2___RNAseq.g23846.t1","Cluster 4"
"Pocillopora_acuta_HIv2___RNAseq.g23848.t1","Pocillopora_acuta_HIv2___RNAseq.g23848.t1","Cluster 4"
"Pocillopora_acuta_HIv2___RNAseq.g23880.t1","Pocillopora_acuta_HIv2___RNAseq.g23880.t1","Cluster 1"
"Pocillopora_acuta_HIv2___RNAseq.g23881.t1","Pocillopora_acuta_HIv2___RNAseq.g23881.t1","Cluster 4"
"Pocillopora_acuta_HIv2___RNAseq.g23883.t2","Pocillopora_acuta_HIv2___RNAseq.g23883.t2","Cluster 3"
"Pocillopora_acuta_HIv2___RNAseq.g23884.t1","Pocillopora_acuta_HIv2___RNAseq.g23884.t1","Cluster 5"
"Pocillopora_acuta_HIv2___RNAseq.g23902.t1","Pocillopora_acuta_HIv2___RNAseq.g23902.t1","Cluster 2"
"Pocillopora_acuta_HIv2___RNAseq.g23913.t1","Pocillopora_acuta_HIv2___RNAseq.g23913.t1","Cluster 4"
"Pocillopora_acuta_HIv2___RNAseq.g23920.t2","Pocillopora_acuta_HIv2___RNAseq.g23920.t2","Cluster 3"
"Pocillopora_acuta_HIv2___RNAseq.g23948.t1b","Pocillopora_acuta_HIv2___RNAseq.g23948.t1b","Cluster 1"
"Pocillopora_acuta_HIv2___RNAseq.g2397.t1","Pocillopora_acuta_HIv2___RNAseq.g2397.t1","Cluster 3"
"Pocillopora_acuta_HIv2___RNAseq.g24004.t1","Pocillopora_acuta_HIv2___RNAseq.g24004.t1","Cluster 5"
"Pocillopora_acuta_HIv2___RNAseq.g24007.t1","Pocillopora_acuta_HIv2___RNAseq.g24007.t1","Cluster 3"
"Pocillopora_acuta_HIv2___RNAseq.g24018.t1","Pocillopora_acuta_HIv2___RNAseq.g24018.t1","Cluster 1"
"Pocillopora_acuta_HIv2___RNAseq.g24019.t2","Pocillopora_acuta_HIv2___RNAseq.g24019.t2","Cluster 6"
"Pocillopora_acuta_HIv2___RNAseq.g24037.t1","Pocillopora_acuta_HIv2___RNAseq.g24037.t1","Cluster 3"
"Pocillopora_acuta_HIv2___RNAseq.g24040.t1","Pocillopora_acuta_HIv2___RNAseq.g24040.t1","Cluster 3"
"Pocillopora_acuta_HIv2___RNAseq.g24042.t1","Pocillopora_acuta_HIv2___RNAseq.g24042.t1","Cluster 6"
"Pocillopora_acuta_HIv2___RNAseq.g24049.t1","Pocillopora_acuta_HIv2___RNAseq.g24049.t1","Cluster 1"
"Pocillopora_acuta_HIv2___RNAseq.g24067.t1","Pocillopora_acuta_HIv2___RNAseq.g24067.t1","Cluster 4"
"Pocillopora_acuta_HIv2___RNAseq.g24071.t1","Pocillopora_acuta_HIv2___RNAseq.g24071.t1","Cluster 2"
"Pocillopora_acuta_HIv2___RNAseq.g24106.t1","Pocillopora_acuta_HIv2___RNAseq.g24106.t1","Cluster 5"
"Pocillopora_acuta_HIv2___RNAseq.g24119.t1","Pocillopora_acuta_HIv2___RNAseq.g24119.t1","Cluster 5"
"Pocillopora_acuta_HIv2___RNAseq.g24121.t1","Pocillopora_acuta_HIv2___RNAseq.g24121.t1","Cluster 2"
"Pocillopora_acuta_HIv2___RNAseq.g24152.t1","Pocillopora_acuta_HIv2___RNAseq.g24152.t1","Cluster 1"
"Pocillopora_acuta_HIv2___RNAseq.g24162.t1","Pocillopora_acuta_HIv2___RNAseq.g24162.t1","Cluster 5"
"Pocillopora_acuta_HIv2___RNAseq.g24176.t1","Pocillopora_acuta_HIv2___RNAseq.g24176.t1","Cluster 6"
"Pocillopora_acuta_HIv2___RNAseq.g24178.t1","Pocillopora_acuta_HIv2___RNAseq.g24178.t1","Cluster 6"
"Pocillopora_acuta_HIv2___RNAseq.g24179.t1","Pocillopora_acuta_HIv2___RNAseq.g24179.t1","Cluster 6"
"Pocillopora_acuta_HIv2___RNAseq.g24195.t1","Pocillopora_acuta_HIv2___RNAseq.g24195.t1","Cluster 2"
"Pocillopora_acuta_HIv2___RNAseq.g24219.t1","Pocillopora_acuta_HIv2___RNAseq.g24219.t1","Cluster 1"
"Pocillopora_acuta_HIv2___RNAseq.g24237.t1","Pocillopora_acuta_HIv2___RNAseq.g24237.t1","Cluster 5"
"Pocillopora_acuta_HIv2___RNAseq.g24282.t1","Pocillopora_acuta_HIv2___RNAseq.g24282.t1","Cluster 1"
"Pocillopora_acuta_HIv2___RNAseq.g243.t1","Pocillopora_acuta_HIv2___RNAseq.g243.t1","Cluster 1"
"Pocillopora_acuta_HIv2___RNAseq.g24310.t1","Pocillopora_acuta_HIv2___RNAseq.g24310.t1","Cluster 1"
"Pocillopora_acuta_HIv2___RNAseq.g24330.t1","Pocillopora_acuta_HIv2___RNAseq.g24330.t1","Cluster 2"
"Pocillopora_acuta_HIv2___RNAseq.g24363.t1","Pocillopora_acuta_HIv2___RNAseq.g24363.t1","Cluster 3"
"Pocillopora_acuta_HIv2___RNAseq.g24364.t1","Pocillopora_acuta_HIv2___RNAseq.g24364.t1","Cluster 2"
"Pocillopora_acuta_HIv2___RNAseq.g24366.t1","Pocillopora_acuta_HIv2___RNAseq.g24366.t1","Cluster 6"
"Pocillopora_acuta_HIv2___RNAseq.g24379.t1","Pocillopora_acuta_HIv2___RNAseq.g24379.t1","Cluster 1"
"Pocillopora_acuta_HIv2___RNAseq.g24385.t1","Pocillopora_acuta_HIv2___RNAseq.g24385.t1","Cluster 5"
"Pocillopora_acuta_HIv2___RNAseq.g24413.t1","Pocillopora_acuta_HIv2___RNAseq.g24413.t1","Cluster 1"
"Pocillopora_acuta_HIv2___RNAseq.g24445.t1","Pocillopora_acuta_HIv2___RNAseq.g24445.t1","Cluster 5"
"Pocillopora_acuta_HIv2___RNAseq.g24446.t1","Pocillopora_acuta_HIv2___RNAseq.g24446.t1","Cluster 1"
"Pocillopora_acuta_HIv2___RNAseq.g2451.t1","Pocillopora_acuta_HIv2___RNAseq.g2451.t1","Cluster 5"
"Pocillopora_acuta_HIv2___RNAseq.g24537.t1","Pocillopora_acuta_HIv2___RNAseq.g24537.t1","Cluster 5"
"Pocillopora_acuta_HIv2___RNAseq.g24543.t1","Pocillopora_acuta_HIv2___RNAseq.g24543.t1","Cluster 1"
"Pocillopora_acuta_HIv2___RNAseq.g24544.t1","Pocillopora_acuta_HIv2___RNAseq.g24544.t1","Cluster 3"
"Pocillopora_acuta_HIv2___RNAseq.g24553.t1","Pocillopora_acuta_HIv2___RNAseq.g24553.t1","Cluster 4"
"Pocillopora_acuta_HIv2___RNAseq.g2460.t1","Pocillopora_acuta_HIv2___RNAseq.g2460.t1","Cluster 2"
"Pocillopora_acuta_HIv2___RNAseq.g24622.t1","Pocillopora_acuta_HIv2___RNAseq.g24622.t1","Cluster 5"
"Pocillopora_acuta_HIv2___RNAseq.g24632.t1","Pocillopora_acuta_HIv2___RNAseq.g24632.t1","Cluster 1"
"Pocillopora_acuta_HIv2___RNAseq.g24649.t1","Pocillopora_acuta_HIv2___RNAseq.g24649.t1","Cluster 1"
"Pocillopora_acuta_HIv2___RNAseq.g24650.t1","Pocillopora_acuta_HIv2___RNAseq.g24650.t1","Cluster 5"
"Pocillopora_acuta_HIv2___RNAseq.g24666.t1","Pocillopora_acuta_HIv2___RNAseq.g24666.t1","Cluster 1"
"Pocillopora_acuta_HIv2___RNAseq.g24672.t1","Pocillopora_acuta_HIv2___RNAseq.g24672.t1","Cluster 3"
"Pocillopora_acuta_HIv2___RNAseq.g24687.t1","Pocillopora_acuta_HIv2___RNAseq.g24687.t1","Cluster 3"
"Pocillopora_acuta_HIv2___RNAseq.g24688.t1","Pocillopora_acuta_HIv2___RNAseq.g24688.t1","Cluster 3"
"Pocillopora_acuta_HIv2___RNAseq.g24694.t1","Pocillopora_acuta_HIv2___RNAseq.g24694.t1","Cluster 2"
"Pocillopora_acuta_HIv2___RNAseq.g24700.t1","Pocillopora_acuta_HIv2___RNAseq.g24700.t1","Cluster 3"
"Pocillopora_acuta_HIv2___RNAseq.g24740.t1","Pocillopora_acuta_HIv2___RNAseq.g24740.t1","Cluster 3"
"Pocillopora_acuta_HIv2___RNAseq.g24746.t1","Pocillopora_acuta_HIv2___RNAseq.g24746.t1","Cluster 2"
"Pocillopora_acuta_HIv2___RNAseq.g2476.t1","Pocillopora_acuta_HIv2___RNAseq.g2476.t1","Cluster 3"
"Pocillopora_acuta_HIv2___RNAseq.g24761.t1","Pocillopora_acuta_HIv2___RNAseq.g24761.t1","Cluster 3"
"Pocillopora_acuta_HIv2___RNAseq.g24766.t1","Pocillopora_acuta_HIv2___RNAseq.g24766.t1","Cluster 3"
"Pocillopora_acuta_HIv2___RNAseq.g24776.t1","Pocillopora_acuta_HIv2___RNAseq.g24776.t1","Cluster 6"
"Pocillopora_acuta_HIv2___RNAseq.g24781.t1","Pocillopora_acuta_HIv2___RNAseq.g24781.t1","Cluster 1"
"Pocillopora_acuta_HIv2___RNAseq.g24807.t1","Pocillopora_acuta_HIv2___RNAseq.g24807.t1","Cluster 4"
"Pocillopora_acuta_HIv2___RNAseq.g24816.t1","Pocillopora_acuta_HIv2___RNAseq.g24816.t1","Cluster 3"
"Pocillopora_acuta_HIv2___RNAseq.g24835.t1","Pocillopora_acuta_HIv2___RNAseq.g24835.t1","Cluster 2"
"Pocillopora_acuta_HIv2___RNAseq.g24842.t1","Pocillopora_acuta_HIv2___RNAseq.g24842.t1","Cluster 3"
"Pocillopora_acuta_HIv2___RNAseq.g24868.t1","Pocillopora_acuta_HIv2___RNAseq.g24868.t1","Cluster 4"
"Pocillopora_acuta_HIv2___RNAseq.g24877.t1","Pocillopora_acuta_HIv2___RNAseq.g24877.t1","Cluster 4"
"Pocillopora_acuta_HIv2___RNAseq.g24879.t1","Pocillopora_acuta_HIv2___RNAseq.g24879.t1","Cluster 3"
"Pocillopora_acuta_HIv2___RNAseq.g24880.t1","Pocillopora_acuta_HIv2___RNAseq.g24880.t1","Cluster 2"
"Pocillopora_acuta_HIv2___RNAseq.g24882.t1","Pocillopora_acuta_HIv2___RNAseq.g24882.t1","Cluster 2"
"Pocillopora_acuta_HIv2___RNAseq.g24895.t1","Pocillopora_acuta_HIv2___RNAseq.g24895.t1","Cluster 3"
"Pocillopora_acuta_HIv2___RNAseq.g24903.t1","Pocillopora_acuta_HIv2___RNAseq.g24903.t1","Cluster 3"
"Pocillopora_acuta_HIv2___RNAseq.g24912.t1","Pocillopora_acuta_HIv2___RNAseq.g24912.t1","Cluster 1"
"Pocillopora_acuta_HIv2___RNAseq.g24931.t1","Pocillopora_acuta_HIv2___RNAseq.g24931.t1","Cluster 3"
"Pocillopora_acuta_HIv2___RNAseq.g24949.t1","Pocillopora_acuta_HIv2___RNAseq.g24949.t1","Cluster 3"
"Pocillopora_acuta_HIv2___RNAseq.g2495.t1","Pocillopora_acuta_HIv2___RNAseq.g2495.t1","Cluster 3"
"Pocillopora_acuta_HIv2___RNAseq.g24960.t1","Pocillopora_acuta_HIv2___RNAseq.g24960.t1","Cluster 4"
"Pocillopora_acuta_HIv2___RNAseq.g24995.t2a","Pocillopora_acuta_HIv2___RNAseq.g24995.t2a","Cluster 3"
"Pocillopora_acuta_HIv2___RNAseq.g25004.t1","Pocillopora_acuta_HIv2___RNAseq.g25004.t1","Cluster 5"
"Pocillopora_acuta_HIv2___RNAseq.g25011.t1","Pocillopora_acuta_HIv2___RNAseq.g25011.t1","Cluster 1"
"Pocillopora_acuta_HIv2___RNAseq.g25016.t1","Pocillopora_acuta_HIv2___RNAseq.g25016.t1","Cluster 4"
"Pocillopora_acuta_HIv2___RNAseq.g25021.t1","Pocillopora_acuta_HIv2___RNAseq.g25021.t1","Cluster 5"
"Pocillopora_acuta_HIv2___RNAseq.g25026.t1","Pocillopora_acuta_HIv2___RNAseq.g25026.t1","Cluster 3"
"Pocillopora_acuta_HIv2___RNAseq.g25027.t1","Pocillopora_acuta_HIv2___RNAseq.g25027.t1","Cluster 2"
"Pocillopora_acuta_HIv2___RNAseq.g25038.t1","Pocillopora_acuta_HIv2___RNAseq.g25038.t1","Cluster 4"
"Pocillopora_acuta_HIv2___RNAseq.g25039.t1","Pocillopora_acuta_HIv2___RNAseq.g25039.t1","Cluster 3"
"Pocillopora_acuta_HIv2___RNAseq.g25043.t1","Pocillopora_acuta_HIv2___RNAseq.g25043.t1","Cluster 1"
"Pocillopora_acuta_HIv2___RNAseq.g25045.t1","Pocillopora_acuta_HIv2___RNAseq.g25045.t1","Cluster 1"
"Pocillopora_acuta_HIv2___RNAseq.g2509.t1","Pocillopora_acuta_HIv2___RNAseq.g2509.t1","Cluster 2"
"Pocillopora_acuta_HIv2___RNAseq.g25129.t2","Pocillopora_acuta_HIv2___RNAseq.g25129.t2","Cluster 3"
"Pocillopora_acuta_HIv2___RNAseq.g25143.t1","Pocillopora_acuta_HIv2___RNAseq.g25143.t1","Cluster 3"
"Pocillopora_acuta_HIv2___RNAseq.g25144.t1","Pocillopora_acuta_HIv2___RNAseq.g25144.t1","Cluster 4"
"Pocillopora_acuta_HIv2___RNAseq.g25145.t1","Pocillopora_acuta_HIv2___RNAseq.g25145.t1","Cluster 5"
"Pocillopora_acuta_HIv2___RNAseq.g25160.t1","Pocillopora_acuta_HIv2___RNAseq.g25160.t1","Cluster 3"
"Pocillopora_acuta_HIv2___RNAseq.g25169.t1","Pocillopora_acuta_HIv2___RNAseq.g25169.t1","Cluster 5"
"Pocillopora_acuta_HIv2___RNAseq.g25174.t1","Pocillopora_acuta_HIv2___RNAseq.g25174.t1","Cluster 1"
"Pocillopora_acuta_HIv2___RNAseq.g25181.t1","Pocillopora_acuta_HIv2___RNAseq.g25181.t1","Cluster 1"
"Pocillopora_acuta_HIv2___RNAseq.g25184.t1","Pocillopora_acuta_HIv2___RNAseq.g25184.t1","Cluster 6"
"Pocillopora_acuta_HIv2___RNAseq.g25206.t1","Pocillopora_acuta_HIv2___RNAseq.g25206.t1","Cluster 4"
"Pocillopora_acuta_HIv2___RNAseq.g2521.t1","Pocillopora_acuta_HIv2___RNAseq.g2521.t1","Cluster 1"
"Pocillopora_acuta_HIv2___RNAseq.g25220.t1","Pocillopora_acuta_HIv2___RNAseq.g25220.t1","Cluster 6"
"Pocillopora_acuta_HIv2___RNAseq.g25229.t1","Pocillopora_acuta_HIv2___RNAseq.g25229.t1","Cluster 3"
"Pocillopora_acuta_HIv2___RNAseq.g25261.t1","Pocillopora_acuta_HIv2___RNAseq.g25261.t1","Cluster 2"
"Pocillopora_acuta_HIv2___RNAseq.g25265.t1","Pocillopora_acuta_HIv2___RNAseq.g25265.t1","Cluster 6"
"Pocillopora_acuta_HIv2___RNAseq.g25269.t1","Pocillopora_acuta_HIv2___RNAseq.g25269.t1","Cluster 2"
"Pocillopora_acuta_HIv2___RNAseq.g25318.t1","Pocillopora_acuta_HIv2___RNAseq.g25318.t1","Cluster 2"
"Pocillopora_acuta_HIv2___RNAseq.g25324.t1","Pocillopora_acuta_HIv2___RNAseq.g25324.t1","Cluster 5"
"Pocillopora_acuta_HIv2___RNAseq.g25335.t1","Pocillopora_acuta_HIv2___RNAseq.g25335.t1","Cluster 1"
"Pocillopora_acuta_HIv2___RNAseq.g25345.t1","Pocillopora_acuta_HIv2___RNAseq.g25345.t1","Cluster 6"
"Pocillopora_acuta_HIv2___RNAseq.g25351.t1","Pocillopora_acuta_HIv2___RNAseq.g25351.t1","Cluster 3"
"Pocillopora_acuta_HIv2___RNAseq.g25362.t1","Pocillopora_acuta_HIv2___RNAseq.g25362.t1","Cluster 2"
"Pocillopora_acuta_HIv2___RNAseq.g25376.t1","Pocillopora_acuta_HIv2___RNAseq.g25376.t1","Cluster 4"
"Pocillopora_acuta_HIv2___RNAseq.g25387.t1","Pocillopora_acuta_HIv2___RNAseq.g25387.t1","Cluster 5"
"Pocillopora_acuta_HIv2___RNAseq.g25425.t1","Pocillopora_acuta_HIv2___RNAseq.g25425.t1","Cluster 2"
"Pocillopora_acuta_HIv2___RNAseq.g25429.t1","Pocillopora_acuta_HIv2___RNAseq.g25429.t1","Cluster 4"
"Pocillopora_acuta_HIv2___RNAseq.g2544.t1","Pocillopora_acuta_HIv2___RNAseq.g2544.t1","Cluster 4"
"Pocillopora_acuta_HIv2___RNAseq.g25454.t1","Pocillopora_acuta_HIv2___RNAseq.g25454.t1","Cluster 2"
"Pocillopora_acuta_HIv2___RNAseq.g25479.t1","Pocillopora_acuta_HIv2___RNAseq.g25479.t1","Cluster 3"
"Pocillopora_acuta_HIv2___RNAseq.g25491.t1","Pocillopora_acuta_HIv2___RNAseq.g25491.t1","Cluster 5"
"Pocillopora_acuta_HIv2___RNAseq.g25494.t1","Pocillopora_acuta_HIv2___RNAseq.g25494.t1","Cluster 2"
"Pocillopora_acuta_HIv2___RNAseq.g25497.t1","Pocillopora_acuta_HIv2___RNAseq.g25497.t1","Cluster 3"
"Pocillopora_acuta_HIv2___RNAseq.g25526.t1a","Pocillopora_acuta_HIv2___RNAseq.g25526.t1a","Cluster 6"
"Pocillopora_acuta_HIv2___RNAseq.g25566.t1","Pocillopora_acuta_HIv2___RNAseq.g25566.t1","Cluster 5"
"Pocillopora_acuta_HIv2___RNAseq.g25574.t1","Pocillopora_acuta_HIv2___RNAseq.g25574.t1","Cluster 4"
"Pocillopora_acuta_HIv2___RNAseq.g25601.t1","Pocillopora_acuta_HIv2___RNAseq.g25601.t1","Cluster 6"
"Pocillopora_acuta_HIv2___RNAseq.g25622.t1","Pocillopora_acuta_HIv2___RNAseq.g25622.t1","Cluster 3"
"Pocillopora_acuta_HIv2___RNAseq.g25671.t2","Pocillopora_acuta_HIv2___RNAseq.g25671.t2","Cluster 1"
"Pocillopora_acuta_HIv2___RNAseq.g25694.t1","Pocillopora_acuta_HIv2___RNAseq.g25694.t1","Cluster 3"
"Pocillopora_acuta_HIv2___RNAseq.g25695.t1","Pocillopora_acuta_HIv2___RNAseq.g25695.t1","Cluster 1"
"Pocillopora_acuta_HIv2___RNAseq.g25696.t1","Pocillopora_acuta_HIv2___RNAseq.g25696.t1","Cluster 1"
"Pocillopora_acuta_HIv2___RNAseq.g25706.t1","Pocillopora_acuta_HIv2___RNAseq.g25706.t1","Cluster 2"
"Pocillopora_acuta_HIv2___RNAseq.g25717.t1","Pocillopora_acuta_HIv2___RNAseq.g25717.t1","Cluster 6"
"Pocillopora_acuta_HIv2___RNAseq.g2575.t1a","Pocillopora_acuta_HIv2___RNAseq.g2575.t1a","Cluster 1"
"Pocillopora_acuta_HIv2___RNAseq.g25750.t1","Pocillopora_acuta_HIv2___RNAseq.g25750.t1","Cluster 6"
"Pocillopora_acuta_HIv2___RNAseq.g25774.t1","Pocillopora_acuta_HIv2___RNAseq.g25774.t1","Cluster 1"
"Pocillopora_acuta_HIv2___RNAseq.g25775.t1","Pocillopora_acuta_HIv2___RNAseq.g25775.t1","Cluster 6"
"Pocillopora_acuta_HIv2___RNAseq.g25795.t1","Pocillopora_acuta_HIv2___RNAseq.g25795.t1","Cluster 3"
"Pocillopora_acuta_HIv2___RNAseq.g25801.t1","Pocillopora_acuta_HIv2___RNAseq.g25801.t1","Cluster 1"
"Pocillopora_acuta_HIv2___RNAseq.g25802.t1","Pocillopora_acuta_HIv2___RNAseq.g25802.t1","Cluster 6"
"Pocillopora_acuta_HIv2___RNAseq.g25812.t1","Pocillopora_acuta_HIv2___RNAseq.g25812.t1","Cluster 6"
"Pocillopora_acuta_HIv2___RNAseq.g25827.t1","Pocillopora_acuta_HIv2___RNAseq.g25827.t1","Cluster 1"
"Pocillopora_acuta_HIv2___RNAseq.g25854.t1","Pocillopora_acuta_HIv2___RNAseq.g25854.t1","Cluster 4"
"Pocillopora_acuta_HIv2___RNAseq.g25859.t1","Pocillopora_acuta_HIv2___RNAseq.g25859.t1","Cluster 4"
"Pocillopora_acuta_HIv2___RNAseq.g25884.t1","Pocillopora_acuta_HIv2___RNAseq.g25884.t1","Cluster 1"
"Pocillopora_acuta_HIv2___RNAseq.g25887.t1","Pocillopora_acuta_HIv2___RNAseq.g25887.t1","Cluster 5"
"Pocillopora_acuta_HIv2___RNAseq.g25893.t1","Pocillopora_acuta_HIv2___RNAseq.g25893.t1","Cluster 6"
"Pocillopora_acuta_HIv2___RNAseq.g25898.t1a","Pocillopora_acuta_HIv2___RNAseq.g25898.t1a","Cluster 1"
"Pocillopora_acuta_HIv2___RNAseq.g25924.t1","Pocillopora_acuta_HIv2___RNAseq.g25924.t1","Cluster 2"
"Pocillopora_acuta_HIv2___RNAseq.g25935.t1","Pocillopora_acuta_HIv2___RNAseq.g25935.t1","Cluster 3"
"Pocillopora_acuta_HIv2___RNAseq.g25954.t1","Pocillopora_acuta_HIv2___RNAseq.g25954.t1","Cluster 1"
"Pocillopora_acuta_HIv2___RNAseq.g25968.t1","Pocillopora_acuta_HIv2___RNAseq.g25968.t1","Cluster 6"
"Pocillopora_acuta_HIv2___RNAseq.g25979.t1a","Pocillopora_acuta_HIv2___RNAseq.g25979.t1a","Cluster 6"
"Pocillopora_acuta_HIv2___RNAseq.g25991.t1","Pocillopora_acuta_HIv2___RNAseq.g25991.t1","Cluster 2"
"Pocillopora_acuta_HIv2___RNAseq.g25996.t1","Pocillopora_acuta_HIv2___RNAseq.g25996.t1","Cluster 3"
"Pocillopora_acuta_HIv2___RNAseq.g25997.t1","Pocillopora_acuta_HIv2___RNAseq.g25997.t1","Cluster 1"
"Pocillopora_acuta_HIv2___RNAseq.g26004.t1","Pocillopora_acuta_HIv2___RNAseq.g26004.t1","Cluster 3"
"Pocillopora_acuta_HIv2___RNAseq.g26024.t1","Pocillopora_acuta_HIv2___RNAseq.g26024.t1","Cluster 4"
"Pocillopora_acuta_HIv2___RNAseq.g26038.t1","Pocillopora_acuta_HIv2___RNAseq.g26038.t1","Cluster 3"
"Pocillopora_acuta_HIv2___RNAseq.g26056.t1","Pocillopora_acuta_HIv2___RNAseq.g26056.t1","Cluster 3"
"Pocillopora_acuta_HIv2___RNAseq.g26104.t1","Pocillopora_acuta_HIv2___RNAseq.g26104.t1","Cluster 4"
"Pocillopora_acuta_HIv2___RNAseq.g26117.t1b","Pocillopora_acuta_HIv2___RNAseq.g26117.t1b","Cluster 4"
"Pocillopora_acuta_HIv2___RNAseq.g26120.t1","Pocillopora_acuta_HIv2___RNAseq.g26120.t1","Cluster 2"
"Pocillopora_acuta_HIv2___RNAseq.g26123.t1","Pocillopora_acuta_HIv2___RNAseq.g26123.t1","Cluster 2"
"Pocillopora_acuta_HIv2___RNAseq.g26136.t1","Pocillopora_acuta_HIv2___RNAseq.g26136.t1","Cluster 1"
"Pocillopora_acuta_HIv2___RNAseq.g26167.t1","Pocillopora_acuta_HIv2___RNAseq.g26167.t1","Cluster 3"
"Pocillopora_acuta_HIv2___RNAseq.g26183.t1","Pocillopora_acuta_HIv2___RNAseq.g26183.t1","Cluster 3"
"Pocillopora_acuta_HIv2___RNAseq.g26189.t1","Pocillopora_acuta_HIv2___RNAseq.g26189.t1","Cluster 5"
"Pocillopora_acuta_HIv2___RNAseq.g26193.t1","Pocillopora_acuta_HIv2___RNAseq.g26193.t1","Cluster 2"
"Pocillopora_acuta_HIv2___RNAseq.g26221.t1","Pocillopora_acuta_HIv2___RNAseq.g26221.t1","Cluster 1"
"Pocillopora_acuta_HIv2___RNAseq.g26228.t1","Pocillopora_acuta_HIv2___RNAseq.g26228.t1","Cluster 3"
"Pocillopora_acuta_HIv2___RNAseq.g26244.t1","Pocillopora_acuta_HIv2___RNAseq.g26244.t1","Cluster 2"
"Pocillopora_acuta_HIv2___RNAseq.g2625.t1","Pocillopora_acuta_HIv2___RNAseq.g2625.t1","Cluster 2"
"Pocillopora_acuta_HIv2___RNAseq.g26258.t1","Pocillopora_acuta_HIv2___RNAseq.g26258.t1","Cluster 1"
"Pocillopora_acuta_HIv2___RNAseq.g2626.t1","Pocillopora_acuta_HIv2___RNAseq.g2626.t1","Cluster 4"
"Pocillopora_acuta_HIv2___RNAseq.g26265.t1","Pocillopora_acuta_HIv2___RNAseq.g26265.t1","Cluster 2"
"Pocillopora_acuta_HIv2___RNAseq.g26273.t1","Pocillopora_acuta_HIv2___RNAseq.g26273.t1","Cluster 1"
"Pocillopora_acuta_HIv2___RNAseq.g26274.t1","Pocillopora_acuta_HIv2___RNAseq.g26274.t1","Cluster 2"
"Pocillopora_acuta_HIv2___RNAseq.g26283.t1","Pocillopora_acuta_HIv2___RNAseq.g26283.t1","Cluster 6"
"Pocillopora_acuta_HIv2___RNAseq.g26299.t1","Pocillopora_acuta_HIv2___RNAseq.g26299.t1","Cluster 3"
"Pocillopora_acuta_HIv2___RNAseq.g26324.t1","Pocillopora_acuta_HIv2___RNAseq.g26324.t1","Cluster 6"
"Pocillopora_acuta_HIv2___RNAseq.g26335.t1","Pocillopora_acuta_HIv2___RNAseq.g26335.t1","Cluster 6"
"Pocillopora_acuta_HIv2___RNAseq.g26342.t1","Pocillopora_acuta_HIv2___RNAseq.g26342.t1","Cluster 1"
"Pocillopora_acuta_HIv2___RNAseq.g2635.t1","Pocillopora_acuta_HIv2___RNAseq.g2635.t1","Cluster 3"
"Pocillopora_acuta_HIv2___RNAseq.g26350.t1","Pocillopora_acuta_HIv2___RNAseq.g26350.t1","Cluster 1"
"Pocillopora_acuta_HIv2___RNAseq.g26352.t1","Pocillopora_acuta_HIv2___RNAseq.g26352.t1","Cluster 1"
"Pocillopora_acuta_HIv2___RNAseq.g26355.t1","Pocillopora_acuta_HIv2___RNAseq.g26355.t1","Cluster 1"
"Pocillopora_acuta_HIv2___RNAseq.g26378.t1","Pocillopora_acuta_HIv2___RNAseq.g26378.t1","Cluster 3"
"Pocillopora_acuta_HIv2___RNAseq.g26394.t1","Pocillopora_acuta_HIv2___RNAseq.g26394.t1","Cluster 5"
"Pocillopora_acuta_HIv2___RNAseq.g26396.t1","Pocillopora_acuta_HIv2___RNAseq.g26396.t1","Cluster 4"
"Pocillopora_acuta_HIv2___RNAseq.g2640.t1","Pocillopora_acuta_HIv2___RNAseq.g2640.t1","Cluster 1"
"Pocillopora_acuta_HIv2___RNAseq.g26418.t1","Pocillopora_acuta_HIv2___RNAseq.g26418.t1","Cluster 3"
"Pocillopora_acuta_HIv2___RNAseq.g26421.t1","Pocillopora_acuta_HIv2___RNAseq.g26421.t1","Cluster 1"
"Pocillopora_acuta_HIv2___RNAseq.g26459.t1","Pocillopora_acuta_HIv2___RNAseq.g26459.t1","Cluster 1"
"Pocillopora_acuta_HIv2___RNAseq.g26468.t1","Pocillopora_acuta_HIv2___RNAseq.g26468.t1","Cluster 5"
"Pocillopora_acuta_HIv2___RNAseq.g26473.t1","Pocillopora_acuta_HIv2___RNAseq.g26473.t1","Cluster 1"
"Pocillopora_acuta_HIv2___RNAseq.g26507.t1","Pocillopora_acuta_HIv2___RNAseq.g26507.t1","Cluster 1"
"Pocillopora_acuta_HIv2___RNAseq.g26575.t1","Pocillopora_acuta_HIv2___RNAseq.g26575.t1","Cluster 3"
"Pocillopora_acuta_HIv2___RNAseq.g26582.t1","Pocillopora_acuta_HIv2___RNAseq.g26582.t1","Cluster 4"
"Pocillopora_acuta_HIv2___RNAseq.g26586.t1","Pocillopora_acuta_HIv2___RNAseq.g26586.t1","Cluster 1"
"Pocillopora_acuta_HIv2___RNAseq.g26589.t1","Pocillopora_acuta_HIv2___RNAseq.g26589.t1","Cluster 1"
"Pocillopora_acuta_HIv2___RNAseq.g26600.t1","Pocillopora_acuta_HIv2___RNAseq.g26600.t1","Cluster 3"
"Pocillopora_acuta_HIv2___RNAseq.g26605.t1","Pocillopora_acuta_HIv2___RNAseq.g26605.t1","Cluster 1"
"Pocillopora_acuta_HIv2___RNAseq.g26608.t1","Pocillopora_acuta_HIv2___RNAseq.g26608.t1","Cluster 5"
"Pocillopora_acuta_HIv2___RNAseq.g26609.t2","Pocillopora_acuta_HIv2___RNAseq.g26609.t2","Cluster 2"
"Pocillopora_acuta_HIv2___RNAseq.g26672.t1","Pocillopora_acuta_HIv2___RNAseq.g26672.t1","Cluster 6"
"Pocillopora_acuta_HIv2___RNAseq.g26706.t1","Pocillopora_acuta_HIv2___RNAseq.g26706.t1","Cluster 5"
"Pocillopora_acuta_HIv2___RNAseq.g26725.t1","Pocillopora_acuta_HIv2___RNAseq.g26725.t1","Cluster 1"
"Pocillopora_acuta_HIv2___RNAseq.g26731.t2","Pocillopora_acuta_HIv2___RNAseq.g26731.t2","Cluster 2"
"Pocillopora_acuta_HIv2___RNAseq.g26735.t1","Pocillopora_acuta_HIv2___RNAseq.g26735.t1","Cluster 1"
"Pocillopora_acuta_HIv2___RNAseq.g26738.t1","Pocillopora_acuta_HIv2___RNAseq.g26738.t1","Cluster 3"
"Pocillopora_acuta_HIv2___RNAseq.g2676.t1","Pocillopora_acuta_HIv2___RNAseq.g2676.t1","Cluster 2"
"Pocillopora_acuta_HIv2___RNAseq.g26767.t1","Pocillopora_acuta_HIv2___RNAseq.g26767.t1","Cluster 3"
"Pocillopora_acuta_HIv2___RNAseq.g26772.t1","Pocillopora_acuta_HIv2___RNAseq.g26772.t1","Cluster 4"
"Pocillopora_acuta_HIv2___RNAseq.g26775.t1","Pocillopora_acuta_HIv2___RNAseq.g26775.t1","Cluster 5"
"Pocillopora_acuta_HIv2___RNAseq.g26783.t1","Pocillopora_acuta_HIv2___RNAseq.g26783.t1","Cluster 6"
"Pocillopora_acuta_HIv2___RNAseq.g26794.t1","Pocillopora_acuta_HIv2___RNAseq.g26794.t1","Cluster 2"
"Pocillopora_acuta_HIv2___RNAseq.g2681.t1","Pocillopora_acuta_HIv2___RNAseq.g2681.t1","Cluster 2"
"Pocillopora_acuta_HIv2___RNAseq.g26845.t1","Pocillopora_acuta_HIv2___RNAseq.g26845.t1","Cluster 3"
"Pocillopora_acuta_HIv2___RNAseq.g26846.t1a","Pocillopora_acuta_HIv2___RNAseq.g26846.t1a","Cluster 1"
"Pocillopora_acuta_HIv2___RNAseq.g26851.t1","Pocillopora_acuta_HIv2___RNAseq.g26851.t1","Cluster 4"
"Pocillopora_acuta_HIv2___RNAseq.g2686.t1","Pocillopora_acuta_HIv2___RNAseq.g2686.t1","Cluster 2"
"Pocillopora_acuta_HIv2___RNAseq.g26896.t1","Pocillopora_acuta_HIv2___RNAseq.g26896.t1","Cluster 1"
"Pocillopora_acuta_HIv2___RNAseq.g26932.t1","Pocillopora_acuta_HIv2___RNAseq.g26932.t1","Cluster 3"
"Pocillopora_acuta_HIv2___RNAseq.g2695.t1","Pocillopora_acuta_HIv2___RNAseq.g2695.t1","Cluster 2"
"Pocillopora_acuta_HIv2___RNAseq.g26950.t1","Pocillopora_acuta_HIv2___RNAseq.g26950.t1","Cluster 5"
"Pocillopora_acuta_HIv2___RNAseq.g26954.t1","Pocillopora_acuta_HIv2___RNAseq.g26954.t1","Cluster 1"
"Pocillopora_acuta_HIv2___RNAseq.g26956.t1","Pocillopora_acuta_HIv2___RNAseq.g26956.t1","Cluster 3"
"Pocillopora_acuta_HIv2___RNAseq.g26961.t1","Pocillopora_acuta_HIv2___RNAseq.g26961.t1","Cluster 1"
"Pocillopora_acuta_HIv2___RNAseq.g26988.t1","Pocillopora_acuta_HIv2___RNAseq.g26988.t1","Cluster 2"
"Pocillopora_acuta_HIv2___RNAseq.g27005.t1","Pocillopora_acuta_HIv2___RNAseq.g27005.t1","Cluster 3"
"Pocillopora_acuta_HIv2___RNAseq.g27026.t1","Pocillopora_acuta_HIv2___RNAseq.g27026.t1","Cluster 2"
"Pocillopora_acuta_HIv2___RNAseq.g27031.t1","Pocillopora_acuta_HIv2___RNAseq.g27031.t1","Cluster 4"
"Pocillopora_acuta_HIv2___RNAseq.g27033.t2a","Pocillopora_acuta_HIv2___RNAseq.g27033.t2a","Cluster 3"
"Pocillopora_acuta_HIv2___RNAseq.g27036.t1","Pocillopora_acuta_HIv2___RNAseq.g27036.t1","Cluster 1"
"Pocillopora_acuta_HIv2___RNAseq.g27064.t1","Pocillopora_acuta_HIv2___RNAseq.g27064.t1","Cluster 3"
"Pocillopora_acuta_HIv2___RNAseq.g27066.t1","Pocillopora_acuta_HIv2___RNAseq.g27066.t1","Cluster 6"
"Pocillopora_acuta_HIv2___RNAseq.g27067.t1","Pocillopora_acuta_HIv2___RNAseq.g27067.t1","Cluster 4"
"Pocillopora_acuta_HIv2___RNAseq.g2707.t1","Pocillopora_acuta_HIv2___RNAseq.g2707.t1","Cluster 4"
"Pocillopora_acuta_HIv2___RNAseq.g27082.t1","Pocillopora_acuta_HIv2___RNAseq.g27082.t1","Cluster 5"
"Pocillopora_acuta_HIv2___RNAseq.g27084.t1c","Pocillopora_acuta_HIv2___RNAseq.g27084.t1c","Cluster 2"
"Pocillopora_acuta_HIv2___RNAseq.g27090.t1","Pocillopora_acuta_HIv2___RNAseq.g27090.t1","Cluster 5"
"Pocillopora_acuta_HIv2___RNAseq.g27101.t1","Pocillopora_acuta_HIv2___RNAseq.g27101.t1","Cluster 6"
"Pocillopora_acuta_HIv2___RNAseq.g27103.t1","Pocillopora_acuta_HIv2___RNAseq.g27103.t1","Cluster 6"
"Pocillopora_acuta_HIv2___RNAseq.g27200.t1","Pocillopora_acuta_HIv2___RNAseq.g27200.t1","Cluster 6"
"Pocillopora_acuta_HIv2___RNAseq.g27214.t1","Pocillopora_acuta_HIv2___RNAseq.g27214.t1","Cluster 2"
"Pocillopora_acuta_HIv2___RNAseq.g27217.t1","Pocillopora_acuta_HIv2___RNAseq.g27217.t1","Cluster 2"
"Pocillopora_acuta_HIv2___RNAseq.g27223.t1","Pocillopora_acuta_HIv2___RNAseq.g27223.t1","Cluster 6"
"Pocillopora_acuta_HIv2___RNAseq.g27279.t1","Pocillopora_acuta_HIv2___RNAseq.g27279.t1","Cluster 3"
"Pocillopora_acuta_HIv2___RNAseq.g2729.t1","Pocillopora_acuta_HIv2___RNAseq.g2729.t1","Cluster 5"
"Pocillopora_acuta_HIv2___RNAseq.g27332.t1","Pocillopora_acuta_HIv2___RNAseq.g27332.t1","Cluster 3"
"Pocillopora_acuta_HIv2___RNAseq.g27337.t1","Pocillopora_acuta_HIv2___RNAseq.g27337.t1","Cluster 3"
"Pocillopora_acuta_HIv2___RNAseq.g27339.t1b","Pocillopora_acuta_HIv2___RNAseq.g27339.t1b","Cluster 3"
"Pocillopora_acuta_HIv2___RNAseq.g2735.t1","Pocillopora_acuta_HIv2___RNAseq.g2735.t1","Cluster 3"
"Pocillopora_acuta_HIv2___RNAseq.g2736.t1","Pocillopora_acuta_HIv2___RNAseq.g2736.t1","Cluster 6"
"Pocillopora_acuta_HIv2___RNAseq.g27364.t1","Pocillopora_acuta_HIv2___RNAseq.g27364.t1","Cluster 5"
"Pocillopora_acuta_HIv2___RNAseq.g27381.t1","Pocillopora_acuta_HIv2___RNAseq.g27381.t1","Cluster 3"
"Pocillopora_acuta_HIv2___RNAseq.g27406.t1","Pocillopora_acuta_HIv2___RNAseq.g27406.t1","Cluster 4"
"Pocillopora_acuta_HIv2___RNAseq.g27408.t1","Pocillopora_acuta_HIv2___RNAseq.g27408.t1","Cluster 3"
"Pocillopora_acuta_HIv2___RNAseq.g27422.t1","Pocillopora_acuta_HIv2___RNAseq.g27422.t1","Cluster 3"
"Pocillopora_acuta_HIv2___RNAseq.g27475.t1","Pocillopora_acuta_HIv2___RNAseq.g27475.t1","Cluster 6"
"Pocillopora_acuta_HIv2___RNAseq.g27499.t1","Pocillopora_acuta_HIv2___RNAseq.g27499.t1","Cluster 2"
"Pocillopora_acuta_HIv2___RNAseq.g27523.t1","Pocillopora_acuta_HIv2___RNAseq.g27523.t1","Cluster 3"
"Pocillopora_acuta_HIv2___RNAseq.g27533.t1","Pocillopora_acuta_HIv2___RNAseq.g27533.t1","Cluster 5"
"Pocillopora_acuta_HIv2___RNAseq.g27535.t1","Pocillopora_acuta_HIv2___RNAseq.g27535.t1","Cluster 3"
"Pocillopora_acuta_HIv2___RNAseq.g27549.t1","Pocillopora_acuta_HIv2___RNAseq.g27549.t1","Cluster 1"
"Pocillopora_acuta_HIv2___RNAseq.g27588.t1","Pocillopora_acuta_HIv2___RNAseq.g27588.t1","Cluster 6"
"Pocillopora_acuta_HIv2___RNAseq.g27591.t1","Pocillopora_acuta_HIv2___RNAseq.g27591.t1","Cluster 3"
"Pocillopora_acuta_HIv2___RNAseq.g27598.t1","Pocillopora_acuta_HIv2___RNAseq.g27598.t1","Cluster 4"
"Pocillopora_acuta_HIv2___RNAseq.g27619.t1","Pocillopora_acuta_HIv2___RNAseq.g27619.t1","Cluster 3"
"Pocillopora_acuta_HIv2___RNAseq.g27639.t1","Pocillopora_acuta_HIv2___RNAseq.g27639.t1","Cluster 2"
"Pocillopora_acuta_HIv2___RNAseq.g27668.t1","Pocillopora_acuta_HIv2___RNAseq.g27668.t1","Cluster 1"
"Pocillopora_acuta_HIv2___RNAseq.g27694.t1","Pocillopora_acuta_HIv2___RNAseq.g27694.t1","Cluster 1"
"Pocillopora_acuta_HIv2___RNAseq.g27697.t1","Pocillopora_acuta_HIv2___RNAseq.g27697.t1","Cluster 3"
"Pocillopora_acuta_HIv2___RNAseq.g27702.t1","Pocillopora_acuta_HIv2___RNAseq.g27702.t1","Cluster 6"
"Pocillopora_acuta_HIv2___RNAseq.g27739.t1","Pocillopora_acuta_HIv2___RNAseq.g27739.t1","Cluster 5"
"Pocillopora_acuta_HIv2___RNAseq.g2776.t1","Pocillopora_acuta_HIv2___RNAseq.g2776.t1","Cluster 5"
"Pocillopora_acuta_HIv2___RNAseq.g27786.t1","Pocillopora_acuta_HIv2___RNAseq.g27786.t1","Cluster 2"
"Pocillopora_acuta_HIv2___RNAseq.g27793.t1","Pocillopora_acuta_HIv2___RNAseq.g27793.t1","Cluster 6"
"Pocillopora_acuta_HIv2___RNAseq.g27801.t1","Pocillopora_acuta_HIv2___RNAseq.g27801.t1","Cluster 3"
"Pocillopora_acuta_HIv2___RNAseq.g27806.t1","Pocillopora_acuta_HIv2___RNAseq.g27806.t1","Cluster 1"
"Pocillopora_acuta_HIv2___RNAseq.g27812.t1","Pocillopora_acuta_HIv2___RNAseq.g27812.t1","Cluster 5"
"Pocillopora_acuta_HIv2___RNAseq.g27816.t1","Pocillopora_acuta_HIv2___RNAseq.g27816.t1","Cluster 5"
"Pocillopora_acuta_HIv2___RNAseq.g27838.t1","Pocillopora_acuta_HIv2___RNAseq.g27838.t1","Cluster 4"
"Pocillopora_acuta_HIv2___RNAseq.g27839.t1","Pocillopora_acuta_HIv2___RNAseq.g27839.t1","Cluster 1"
"Pocillopora_acuta_HIv2___RNAseq.g2785.t1","Pocillopora_acuta_HIv2___RNAseq.g2785.t1","Cluster 3"
"Pocillopora_acuta_HIv2___RNAseq.g2786.t1","Pocillopora_acuta_HIv2___RNAseq.g2786.t1","Cluster 3"
"Pocillopora_acuta_HIv2___RNAseq.g2787.t1","Pocillopora_acuta_HIv2___RNAseq.g2787.t1","Cluster 3"
"Pocillopora_acuta_HIv2___RNAseq.g27881.t1","Pocillopora_acuta_HIv2___RNAseq.g27881.t1","Cluster 3"
"Pocillopora_acuta_HIv2___RNAseq.g2791.t1","Pocillopora_acuta_HIv2___RNAseq.g2791.t1","Cluster 1"
"Pocillopora_acuta_HIv2___RNAseq.g27920.t1","Pocillopora_acuta_HIv2___RNAseq.g27920.t1","Cluster 3"
"Pocillopora_acuta_HIv2___RNAseq.g2793.t1b","Pocillopora_acuta_HIv2___RNAseq.g2793.t1b","Cluster 5"
"Pocillopora_acuta_HIv2___RNAseq.g27935.t1","Pocillopora_acuta_HIv2___RNAseq.g27935.t1","Cluster 3"
"Pocillopora_acuta_HIv2___RNAseq.g27984.t1","Pocillopora_acuta_HIv2___RNAseq.g27984.t1","Cluster 4"
"Pocillopora_acuta_HIv2___RNAseq.g27995.t1","Pocillopora_acuta_HIv2___RNAseq.g27995.t1","Cluster 5"
"Pocillopora_acuta_HIv2___RNAseq.g28028.t1","Pocillopora_acuta_HIv2___RNAseq.g28028.t1","Cluster 2"
"Pocillopora_acuta_HIv2___RNAseq.g28029.t1","Pocillopora_acuta_HIv2___RNAseq.g28029.t1","Cluster 1"
"Pocillopora_acuta_HIv2___RNAseq.g28031.t2","Pocillopora_acuta_HIv2___RNAseq.g28031.t2","Cluster 3"
"Pocillopora_acuta_HIv2___RNAseq.g28036.t2","Pocillopora_acuta_HIv2___RNAseq.g28036.t2","Cluster 3"
"Pocillopora_acuta_HIv2___RNAseq.g281.t1","Pocillopora_acuta_HIv2___RNAseq.g281.t1","Cluster 6"
"Pocillopora_acuta_HIv2___RNAseq.g2810.t1","Pocillopora_acuta_HIv2___RNAseq.g2810.t1","Cluster 3"
"Pocillopora_acuta_HIv2___RNAseq.g28105.t1","Pocillopora_acuta_HIv2___RNAseq.g28105.t1","Cluster 2"
"Pocillopora_acuta_HIv2___RNAseq.g28108.t1","Pocillopora_acuta_HIv2___RNAseq.g28108.t1","Cluster 1"
"Pocillopora_acuta_HIv2___RNAseq.g2813.t4","Pocillopora_acuta_HIv2___RNAseq.g2813.t4","Cluster 1"
"Pocillopora_acuta_HIv2___RNAseq.g28144.t1","Pocillopora_acuta_HIv2___RNAseq.g28144.t1","Cluster 2"
"Pocillopora_acuta_HIv2___RNAseq.g28146.t1","Pocillopora_acuta_HIv2___RNAseq.g28146.t1","Cluster 5"
"Pocillopora_acuta_HIv2___RNAseq.g28152.t1","Pocillopora_acuta_HIv2___RNAseq.g28152.t1","Cluster 2"
"Pocillopora_acuta_HIv2___RNAseq.g28158.t1","Pocillopora_acuta_HIv2___RNAseq.g28158.t1","Cluster 6"
"Pocillopora_acuta_HIv2___RNAseq.g2816.t1","Pocillopora_acuta_HIv2___RNAseq.g2816.t1","Cluster 2"
"Pocillopora_acuta_HIv2___RNAseq.g28161.t1","Pocillopora_acuta_HIv2___RNAseq.g28161.t1","Cluster 6"
"Pocillopora_acuta_HIv2___RNAseq.g28180.t1","Pocillopora_acuta_HIv2___RNAseq.g28180.t1","Cluster 3"
"Pocillopora_acuta_HIv2___RNAseq.g28187.t1","Pocillopora_acuta_HIv2___RNAseq.g28187.t1","Cluster 5"
"Pocillopora_acuta_HIv2___RNAseq.g28190.t1","Pocillopora_acuta_HIv2___RNAseq.g28190.t1","Cluster 1"
"Pocillopora_acuta_HIv2___RNAseq.g28192.t1","Pocillopora_acuta_HIv2___RNAseq.g28192.t1","Cluster 3"
"Pocillopora_acuta_HIv2___RNAseq.g28197.t1","Pocillopora_acuta_HIv2___RNAseq.g28197.t1","Cluster 5"
"Pocillopora_acuta_HIv2___RNAseq.g28198.t1","Pocillopora_acuta_HIv2___RNAseq.g28198.t1","Cluster 2"
"Pocillopora_acuta_HIv2___RNAseq.g282.t1","Pocillopora_acuta_HIv2___RNAseq.g282.t1","Cluster 6"
"Pocillopora_acuta_HIv2___RNAseq.g28213.t1","Pocillopora_acuta_HIv2___RNAseq.g28213.t1","Cluster 2"
"Pocillopora_acuta_HIv2___RNAseq.g28216.t1","Pocillopora_acuta_HIv2___RNAseq.g28216.t1","Cluster 1"
"Pocillopora_acuta_HIv2___RNAseq.g28251.t1","Pocillopora_acuta_HIv2___RNAseq.g28251.t1","Cluster 3"
"Pocillopora_acuta_HIv2___RNAseq.g28255.t1","Pocillopora_acuta_HIv2___RNAseq.g28255.t1","Cluster 4"
"Pocillopora_acuta_HIv2___RNAseq.g28263.t1","Pocillopora_acuta_HIv2___RNAseq.g28263.t1","Cluster 1"
"Pocillopora_acuta_HIv2___RNAseq.g28282.t1","Pocillopora_acuta_HIv2___RNAseq.g28282.t1","Cluster 3"
"Pocillopora_acuta_HIv2___RNAseq.g28290.t1","Pocillopora_acuta_HIv2___RNAseq.g28290.t1","Cluster 2"
"Pocillopora_acuta_HIv2___RNAseq.g28295.t1","Pocillopora_acuta_HIv2___RNAseq.g28295.t1","Cluster 3"
"Pocillopora_acuta_HIv2___RNAseq.g28297.t1","Pocillopora_acuta_HIv2___RNAseq.g28297.t1","Cluster 3"
"Pocillopora_acuta_HIv2___RNAseq.g283.t1","Pocillopora_acuta_HIv2___RNAseq.g283.t1","Cluster 5"
"Pocillopora_acuta_HIv2___RNAseq.g28309.t1","Pocillopora_acuta_HIv2___RNAseq.g28309.t1","Cluster 1"
"Pocillopora_acuta_HIv2___RNAseq.g28310.t1","Pocillopora_acuta_HIv2___RNAseq.g28310.t1","Cluster 1"
"Pocillopora_acuta_HIv2___RNAseq.g28327.t4","Pocillopora_acuta_HIv2___RNAseq.g28327.t4","Cluster 3"
"Pocillopora_acuta_HIv2___RNAseq.g28338.t1a","Pocillopora_acuta_HIv2___RNAseq.g28338.t1a","Cluster 1"
"Pocillopora_acuta_HIv2___RNAseq.g2835.t1","Pocillopora_acuta_HIv2___RNAseq.g2835.t1","Cluster 2"
"Pocillopora_acuta_HIv2___RNAseq.g2837.t1","Pocillopora_acuta_HIv2___RNAseq.g2837.t1","Cluster 6"
"Pocillopora_acuta_HIv2___RNAseq.g28377.t1","Pocillopora_acuta_HIv2___RNAseq.g28377.t1","Cluster 1"
"Pocillopora_acuta_HIv2___RNAseq.g2838.t1","Pocillopora_acuta_HIv2___RNAseq.g2838.t1","Cluster 1"
"Pocillopora_acuta_HIv2___RNAseq.g28432.t1","Pocillopora_acuta_HIv2___RNAseq.g28432.t1","Cluster 1"
"Pocillopora_acuta_HIv2___RNAseq.g28434.t1","Pocillopora_acuta_HIv2___RNAseq.g28434.t1","Cluster 3"
"Pocillopora_acuta_HIv2___RNAseq.g28455.t1","Pocillopora_acuta_HIv2___RNAseq.g28455.t1","Cluster 1"
"Pocillopora_acuta_HIv2___RNAseq.g28466.t1","Pocillopora_acuta_HIv2___RNAseq.g28466.t1","Cluster 3"
"Pocillopora_acuta_HIv2___RNAseq.g28468.t1","Pocillopora_acuta_HIv2___RNAseq.g28468.t1","Cluster 5"
"Pocillopora_acuta_HIv2___RNAseq.g28473.t1","Pocillopora_acuta_HIv2___RNAseq.g28473.t1","Cluster 6"
"Pocillopora_acuta_HIv2___RNAseq.g28491.t1","Pocillopora_acuta_HIv2___RNAseq.g28491.t1","Cluster 5"
"Pocillopora_acuta_HIv2___RNAseq.g28495.t1","Pocillopora_acuta_HIv2___RNAseq.g28495.t1","Cluster 2"
"Pocillopora_acuta_HIv2___RNAseq.g28575.t1b","Pocillopora_acuta_HIv2___RNAseq.g28575.t1b","Cluster 2"
"Pocillopora_acuta_HIv2___RNAseq.g28577.t1","Pocillopora_acuta_HIv2___RNAseq.g28577.t1","Cluster 2"
"Pocillopora_acuta_HIv2___RNAseq.g28585.t1","Pocillopora_acuta_HIv2___RNAseq.g28585.t1","Cluster 3"
"Pocillopora_acuta_HIv2___RNAseq.g28601.t1","Pocillopora_acuta_HIv2___RNAseq.g28601.t1","Cluster 3"
"Pocillopora_acuta_HIv2___RNAseq.g28607.t1","Pocillopora_acuta_HIv2___RNAseq.g28607.t1","Cluster 2"
"Pocillopora_acuta_HIv2___RNAseq.g28610.t1","Pocillopora_acuta_HIv2___RNAseq.g28610.t1","Cluster 6"
"Pocillopora_acuta_HIv2___RNAseq.g28631.t1a","Pocillopora_acuta_HIv2___RNAseq.g28631.t1a","Cluster 2"
"Pocillopora_acuta_HIv2___RNAseq.g28641.t1","Pocillopora_acuta_HIv2___RNAseq.g28641.t1","Cluster 1"
"Pocillopora_acuta_HIv2___RNAseq.g28668.t1","Pocillopora_acuta_HIv2___RNAseq.g28668.t1","Cluster 3"
"Pocillopora_acuta_HIv2___RNAseq.g28671.t1","Pocillopora_acuta_HIv2___RNAseq.g28671.t1","Cluster 3"
"Pocillopora_acuta_HIv2___RNAseq.g28680.t1","Pocillopora_acuta_HIv2___RNAseq.g28680.t1","Cluster 2"
"Pocillopora_acuta_HIv2___RNAseq.g28705.t1","Pocillopora_acuta_HIv2___RNAseq.g28705.t1","Cluster 4"
"Pocillopora_acuta_HIv2___RNAseq.g28706.t2","Pocillopora_acuta_HIv2___RNAseq.g28706.t2","Cluster 2"
"Pocillopora_acuta_HIv2___RNAseq.g28718.t1","Pocillopora_acuta_HIv2___RNAseq.g28718.t1","Cluster 5"
"Pocillopora_acuta_HIv2___RNAseq.g28721.t1","Pocillopora_acuta_HIv2___RNAseq.g28721.t1","Cluster 5"
"Pocillopora_acuta_HIv2___RNAseq.g28745.t1","Pocillopora_acuta_HIv2___RNAseq.g28745.t1","Cluster 2"
"Pocillopora_acuta_HIv2___RNAseq.g28752.t1","Pocillopora_acuta_HIv2___RNAseq.g28752.t1","Cluster 1"
"Pocillopora_acuta_HIv2___RNAseq.g28755.t1","Pocillopora_acuta_HIv2___RNAseq.g28755.t1","Cluster 1"
"Pocillopora_acuta_HIv2___RNAseq.g28761.t1","Pocillopora_acuta_HIv2___RNAseq.g28761.t1","Cluster 2"
"Pocillopora_acuta_HIv2___RNAseq.g28769.t1","Pocillopora_acuta_HIv2___RNAseq.g28769.t1","Cluster 2"
"Pocillopora_acuta_HIv2___RNAseq.g28774.t1","Pocillopora_acuta_HIv2___RNAseq.g28774.t1","Cluster 2"
"Pocillopora_acuta_HIv2___RNAseq.g28776.t1","Pocillopora_acuta_HIv2___RNAseq.g28776.t1","Cluster 3"
"Pocillopora_acuta_HIv2___RNAseq.g28781.t1","Pocillopora_acuta_HIv2___RNAseq.g28781.t1","Cluster 4"
"Pocillopora_acuta_HIv2___RNAseq.g28792.t1","Pocillopora_acuta_HIv2___RNAseq.g28792.t1","Cluster 2"
"Pocillopora_acuta_HIv2___RNAseq.g28803.t1b","Pocillopora_acuta_HIv2___RNAseq.g28803.t1b","Cluster 3"
"Pocillopora_acuta_HIv2___RNAseq.g28805.t1","Pocillopora_acuta_HIv2___RNAseq.g28805.t1","Cluster 5"
"Pocillopora_acuta_HIv2___RNAseq.g28811.t1","Pocillopora_acuta_HIv2___RNAseq.g28811.t1","Cluster 3"
"Pocillopora_acuta_HIv2___RNAseq.g28819.t2b","Pocillopora_acuta_HIv2___RNAseq.g28819.t2b","Cluster 3"
"Pocillopora_acuta_HIv2___RNAseq.g28821.t1","Pocillopora_acuta_HIv2___RNAseq.g28821.t1","Cluster 4"
"Pocillopora_acuta_HIv2___RNAseq.g28830.t1","Pocillopora_acuta_HIv2___RNAseq.g28830.t1","Cluster 3"
"Pocillopora_acuta_HIv2___RNAseq.g28838.t1","Pocillopora_acuta_HIv2___RNAseq.g28838.t1","Cluster 3"
"Pocillopora_acuta_HIv2___RNAseq.g28844.t1a","Pocillopora_acuta_HIv2___RNAseq.g28844.t1a","Cluster 3"
"Pocillopora_acuta_HIv2___RNAseq.g28849.t2","Pocillopora_acuta_HIv2___RNAseq.g28849.t2","Cluster 3"
"Pocillopora_acuta_HIv2___RNAseq.g28865.t1","Pocillopora_acuta_HIv2___RNAseq.g28865.t1","Cluster 6"
"Pocillopora_acuta_HIv2___RNAseq.g28876.t1","Pocillopora_acuta_HIv2___RNAseq.g28876.t1","Cluster 3"
"Pocillopora_acuta_HIv2___RNAseq.g28894.t1","Pocillopora_acuta_HIv2___RNAseq.g28894.t1","Cluster 2"
"Pocillopora_acuta_HIv2___RNAseq.g28907.t1","Pocillopora_acuta_HIv2___RNAseq.g28907.t1","Cluster 3"
"Pocillopora_acuta_HIv2___RNAseq.g28910.t1","Pocillopora_acuta_HIv2___RNAseq.g28910.t1","Cluster 4"
"Pocillopora_acuta_HIv2___RNAseq.g28934.t1","Pocillopora_acuta_HIv2___RNAseq.g28934.t1","Cluster 1"
"Pocillopora_acuta_HIv2___RNAseq.g28935.t1","Pocillopora_acuta_HIv2___RNAseq.g28935.t1","Cluster 5"
"Pocillopora_acuta_HIv2___RNAseq.g28944.t1","Pocillopora_acuta_HIv2___RNAseq.g28944.t1","Cluster 3"
"Pocillopora_acuta_HIv2___RNAseq.g2895.t1","Pocillopora_acuta_HIv2___RNAseq.g2895.t1","Cluster 6"
"Pocillopora_acuta_HIv2___RNAseq.g28950.t1","Pocillopora_acuta_HIv2___RNAseq.g28950.t1","Cluster 3"
"Pocillopora_acuta_HIv2___RNAseq.g28951.t1","Pocillopora_acuta_HIv2___RNAseq.g28951.t1","Cluster 1"
"Pocillopora_acuta_HIv2___RNAseq.g28960.t2","Pocillopora_acuta_HIv2___RNAseq.g28960.t2","Cluster 5"
"Pocillopora_acuta_HIv2___RNAseq.g28961.t1","Pocillopora_acuta_HIv2___RNAseq.g28961.t1","Cluster 1"
"Pocillopora_acuta_HIv2___RNAseq.g28976.t1a","Pocillopora_acuta_HIv2___RNAseq.g28976.t1a","Cluster 6"
"Pocillopora_acuta_HIv2___RNAseq.g28977.t1","Pocillopora_acuta_HIv2___RNAseq.g28977.t1","Cluster 2"
"Pocillopora_acuta_HIv2___RNAseq.g28980.t1","Pocillopora_acuta_HIv2___RNAseq.g28980.t1","Cluster 3"
"Pocillopora_acuta_HIv2___RNAseq.g28993.t1","Pocillopora_acuta_HIv2___RNAseq.g28993.t1","Cluster 6"
"Pocillopora_acuta_HIv2___RNAseq.g29018.t1","Pocillopora_acuta_HIv2___RNAseq.g29018.t1","Cluster 2"
"Pocillopora_acuta_HIv2___RNAseq.g29035.t1","Pocillopora_acuta_HIv2___RNAseq.g29035.t1","Cluster 5"
"Pocillopora_acuta_HIv2___RNAseq.g2904.t1","Pocillopora_acuta_HIv2___RNAseq.g2904.t1","Cluster 4"
"Pocillopora_acuta_HIv2___RNAseq.g29040.t1","Pocillopora_acuta_HIv2___RNAseq.g29040.t1","Cluster 2"
"Pocillopora_acuta_HIv2___RNAseq.g29045.t1","Pocillopora_acuta_HIv2___RNAseq.g29045.t1","Cluster 1"
"Pocillopora_acuta_HIv2___RNAseq.g29068.t1","Pocillopora_acuta_HIv2___RNAseq.g29068.t1","Cluster 3"
"Pocillopora_acuta_HIv2___RNAseq.g2907.t1","Pocillopora_acuta_HIv2___RNAseq.g2907.t1","Cluster 1"
"Pocillopora_acuta_HIv2___RNAseq.g29072.t1","Pocillopora_acuta_HIv2___RNAseq.g29072.t1","Cluster 3"
"Pocillopora_acuta_HIv2___RNAseq.g29073.t1","Pocillopora_acuta_HIv2___RNAseq.g29073.t1","Cluster 6"
"Pocillopora_acuta_HIv2___RNAseq.g29114.t2","Pocillopora_acuta_HIv2___RNAseq.g29114.t2","Cluster 3"
"Pocillopora_acuta_HIv2___RNAseq.g29122.t1","Pocillopora_acuta_HIv2___RNAseq.g29122.t1","Cluster 5"
"Pocillopora_acuta_HIv2___RNAseq.g29127.t1","Pocillopora_acuta_HIv2___RNAseq.g29127.t1","Cluster 3"
"Pocillopora_acuta_HIv2___RNAseq.g29142.t1","Pocillopora_acuta_HIv2___RNAseq.g29142.t1","Cluster 5"
"Pocillopora_acuta_HIv2___RNAseq.g29143.t2","Pocillopora_acuta_HIv2___RNAseq.g29143.t2","Cluster 3"
"Pocillopora_acuta_HIv2___RNAseq.g29149.t1","Pocillopora_acuta_HIv2___RNAseq.g29149.t1","Cluster 3"
"Pocillopora_acuta_HIv2___RNAseq.g2915.t1","Pocillopora_acuta_HIv2___RNAseq.g2915.t1","Cluster 1"
"Pocillopora_acuta_HIv2___RNAseq.g29159.t1","Pocillopora_acuta_HIv2___RNAseq.g29159.t1","Cluster 6"
"Pocillopora_acuta_HIv2___RNAseq.g29168.t1","Pocillopora_acuta_HIv2___RNAseq.g29168.t1","Cluster 4"
"Pocillopora_acuta_HIv2___RNAseq.g29169.t1","Pocillopora_acuta_HIv2___RNAseq.g29169.t1","Cluster 3"
"Pocillopora_acuta_HIv2___RNAseq.g29173.t1","Pocillopora_acuta_HIv2___RNAseq.g29173.t1","Cluster 2"
"Pocillopora_acuta_HIv2___RNAseq.g29185.t1","Pocillopora_acuta_HIv2___RNAseq.g29185.t1","Cluster 6"
"Pocillopora_acuta_HIv2___RNAseq.g29227.t1","Pocillopora_acuta_HIv2___RNAseq.g29227.t1","Cluster 4"
"Pocillopora_acuta_HIv2___RNAseq.g29228.t1","Pocillopora_acuta_HIv2___RNAseq.g29228.t1","Cluster 1"
"Pocillopora_acuta_HIv2___RNAseq.g29231.t1","Pocillopora_acuta_HIv2___RNAseq.g29231.t1","Cluster 3"
"Pocillopora_acuta_HIv2___RNAseq.g29236.t2","Pocillopora_acuta_HIv2___RNAseq.g29236.t2","Cluster 5"
"Pocillopora_acuta_HIv2___RNAseq.g29247.t1","Pocillopora_acuta_HIv2___RNAseq.g29247.t1","Cluster 1"
"Pocillopora_acuta_HIv2___RNAseq.g29271.t1","Pocillopora_acuta_HIv2___RNAseq.g29271.t1","Cluster 6"
"Pocillopora_acuta_HIv2___RNAseq.g29280.t1","Pocillopora_acuta_HIv2___RNAseq.g29280.t1","Cluster 3"
"Pocillopora_acuta_HIv2___RNAseq.g29285.t1","Pocillopora_acuta_HIv2___RNAseq.g29285.t1","Cluster 3"
"Pocillopora_acuta_HIv2___RNAseq.g2929.t1","Pocillopora_acuta_HIv2___RNAseq.g2929.t1","Cluster 4"
"Pocillopora_acuta_HIv2___RNAseq.g29297.t1","Pocillopora_acuta_HIv2___RNAseq.g29297.t1","Cluster 1"
"Pocillopora_acuta_HIv2___RNAseq.g293.t1","Pocillopora_acuta_HIv2___RNAseq.g293.t1","Cluster 5"
"Pocillopora_acuta_HIv2___RNAseq.g2930.t1","Pocillopora_acuta_HIv2___RNAseq.g2930.t1","Cluster 5"
"Pocillopora_acuta_HIv2___RNAseq.g2931.t1","Pocillopora_acuta_HIv2___RNAseq.g2931.t1","Cluster 3"
"Pocillopora_acuta_HIv2___RNAseq.g2932.t1","Pocillopora_acuta_HIv2___RNAseq.g2932.t1","Cluster 6"
"Pocillopora_acuta_HIv2___RNAseq.g29330.t1","Pocillopora_acuta_HIv2___RNAseq.g29330.t1","Cluster 1"
"Pocillopora_acuta_HIv2___RNAseq.g29378.t1","Pocillopora_acuta_HIv2___RNAseq.g29378.t1","Cluster 3"
"Pocillopora_acuta_HIv2___RNAseq.g29396.t1","Pocillopora_acuta_HIv2___RNAseq.g29396.t1","Cluster 6"
"Pocillopora_acuta_HIv2___RNAseq.g29399.t1","Pocillopora_acuta_HIv2___RNAseq.g29399.t1","Cluster 1"
"Pocillopora_acuta_HIv2___RNAseq.g29414.t1","Pocillopora_acuta_HIv2___RNAseq.g29414.t1","Cluster 1"
"Pocillopora_acuta_HIv2___RNAseq.g29423.t1","Pocillopora_acuta_HIv2___RNAseq.g29423.t1","Cluster 1"
"Pocillopora_acuta_HIv2___RNAseq.g29432.t1","Pocillopora_acuta_HIv2___RNAseq.g29432.t1","Cluster 3"
"Pocillopora_acuta_HIv2___RNAseq.g29446.t1","Pocillopora_acuta_HIv2___RNAseq.g29446.t1","Cluster 6"
"Pocillopora_acuta_HIv2___RNAseq.g29469.t1a","Pocillopora_acuta_HIv2___RNAseq.g29469.t1a","Cluster 5"
"Pocillopora_acuta_HIv2___RNAseq.g2953.t1","Pocillopora_acuta_HIv2___RNAseq.g2953.t1","Cluster 1"
"Pocillopora_acuta_HIv2___RNAseq.g29540.t1","Pocillopora_acuta_HIv2___RNAseq.g29540.t1","Cluster 2"
"Pocillopora_acuta_HIv2___RNAseq.g29544.t1","Pocillopora_acuta_HIv2___RNAseq.g29544.t1","Cluster 6"
"Pocillopora_acuta_HIv2___RNAseq.g2956.t1a","Pocillopora_acuta_HIv2___RNAseq.g2956.t1a","Cluster 1"
"Pocillopora_acuta_HIv2___RNAseq.g29565.t1","Pocillopora_acuta_HIv2___RNAseq.g29565.t1","Cluster 1"
"Pocillopora_acuta_HIv2___RNAseq.g29579.t1","Pocillopora_acuta_HIv2___RNAseq.g29579.t1","Cluster 5"
"Pocillopora_acuta_HIv2___RNAseq.g29597.t1","Pocillopora_acuta_HIv2___RNAseq.g29597.t1","Cluster 4"
"Pocillopora_acuta_HIv2___RNAseq.g296.t1","Pocillopora_acuta_HIv2___RNAseq.g296.t1","Cluster 6"
"Pocillopora_acuta_HIv2___RNAseq.g29614.t1","Pocillopora_acuta_HIv2___RNAseq.g29614.t1","Cluster 2"
"Pocillopora_acuta_HIv2___RNAseq.g29618.t1","Pocillopora_acuta_HIv2___RNAseq.g29618.t1","Cluster 2"
"Pocillopora_acuta_HIv2___RNAseq.g29623.t1","Pocillopora_acuta_HIv2___RNAseq.g29623.t1","Cluster 3"
"Pocillopora_acuta_HIv2___RNAseq.g29627.t1","Pocillopora_acuta_HIv2___RNAseq.g29627.t1","Cluster 1"
"Pocillopora_acuta_HIv2___RNAseq.g2963.t1","Pocillopora_acuta_HIv2___RNAseq.g2963.t1","Cluster 3"
"Pocillopora_acuta_HIv2___RNAseq.g2967.t1","Pocillopora_acuta_HIv2___RNAseq.g2967.t1","Cluster 2"
"Pocillopora_acuta_HIv2___RNAseq.g29673.t1","Pocillopora_acuta_HIv2___RNAseq.g29673.t1","Cluster 5"
"Pocillopora_acuta_HIv2___RNAseq.g2968.t1","Pocillopora_acuta_HIv2___RNAseq.g2968.t1","Cluster 1"
"Pocillopora_acuta_HIv2___RNAseq.g29688.t1","Pocillopora_acuta_HIv2___RNAseq.g29688.t1","Cluster 4"
"Pocillopora_acuta_HIv2___RNAseq.g29693.t1","Pocillopora_acuta_HIv2___RNAseq.g29693.t1","Cluster 5"
"Pocillopora_acuta_HIv2___RNAseq.g29716.t1","Pocillopora_acuta_HIv2___RNAseq.g29716.t1","Cluster 5"
"Pocillopora_acuta_HIv2___RNAseq.g29719.t1","Pocillopora_acuta_HIv2___RNAseq.g29719.t1","Cluster 6"
"Pocillopora_acuta_HIv2___RNAseq.g29720.t1","Pocillopora_acuta_HIv2___RNAseq.g29720.t1","Cluster 6"
"Pocillopora_acuta_HIv2___RNAseq.g29731.t1","Pocillopora_acuta_HIv2___RNAseq.g29731.t1","Cluster 1"
"Pocillopora_acuta_HIv2___RNAseq.g29739.t1","Pocillopora_acuta_HIv2___RNAseq.g29739.t1","Cluster 5"
"Pocillopora_acuta_HIv2___RNAseq.g29776.t1","Pocillopora_acuta_HIv2___RNAseq.g29776.t1","Cluster 1"
"Pocillopora_acuta_HIv2___RNAseq.g29779.t1","Pocillopora_acuta_HIv2___RNAseq.g29779.t1","Cluster 1"
"Pocillopora_acuta_HIv2___RNAseq.g29798.t1","Pocillopora_acuta_HIv2___RNAseq.g29798.t1","Cluster 4"
"Pocillopora_acuta_HIv2___RNAseq.g29804.t1","Pocillopora_acuta_HIv2___RNAseq.g29804.t1","Cluster 3"
"Pocillopora_acuta_HIv2___RNAseq.g29811.t1","Pocillopora_acuta_HIv2___RNAseq.g29811.t1","Cluster 1"
"Pocillopora_acuta_HIv2___RNAseq.g29841.t1","Pocillopora_acuta_HIv2___RNAseq.g29841.t1","Cluster 3"
"Pocillopora_acuta_HIv2___RNAseq.g29852.t2","Pocillopora_acuta_HIv2___RNAseq.g29852.t2","Cluster 1"
"Pocillopora_acuta_HIv2___RNAseq.g29863.t1","Pocillopora_acuta_HIv2___RNAseq.g29863.t1","Cluster 2"
"Pocillopora_acuta_HIv2___RNAseq.g29878.t1","Pocillopora_acuta_HIv2___RNAseq.g29878.t1","Cluster 6"
"Pocillopora_acuta_HIv2___RNAseq.g2988.t1","Pocillopora_acuta_HIv2___RNAseq.g2988.t1","Cluster 3"
"Pocillopora_acuta_HIv2___RNAseq.g29882.t1","Pocillopora_acuta_HIv2___RNAseq.g29882.t1","Cluster 1"
"Pocillopora_acuta_HIv2___RNAseq.g29886.t2","Pocillopora_acuta_HIv2___RNAseq.g29886.t2","Cluster 3"
"Pocillopora_acuta_HIv2___RNAseq.g29896.t1","Pocillopora_acuta_HIv2___RNAseq.g29896.t1","Cluster 5"
"Pocillopora_acuta_HIv2___RNAseq.g299.t1","Pocillopora_acuta_HIv2___RNAseq.g299.t1","Cluster 2"
"Pocillopora_acuta_HIv2___RNAseq.g2993.t1","Pocillopora_acuta_HIv2___RNAseq.g2993.t1","Cluster 2"
"Pocillopora_acuta_HIv2___RNAseq.g29935.t1","Pocillopora_acuta_HIv2___RNAseq.g29935.t1","Cluster 2"
"Pocillopora_acuta_HIv2___RNAseq.g29951.t1","Pocillopora_acuta_HIv2___RNAseq.g29951.t1","Cluster 2"
"Pocillopora_acuta_HIv2___RNAseq.g29967.t1","Pocillopora_acuta_HIv2___RNAseq.g29967.t1","Cluster 6"
"Pocillopora_acuta_HIv2___RNAseq.g29990.t1a","Pocillopora_acuta_HIv2___RNAseq.g29990.t1a","Cluster 1"
"Pocillopora_acuta_HIv2___RNAseq.g3002.t1","Pocillopora_acuta_HIv2___RNAseq.g3002.t1","Cluster 2"
"Pocillopora_acuta_HIv2___RNAseq.g30020.t1","Pocillopora_acuta_HIv2___RNAseq.g30020.t1","Cluster 3"
"Pocillopora_acuta_HIv2___RNAseq.g30035.t1","Pocillopora_acuta_HIv2___RNAseq.g30035.t1","Cluster 5"
"Pocillopora_acuta_HIv2___RNAseq.g30037.t2","Pocillopora_acuta_HIv2___RNAseq.g30037.t2","Cluster 3"
"Pocillopora_acuta_HIv2___RNAseq.g30040.t1","Pocillopora_acuta_HIv2___RNAseq.g30040.t1","Cluster 1"
"Pocillopora_acuta_HIv2___RNAseq.g30080.t2","Pocillopora_acuta_HIv2___RNAseq.g30080.t2","Cluster 2"
"Pocillopora_acuta_HIv2___RNAseq.g30082.t1","Pocillopora_acuta_HIv2___RNAseq.g30082.t1","Cluster 2"
"Pocillopora_acuta_HIv2___RNAseq.g30098.t1","Pocillopora_acuta_HIv2___RNAseq.g30098.t1","Cluster 4"
"Pocillopora_acuta_HIv2___RNAseq.g30106.t1","Pocillopora_acuta_HIv2___RNAseq.g30106.t1","Cluster 4"
"Pocillopora_acuta_HIv2___RNAseq.g30126.t2","Pocillopora_acuta_HIv2___RNAseq.g30126.t2","Cluster 5"
"Pocillopora_acuta_HIv2___RNAseq.g30132.t1","Pocillopora_acuta_HIv2___RNAseq.g30132.t1","Cluster 6"
"Pocillopora_acuta_HIv2___RNAseq.g30138.t1","Pocillopora_acuta_HIv2___RNAseq.g30138.t1","Cluster 1"
"Pocillopora_acuta_HIv2___RNAseq.g30168.t1a","Pocillopora_acuta_HIv2___RNAseq.g30168.t1a","Cluster 3"
"Pocillopora_acuta_HIv2___RNAseq.g30180.t1","Pocillopora_acuta_HIv2___RNAseq.g30180.t1","Cluster 1"
"Pocillopora_acuta_HIv2___RNAseq.g30186.t1","Pocillopora_acuta_HIv2___RNAseq.g30186.t1","Cluster 1"
"Pocillopora_acuta_HIv2___RNAseq.g30191.t1","Pocillopora_acuta_HIv2___RNAseq.g30191.t1","Cluster 6"
"Pocillopora_acuta_HIv2___RNAseq.g30215.t1","Pocillopora_acuta_HIv2___RNAseq.g30215.t1","Cluster 5"
"Pocillopora_acuta_HIv2___RNAseq.g30265.t1","Pocillopora_acuta_HIv2___RNAseq.g30265.t1","Cluster 1"
"Pocillopora_acuta_HIv2___RNAseq.g30280.t1","Pocillopora_acuta_HIv2___RNAseq.g30280.t1","Cluster 3"
"Pocillopora_acuta_HIv2___RNAseq.g30292.t1","Pocillopora_acuta_HIv2___RNAseq.g30292.t1","Cluster 1"
"Pocillopora_acuta_HIv2___RNAseq.g30303.t2","Pocillopora_acuta_HIv2___RNAseq.g30303.t2","Cluster 4"
"Pocillopora_acuta_HIv2___RNAseq.g30323.t1","Pocillopora_acuta_HIv2___RNAseq.g30323.t1","Cluster 3"
"Pocillopora_acuta_HIv2___RNAseq.g3035.t1","Pocillopora_acuta_HIv2___RNAseq.g3035.t1","Cluster 6"
"Pocillopora_acuta_HIv2___RNAseq.g30387.t1","Pocillopora_acuta_HIv2___RNAseq.g30387.t1","Cluster 1"
"Pocillopora_acuta_HIv2___RNAseq.g30389.t1","Pocillopora_acuta_HIv2___RNAseq.g30389.t1","Cluster 1"
"Pocillopora_acuta_HIv2___RNAseq.g3040.t1","Pocillopora_acuta_HIv2___RNAseq.g3040.t1","Cluster 1"
"Pocillopora_acuta_HIv2___RNAseq.g30494.t1","Pocillopora_acuta_HIv2___RNAseq.g30494.t1","Cluster 6"
"Pocillopora_acuta_HIv2___RNAseq.g30529.t1a","Pocillopora_acuta_HIv2___RNAseq.g30529.t1a","Cluster 5"
"Pocillopora_acuta_HIv2___RNAseq.g3053.t1","Pocillopora_acuta_HIv2___RNAseq.g3053.t1","Cluster 3"
"Pocillopora_acuta_HIv2___RNAseq.g30542.t1","Pocillopora_acuta_HIv2___RNAseq.g30542.t1","Cluster 5"
"Pocillopora_acuta_HIv2___RNAseq.g30543.t1b","Pocillopora_acuta_HIv2___RNAseq.g30543.t1b","Cluster 3"
"Pocillopora_acuta_HIv2___RNAseq.g3055.t1","Pocillopora_acuta_HIv2___RNAseq.g3055.t1","Cluster 6"
"Pocillopora_acuta_HIv2___RNAseq.g30551.t1","Pocillopora_acuta_HIv2___RNAseq.g30551.t1","Cluster 6"
"Pocillopora_acuta_HIv2___RNAseq.g30553.t1","Pocillopora_acuta_HIv2___RNAseq.g30553.t1","Cluster 2"
"Pocillopora_acuta_HIv2___RNAseq.g30560.t1","Pocillopora_acuta_HIv2___RNAseq.g30560.t1","Cluster 6"
"Pocillopora_acuta_HIv2___RNAseq.g30582.t1","Pocillopora_acuta_HIv2___RNAseq.g30582.t1","Cluster 4"
"Pocillopora_acuta_HIv2___RNAseq.g30585.t1","Pocillopora_acuta_HIv2___RNAseq.g30585.t1","Cluster 3"
"Pocillopora_acuta_HIv2___RNAseq.g306.t1","Pocillopora_acuta_HIv2___RNAseq.g306.t1","Cluster 6"
"Pocillopora_acuta_HIv2___RNAseq.g30607.t1b","Pocillopora_acuta_HIv2___RNAseq.g30607.t1b","Cluster 5"
"Pocillopora_acuta_HIv2___RNAseq.g3065.t1","Pocillopora_acuta_HIv2___RNAseq.g3065.t1","Cluster 2"
"Pocillopora_acuta_HIv2___RNAseq.g30663.t1","Pocillopora_acuta_HIv2___RNAseq.g30663.t1","Cluster 2"
"Pocillopora_acuta_HIv2___RNAseq.g30676.t1","Pocillopora_acuta_HIv2___RNAseq.g30676.t1","Cluster 2"
"Pocillopora_acuta_HIv2___RNAseq.g30678.t1","Pocillopora_acuta_HIv2___RNAseq.g30678.t1","Cluster 3"
"Pocillopora_acuta_HIv2___RNAseq.g30697.t1","Pocillopora_acuta_HIv2___RNAseq.g30697.t1","Cluster 1"
"Pocillopora_acuta_HIv2___RNAseq.g30730.t1a","Pocillopora_acuta_HIv2___RNAseq.g30730.t1a","Cluster 3"
"Pocillopora_acuta_HIv2___RNAseq.g30741.t1","Pocillopora_acuta_HIv2___RNAseq.g30741.t1","Cluster 1"
"Pocillopora_acuta_HIv2___RNAseq.g30752.t1","Pocillopora_acuta_HIv2___RNAseq.g30752.t1","Cluster 5"
"Pocillopora_acuta_HIv2___RNAseq.g30759.t1","Pocillopora_acuta_HIv2___RNAseq.g30759.t1","Cluster 1"
"Pocillopora_acuta_HIv2___RNAseq.g30770.t1","Pocillopora_acuta_HIv2___RNAseq.g30770.t1","Cluster 3"
"Pocillopora_acuta_HIv2___RNAseq.g30772.t1","Pocillopora_acuta_HIv2___RNAseq.g30772.t1","Cluster 4"
"Pocillopora_acuta_HIv2___RNAseq.g30788.t1","Pocillopora_acuta_HIv2___RNAseq.g30788.t1","Cluster 1"
"Pocillopora_acuta_HIv2___RNAseq.g30791.t1","Pocillopora_acuta_HIv2___RNAseq.g30791.t1","Cluster 4"
"Pocillopora_acuta_HIv2___RNAseq.g30795.t1","Pocillopora_acuta_HIv2___RNAseq.g30795.t1","Cluster 3"
"Pocillopora_acuta_HIv2___RNAseq.g30796.t1","Pocillopora_acuta_HIv2___RNAseq.g30796.t1","Cluster 3"
"Pocillopora_acuta_HIv2___RNAseq.g30803.t1","Pocillopora_acuta_HIv2___RNAseq.g30803.t1","Cluster 2"
"Pocillopora_acuta_HIv2___RNAseq.g30805.t1","Pocillopora_acuta_HIv2___RNAseq.g30805.t1","Cluster 2"
"Pocillopora_acuta_HIv2___RNAseq.g3081.t1","Pocillopora_acuta_HIv2___RNAseq.g3081.t1","Cluster 3"
"Pocillopora_acuta_HIv2___RNAseq.g30850.t1","Pocillopora_acuta_HIv2___RNAseq.g30850.t1","Cluster 3"
"Pocillopora_acuta_HIv2___RNAseq.g30854.t1","Pocillopora_acuta_HIv2___RNAseq.g30854.t1","Cluster 1"
"Pocillopora_acuta_HIv2___RNAseq.g30858.t1","Pocillopora_acuta_HIv2___RNAseq.g30858.t1","Cluster 4"
"Pocillopora_acuta_HIv2___RNAseq.g30873.t1","Pocillopora_acuta_HIv2___RNAseq.g30873.t1","Cluster 3"
"Pocillopora_acuta_HIv2___RNAseq.g30892.t1","Pocillopora_acuta_HIv2___RNAseq.g30892.t1","Cluster 1"
"Pocillopora_acuta_HIv2___RNAseq.g30915.t1","Pocillopora_acuta_HIv2___RNAseq.g30915.t1","Cluster 3"
"Pocillopora_acuta_HIv2___RNAseq.g30923.t1","Pocillopora_acuta_HIv2___RNAseq.g30923.t1","Cluster 3"
"Pocillopora_acuta_HIv2___RNAseq.g30945.t1","Pocillopora_acuta_HIv2___RNAseq.g30945.t1","Cluster 4"
"Pocillopora_acuta_HIv2___RNAseq.g30948.t1","Pocillopora_acuta_HIv2___RNAseq.g30948.t1","Cluster 1"
"Pocillopora_acuta_HIv2___RNAseq.g30954.t1","Pocillopora_acuta_HIv2___RNAseq.g30954.t1","Cluster 3"
"Pocillopora_acuta_HIv2___RNAseq.g30979.t1","Pocillopora_acuta_HIv2___RNAseq.g30979.t1","Cluster 5"
"Pocillopora_acuta_HIv2___RNAseq.g31009.t1","Pocillopora_acuta_HIv2___RNAseq.g31009.t1","Cluster 3"
"Pocillopora_acuta_HIv2___RNAseq.g31010.t1","Pocillopora_acuta_HIv2___RNAseq.g31010.t1","Cluster 5"
"Pocillopora_acuta_HIv2___RNAseq.g31044.t1","Pocillopora_acuta_HIv2___RNAseq.g31044.t1","Cluster 3"
"Pocillopora_acuta_HIv2___RNAseq.g31045.t1","Pocillopora_acuta_HIv2___RNAseq.g31045.t1","Cluster 6"
"Pocillopora_acuta_HIv2___RNAseq.g31057.t1","Pocillopora_acuta_HIv2___RNAseq.g31057.t1","Cluster 1"
"Pocillopora_acuta_HIv2___RNAseq.g31066.t1","Pocillopora_acuta_HIv2___RNAseq.g31066.t1","Cluster 3"
"Pocillopora_acuta_HIv2___RNAseq.g31072.t1","Pocillopora_acuta_HIv2___RNAseq.g31072.t1","Cluster 2"
"Pocillopora_acuta_HIv2___RNAseq.g31080.t1","Pocillopora_acuta_HIv2___RNAseq.g31080.t1","Cluster 3"
"Pocillopora_acuta_HIv2___RNAseq.g31081.t1","Pocillopora_acuta_HIv2___RNAseq.g31081.t1","Cluster 3"
"Pocillopora_acuta_HIv2___RNAseq.g31104.t1","Pocillopora_acuta_HIv2___RNAseq.g31104.t1","Cluster 1"
"Pocillopora_acuta_HIv2___RNAseq.g31144.t1","Pocillopora_acuta_HIv2___RNAseq.g31144.t1","Cluster 4"
"Pocillopora_acuta_HIv2___RNAseq.g31229.t1","Pocillopora_acuta_HIv2___RNAseq.g31229.t1","Cluster 3"
"Pocillopora_acuta_HIv2___RNAseq.g3123.t1","Pocillopora_acuta_HIv2___RNAseq.g3123.t1","Cluster 3"
"Pocillopora_acuta_HIv2___RNAseq.g31258.t1","Pocillopora_acuta_HIv2___RNAseq.g31258.t1","Cluster 3"
"Pocillopora_acuta_HIv2___RNAseq.g31274.t1","Pocillopora_acuta_HIv2___RNAseq.g31274.t1","Cluster 5"
"Pocillopora_acuta_HIv2___RNAseq.g31275.t1","Pocillopora_acuta_HIv2___RNAseq.g31275.t1","Cluster 2"
"Pocillopora_acuta_HIv2___RNAseq.g31305.t1","Pocillopora_acuta_HIv2___RNAseq.g31305.t1","Cluster 1"
"Pocillopora_acuta_HIv2___RNAseq.g31319.t1","Pocillopora_acuta_HIv2___RNAseq.g31319.t1","Cluster 1"
"Pocillopora_acuta_HIv2___RNAseq.g31334.t1","Pocillopora_acuta_HIv2___RNAseq.g31334.t1","Cluster 3"
"Pocillopora_acuta_HIv2___RNAseq.g31347.t1","Pocillopora_acuta_HIv2___RNAseq.g31347.t1","Cluster 2"
"Pocillopora_acuta_HIv2___RNAseq.g31379.t1","Pocillopora_acuta_HIv2___RNAseq.g31379.t1","Cluster 5"
"Pocillopora_acuta_HIv2___RNAseq.g31380.t1","Pocillopora_acuta_HIv2___RNAseq.g31380.t1","Cluster 4"
"Pocillopora_acuta_HIv2___RNAseq.g3174.t1","Pocillopora_acuta_HIv2___RNAseq.g3174.t1","Cluster 2"
"Pocillopora_acuta_HIv2___RNAseq.g3189.t1","Pocillopora_acuta_HIv2___RNAseq.g3189.t1","Cluster 2"
"Pocillopora_acuta_HIv2___RNAseq.g3199.t1","Pocillopora_acuta_HIv2___RNAseq.g3199.t1","Cluster 6"
"Pocillopora_acuta_HIv2___RNAseq.g3218.t1","Pocillopora_acuta_HIv2___RNAseq.g3218.t1","Cluster 5"
"Pocillopora_acuta_HIv2___RNAseq.g3238.t1","Pocillopora_acuta_HIv2___RNAseq.g3238.t1","Cluster 3"
"Pocillopora_acuta_HIv2___RNAseq.g331.t1","Pocillopora_acuta_HIv2___RNAseq.g331.t1","Cluster 5"
"Pocillopora_acuta_HIv2___RNAseq.g3336.t2","Pocillopora_acuta_HIv2___RNAseq.g3336.t2","Cluster 3"
"Pocillopora_acuta_HIv2___RNAseq.g3344.t1","Pocillopora_acuta_HIv2___RNAseq.g3344.t1","Cluster 2"
"Pocillopora_acuta_HIv2___RNAseq.g3346.t1","Pocillopora_acuta_HIv2___RNAseq.g3346.t1","Cluster 5"
"Pocillopora_acuta_HIv2___RNAseq.g3362.t1","Pocillopora_acuta_HIv2___RNAseq.g3362.t1","Cluster 4"
"Pocillopora_acuta_HIv2___RNAseq.g3404.t1","Pocillopora_acuta_HIv2___RNAseq.g3404.t1","Cluster 1"
"Pocillopora_acuta_HIv2___RNAseq.g344.t1","Pocillopora_acuta_HIv2___RNAseq.g344.t1","Cluster 3"
"Pocillopora_acuta_HIv2___RNAseq.g3445.t1","Pocillopora_acuta_HIv2___RNAseq.g3445.t1","Cluster 6"
"Pocillopora_acuta_HIv2___RNAseq.g3459.t1","Pocillopora_acuta_HIv2___RNAseq.g3459.t1","Cluster 5"
"Pocillopora_acuta_HIv2___RNAseq.g3464.t1","Pocillopora_acuta_HIv2___RNAseq.g3464.t1","Cluster 3"
"Pocillopora_acuta_HIv2___RNAseq.g3486.t1","Pocillopora_acuta_HIv2___RNAseq.g3486.t1","Cluster 1"
"Pocillopora_acuta_HIv2___RNAseq.g3533.t1","Pocillopora_acuta_HIv2___RNAseq.g3533.t1","Cluster 2"
"Pocillopora_acuta_HIv2___RNAseq.g3545.t2","Pocillopora_acuta_HIv2___RNAseq.g3545.t2","Cluster 3"
"Pocillopora_acuta_HIv2___RNAseq.g3546.t1","Pocillopora_acuta_HIv2___RNAseq.g3546.t1","Cluster 4"
"Pocillopora_acuta_HIv2___RNAseq.g3563.t1","Pocillopora_acuta_HIv2___RNAseq.g3563.t1","Cluster 6"
"Pocillopora_acuta_HIv2___RNAseq.g3566.t1","Pocillopora_acuta_HIv2___RNAseq.g3566.t1","Cluster 3"
"Pocillopora_acuta_HIv2___RNAseq.g3576.t1","Pocillopora_acuta_HIv2___RNAseq.g3576.t1","Cluster 2"
"Pocillopora_acuta_HIv2___RNAseq.g3598.t1","Pocillopora_acuta_HIv2___RNAseq.g3598.t1","Cluster 1"
"Pocillopora_acuta_HIv2___RNAseq.g3599.t1","Pocillopora_acuta_HIv2___RNAseq.g3599.t1","Cluster 2"
"Pocillopora_acuta_HIv2___RNAseq.g3606.t1","Pocillopora_acuta_HIv2___RNAseq.g3606.t1","Cluster 3"
"Pocillopora_acuta_HIv2___RNAseq.g362.t1","Pocillopora_acuta_HIv2___RNAseq.g362.t1","Cluster 5"
"Pocillopora_acuta_HIv2___RNAseq.g3627.t1","Pocillopora_acuta_HIv2___RNAseq.g3627.t1","Cluster 2"
"Pocillopora_acuta_HIv2___RNAseq.g3631.t1","Pocillopora_acuta_HIv2___RNAseq.g3631.t1","Cluster 5"
"Pocillopora_acuta_HIv2___RNAseq.g3651.t1","Pocillopora_acuta_HIv2___RNAseq.g3651.t1","Cluster 3"
"Pocillopora_acuta_HIv2___RNAseq.g3668.t1","Pocillopora_acuta_HIv2___RNAseq.g3668.t1","Cluster 2"
"Pocillopora_acuta_HIv2___RNAseq.g3694.t1","Pocillopora_acuta_HIv2___RNAseq.g3694.t1","Cluster 2"
"Pocillopora_acuta_HIv2___RNAseq.g3709.t1","Pocillopora_acuta_HIv2___RNAseq.g3709.t1","Cluster 3"
"Pocillopora_acuta_HIv2___RNAseq.g3710.t1","Pocillopora_acuta_HIv2___RNAseq.g3710.t1","Cluster 2"
"Pocillopora_acuta_HIv2___RNAseq.g3721.t1","Pocillopora_acuta_HIv2___RNAseq.g3721.t1","Cluster 3"
"Pocillopora_acuta_HIv2___RNAseq.g3740.t1","Pocillopora_acuta_HIv2___RNAseq.g3740.t1","Cluster 6"
"Pocillopora_acuta_HIv2___RNAseq.g3747.t1","Pocillopora_acuta_HIv2___RNAseq.g3747.t1","Cluster 3"
"Pocillopora_acuta_HIv2___RNAseq.g3750.t1","Pocillopora_acuta_HIv2___RNAseq.g3750.t1","Cluster 3"
"Pocillopora_acuta_HIv2___RNAseq.g3754.t1","Pocillopora_acuta_HIv2___RNAseq.g3754.t1","Cluster 3"
"Pocillopora_acuta_HIv2___RNAseq.g3756.t1","Pocillopora_acuta_HIv2___RNAseq.g3756.t1","Cluster 1"
"Pocillopora_acuta_HIv2___RNAseq.g3758.t1","Pocillopora_acuta_HIv2___RNAseq.g3758.t1","Cluster 1"
"Pocillopora_acuta_HIv2___RNAseq.g3771.t1","Pocillopora_acuta_HIv2___RNAseq.g3771.t1","Cluster 3"
"Pocillopora_acuta_HIv2___RNAseq.g3773.t1","Pocillopora_acuta_HIv2___RNAseq.g3773.t1","Cluster 6"
"Pocillopora_acuta_HIv2___RNAseq.g3784.t1","Pocillopora_acuta_HIv2___RNAseq.g3784.t1","Cluster 5"
"Pocillopora_acuta_HIv2___RNAseq.g3804.t1","Pocillopora_acuta_HIv2___RNAseq.g3804.t1","Cluster 1"
"Pocillopora_acuta_HIv2___RNAseq.g3846.t1","Pocillopora_acuta_HIv2___RNAseq.g3846.t1","Cluster 1"
"Pocillopora_acuta_HIv2___RNAseq.g3872.t1","Pocillopora_acuta_HIv2___RNAseq.g3872.t1","Cluster 3"
"Pocillopora_acuta_HIv2___RNAseq.g3873.t1","Pocillopora_acuta_HIv2___RNAseq.g3873.t1","Cluster 1"
"Pocillopora_acuta_HIv2___RNAseq.g3882.t1","Pocillopora_acuta_HIv2___RNAseq.g3882.t1","Cluster 2"
"Pocillopora_acuta_HIv2___RNAseq.g3900.t1","Pocillopora_acuta_HIv2___RNAseq.g3900.t1","Cluster 1"
"Pocillopora_acuta_HIv2___RNAseq.g3920.t1","Pocillopora_acuta_HIv2___RNAseq.g3920.t1","Cluster 2"
"Pocillopora_acuta_HIv2___RNAseq.g3921.t1","Pocillopora_acuta_HIv2___RNAseq.g3921.t1","Cluster 3"
"Pocillopora_acuta_HIv2___RNAseq.g3923.t2","Pocillopora_acuta_HIv2___RNAseq.g3923.t2","Cluster 3"
"Pocillopora_acuta_HIv2___RNAseq.g3925.t1","Pocillopora_acuta_HIv2___RNAseq.g3925.t1","Cluster 5"
"Pocillopora_acuta_HIv2___RNAseq.g3933.t1","Pocillopora_acuta_HIv2___RNAseq.g3933.t1","Cluster 6"
"Pocillopora_acuta_HIv2___RNAseq.g3938.t1","Pocillopora_acuta_HIv2___RNAseq.g3938.t1","Cluster 5"
"Pocillopora_acuta_HIv2___RNAseq.g3944.t1","Pocillopora_acuta_HIv2___RNAseq.g3944.t1","Cluster 2"
"Pocillopora_acuta_HIv2___RNAseq.g3967.t1","Pocillopora_acuta_HIv2___RNAseq.g3967.t1","Cluster 2"
"Pocillopora_acuta_HIv2___RNAseq.g3973.t1","Pocillopora_acuta_HIv2___RNAseq.g3973.t1","Cluster 3"
"Pocillopora_acuta_HIv2___RNAseq.g3994.t1","Pocillopora_acuta_HIv2___RNAseq.g3994.t1","Cluster 2"
"Pocillopora_acuta_HIv2___RNAseq.g4009.t1","Pocillopora_acuta_HIv2___RNAseq.g4009.t1","Cluster 2"
"Pocillopora_acuta_HIv2___RNAseq.g4017.t1","Pocillopora_acuta_HIv2___RNAseq.g4017.t1","Cluster 5"
"Pocillopora_acuta_HIv2___RNAseq.g4031.t1c","Pocillopora_acuta_HIv2___RNAseq.g4031.t1c","Cluster 1"
"Pocillopora_acuta_HIv2___RNAseq.g4051.t1","Pocillopora_acuta_HIv2___RNAseq.g4051.t1","Cluster 1"
"Pocillopora_acuta_HIv2___RNAseq.g4055.t1","Pocillopora_acuta_HIv2___RNAseq.g4055.t1","Cluster 2"
"Pocillopora_acuta_HIv2___RNAseq.g4101.t1","Pocillopora_acuta_HIv2___RNAseq.g4101.t1","Cluster 2"
"Pocillopora_acuta_HIv2___RNAseq.g4111.t1","Pocillopora_acuta_HIv2___RNAseq.g4111.t1","Cluster 6"
"Pocillopora_acuta_HIv2___RNAseq.g4116.t1","Pocillopora_acuta_HIv2___RNAseq.g4116.t1","Cluster 2"
"Pocillopora_acuta_HIv2___RNAseq.g4130.t1","Pocillopora_acuta_HIv2___RNAseq.g4130.t1","Cluster 3"
"Pocillopora_acuta_HIv2___RNAseq.g4156.t1","Pocillopora_acuta_HIv2___RNAseq.g4156.t1","Cluster 5"
"Pocillopora_acuta_HIv2___RNAseq.g416.t1","Pocillopora_acuta_HIv2___RNAseq.g416.t1","Cluster 3"
"Pocillopora_acuta_HIv2___RNAseq.g4163.t1","Pocillopora_acuta_HIv2___RNAseq.g4163.t1","Cluster 6"
"Pocillopora_acuta_HIv2___RNAseq.g417.t1","Pocillopora_acuta_HIv2___RNAseq.g417.t1","Cluster 4"
"Pocillopora_acuta_HIv2___RNAseq.g4177.t1","Pocillopora_acuta_HIv2___RNAseq.g4177.t1","Cluster 3"
"Pocillopora_acuta_HIv2___RNAseq.g4193.t2","Pocillopora_acuta_HIv2___RNAseq.g4193.t2","Cluster 6"
"Pocillopora_acuta_HIv2___RNAseq.g4202.t1","Pocillopora_acuta_HIv2___RNAseq.g4202.t1","Cluster 3"
"Pocillopora_acuta_HIv2___RNAseq.g4208.t1","Pocillopora_acuta_HIv2___RNAseq.g4208.t1","Cluster 6"
"Pocillopora_acuta_HIv2___RNAseq.g4219.t1","Pocillopora_acuta_HIv2___RNAseq.g4219.t1","Cluster 3"
"Pocillopora_acuta_HIv2___RNAseq.g4220.t1","Pocillopora_acuta_HIv2___RNAseq.g4220.t1","Cluster 3"
"Pocillopora_acuta_HIv2___RNAseq.g4222.t1","Pocillopora_acuta_HIv2___RNAseq.g4222.t1","Cluster 3"
"Pocillopora_acuta_HIv2___RNAseq.g4239.t1","Pocillopora_acuta_HIv2___RNAseq.g4239.t1","Cluster 6"
"Pocillopora_acuta_HIv2___RNAseq.g4272.t1","Pocillopora_acuta_HIv2___RNAseq.g4272.t1","Cluster 6"
"Pocillopora_acuta_HIv2___RNAseq.g4293.t1","Pocillopora_acuta_HIv2___RNAseq.g4293.t1","Cluster 2"
"Pocillopora_acuta_HIv2___RNAseq.g4309.t1","Pocillopora_acuta_HIv2___RNAseq.g4309.t1","Cluster 1"
"Pocillopora_acuta_HIv2___RNAseq.g4317.t1","Pocillopora_acuta_HIv2___RNAseq.g4317.t1","Cluster 5"
"Pocillopora_acuta_HIv2___RNAseq.g4332.t1","Pocillopora_acuta_HIv2___RNAseq.g4332.t1","Cluster 2"
"Pocillopora_acuta_HIv2___RNAseq.g4333.t1","Pocillopora_acuta_HIv2___RNAseq.g4333.t1","Cluster 1"
"Pocillopora_acuta_HIv2___RNAseq.g4364.t1","Pocillopora_acuta_HIv2___RNAseq.g4364.t1","Cluster 1"
"Pocillopora_acuta_HIv2___RNAseq.g4374.t1","Pocillopora_acuta_HIv2___RNAseq.g4374.t1","Cluster 3"
"Pocillopora_acuta_HIv2___RNAseq.g4377.t1","Pocillopora_acuta_HIv2___RNAseq.g4377.t1","Cluster 6"
"Pocillopora_acuta_HIv2___RNAseq.g4404.t1","Pocillopora_acuta_HIv2___RNAseq.g4404.t1","Cluster 3"
"Pocillopora_acuta_HIv2___RNAseq.g4411.t1","Pocillopora_acuta_HIv2___RNAseq.g4411.t1","Cluster 6"
"Pocillopora_acuta_HIv2___RNAseq.g4447.t1","Pocillopora_acuta_HIv2___RNAseq.g4447.t1","Cluster 2"
"Pocillopora_acuta_HIv2___RNAseq.g445.t1","Pocillopora_acuta_HIv2___RNAseq.g445.t1","Cluster 6"
"Pocillopora_acuta_HIv2___RNAseq.g4488.t1","Pocillopora_acuta_HIv2___RNAseq.g4488.t1","Cluster 1"
"Pocillopora_acuta_HIv2___RNAseq.g4511.t1","Pocillopora_acuta_HIv2___RNAseq.g4511.t1","Cluster 6"
"Pocillopora_acuta_HIv2___RNAseq.g4513.t1","Pocillopora_acuta_HIv2___RNAseq.g4513.t1","Cluster 3"
"Pocillopora_acuta_HIv2___RNAseq.g4534.t1","Pocillopora_acuta_HIv2___RNAseq.g4534.t1","Cluster 3"
"Pocillopora_acuta_HIv2___RNAseq.g4569.t1","Pocillopora_acuta_HIv2___RNAseq.g4569.t1","Cluster 2"
"Pocillopora_acuta_HIv2___RNAseq.g4611.t1","Pocillopora_acuta_HIv2___RNAseq.g4611.t1","Cluster 4"
"Pocillopora_acuta_HIv2___RNAseq.g462.t1","Pocillopora_acuta_HIv2___RNAseq.g462.t1","Cluster 3"
"Pocillopora_acuta_HIv2___RNAseq.g4635.t1","Pocillopora_acuta_HIv2___RNAseq.g4635.t1","Cluster 2"
"Pocillopora_acuta_HIv2___RNAseq.g4681.t1","Pocillopora_acuta_HIv2___RNAseq.g4681.t1","Cluster 2"
"Pocillopora_acuta_HIv2___RNAseq.g4702.t1","Pocillopora_acuta_HIv2___RNAseq.g4702.t1","Cluster 2"
"Pocillopora_acuta_HIv2___RNAseq.g4704.t1a","Pocillopora_acuta_HIv2___RNAseq.g4704.t1a","Cluster 2"
"Pocillopora_acuta_HIv2___RNAseq.g4714.t1","Pocillopora_acuta_HIv2___RNAseq.g4714.t1","Cluster 4"
"Pocillopora_acuta_HIv2___RNAseq.g4717.t1","Pocillopora_acuta_HIv2___RNAseq.g4717.t1","Cluster 2"
"Pocillopora_acuta_HIv2___RNAseq.g4720.t2","Pocillopora_acuta_HIv2___RNAseq.g4720.t2","Cluster 5"
"Pocillopora_acuta_HIv2___RNAseq.g4725.t1","Pocillopora_acuta_HIv2___RNAseq.g4725.t1","Cluster 5"
"Pocillopora_acuta_HIv2___RNAseq.g4735.t1","Pocillopora_acuta_HIv2___RNAseq.g4735.t1","Cluster 1"
"Pocillopora_acuta_HIv2___RNAseq.g4737.t1","Pocillopora_acuta_HIv2___RNAseq.g4737.t1","Cluster 3"
"Pocillopora_acuta_HIv2___RNAseq.g474.t1","Pocillopora_acuta_HIv2___RNAseq.g474.t1","Cluster 3"
"Pocillopora_acuta_HIv2___RNAseq.g4747.t1","Pocillopora_acuta_HIv2___RNAseq.g4747.t1","Cluster 5"
"Pocillopora_acuta_HIv2___RNAseq.g4765.t1","Pocillopora_acuta_HIv2___RNAseq.g4765.t1","Cluster 1"
"Pocillopora_acuta_HIv2___RNAseq.g4770.t1","Pocillopora_acuta_HIv2___RNAseq.g4770.t1","Cluster 6"
"Pocillopora_acuta_HIv2___RNAseq.g4786.t1","Pocillopora_acuta_HIv2___RNAseq.g4786.t1","Cluster 1"
"Pocillopora_acuta_HIv2___RNAseq.g4792.t1","Pocillopora_acuta_HIv2___RNAseq.g4792.t1","Cluster 6"
"Pocillopora_acuta_HIv2___RNAseq.g4796.t1","Pocillopora_acuta_HIv2___RNAseq.g4796.t1","Cluster 6"
"Pocillopora_acuta_HIv2___RNAseq.g4842.t1","Pocillopora_acuta_HIv2___RNAseq.g4842.t1","Cluster 6"
"Pocillopora_acuta_HIv2___RNAseq.g4871.t1","Pocillopora_acuta_HIv2___RNAseq.g4871.t1","Cluster 1"
"Pocillopora_acuta_HIv2___RNAseq.g4876.t1","Pocillopora_acuta_HIv2___RNAseq.g4876.t1","Cluster 1"
"Pocillopora_acuta_HIv2___RNAseq.g4886.t1","Pocillopora_acuta_HIv2___RNAseq.g4886.t1","Cluster 4"
"Pocillopora_acuta_HIv2___RNAseq.g4889.t1","Pocillopora_acuta_HIv2___RNAseq.g4889.t1","Cluster 3"
"Pocillopora_acuta_HIv2___RNAseq.g49.t1","Pocillopora_acuta_HIv2___RNAseq.g49.t1","Cluster 5"
"Pocillopora_acuta_HIv2___RNAseq.g4931.t1","Pocillopora_acuta_HIv2___RNAseq.g4931.t1","Cluster 1"
"Pocillopora_acuta_HIv2___RNAseq.g4945.t1","Pocillopora_acuta_HIv2___RNAseq.g4945.t1","Cluster 3"
"Pocillopora_acuta_HIv2___RNAseq.g4985.t2","Pocillopora_acuta_HIv2___RNAseq.g4985.t2","Cluster 3"
"Pocillopora_acuta_HIv2___RNAseq.g4987.t1","Pocillopora_acuta_HIv2___RNAseq.g4987.t1","Cluster 3"
"Pocillopora_acuta_HIv2___RNAseq.g5036.t1","Pocillopora_acuta_HIv2___RNAseq.g5036.t1","Cluster 5"
"Pocillopora_acuta_HIv2___RNAseq.g5056.t1","Pocillopora_acuta_HIv2___RNAseq.g5056.t1","Cluster 2"
"Pocillopora_acuta_HIv2___RNAseq.g5077.t1","Pocillopora_acuta_HIv2___RNAseq.g5077.t1","Cluster 2"
"Pocillopora_acuta_HIv2___RNAseq.g5081.t1","Pocillopora_acuta_HIv2___RNAseq.g5081.t1","Cluster 5"
"Pocillopora_acuta_HIv2___RNAseq.g5083.t1","Pocillopora_acuta_HIv2___RNAseq.g5083.t1","Cluster 3"
"Pocillopora_acuta_HIv2___RNAseq.g5116.t1","Pocillopora_acuta_HIv2___RNAseq.g5116.t1","Cluster 1"
"Pocillopora_acuta_HIv2___RNAseq.g5118.t1","Pocillopora_acuta_HIv2___RNAseq.g5118.t1","Cluster 3"
"Pocillopora_acuta_HIv2___RNAseq.g5125.t1","Pocillopora_acuta_HIv2___RNAseq.g5125.t1","Cluster 1"
"Pocillopora_acuta_HIv2___RNAseq.g5142.t1","Pocillopora_acuta_HIv2___RNAseq.g5142.t1","Cluster 3"
"Pocillopora_acuta_HIv2___RNAseq.g5179.t1","Pocillopora_acuta_HIv2___RNAseq.g5179.t1","Cluster 5"
"Pocillopora_acuta_HIv2___RNAseq.g520.t1","Pocillopora_acuta_HIv2___RNAseq.g520.t1","Cluster 4"
"Pocillopora_acuta_HIv2___RNAseq.g5215.t1","Pocillopora_acuta_HIv2___RNAseq.g5215.t1","Cluster 3"
"Pocillopora_acuta_HIv2___RNAseq.g5227.t1","Pocillopora_acuta_HIv2___RNAseq.g5227.t1","Cluster 2"
"Pocillopora_acuta_HIv2___RNAseq.g5228.t1","Pocillopora_acuta_HIv2___RNAseq.g5228.t1","Cluster 3"
"Pocillopora_acuta_HIv2___RNAseq.g5250.t1","Pocillopora_acuta_HIv2___RNAseq.g5250.t1","Cluster 4"
"Pocillopora_acuta_HIv2___RNAseq.g5254.t1","Pocillopora_acuta_HIv2___RNAseq.g5254.t1","Cluster 3"
"Pocillopora_acuta_HIv2___RNAseq.g5262.t1","Pocillopora_acuta_HIv2___RNAseq.g5262.t1","Cluster 1"
"Pocillopora_acuta_HIv2___RNAseq.g5283.t1","Pocillopora_acuta_HIv2___RNAseq.g5283.t1","Cluster 1"
"Pocillopora_acuta_HIv2___RNAseq.g5314.t1","Pocillopora_acuta_HIv2___RNAseq.g5314.t1","Cluster 3"
"Pocillopora_acuta_HIv2___RNAseq.g5343.t1","Pocillopora_acuta_HIv2___RNAseq.g5343.t1","Cluster 3"
"Pocillopora_acuta_HIv2___RNAseq.g5348.t1a","Pocillopora_acuta_HIv2___RNAseq.g5348.t1a","Cluster 3"
"Pocillopora_acuta_HIv2___RNAseq.g5352.t1","Pocillopora_acuta_HIv2___RNAseq.g5352.t1","Cluster 2"
"Pocillopora_acuta_HIv2___RNAseq.g5373.t1b","Pocillopora_acuta_HIv2___RNAseq.g5373.t1b","Cluster 3"
"Pocillopora_acuta_HIv2___RNAseq.g5375.t1","Pocillopora_acuta_HIv2___RNAseq.g5375.t1","Cluster 6"
"Pocillopora_acuta_HIv2___RNAseq.g5376.t1","Pocillopora_acuta_HIv2___RNAseq.g5376.t1","Cluster 6"
"Pocillopora_acuta_HIv2___RNAseq.g5383.t1","Pocillopora_acuta_HIv2___RNAseq.g5383.t1","Cluster 2"
"Pocillopora_acuta_HIv2___RNAseq.g5391.t1","Pocillopora_acuta_HIv2___RNAseq.g5391.t1","Cluster 3"
"Pocillopora_acuta_HIv2___RNAseq.g54.t1","Pocillopora_acuta_HIv2___RNAseq.g54.t1","Cluster 6"
"Pocillopora_acuta_HIv2___RNAseq.g5401.t1","Pocillopora_acuta_HIv2___RNAseq.g5401.t1","Cluster 1"
"Pocillopora_acuta_HIv2___RNAseq.g5462.t1","Pocillopora_acuta_HIv2___RNAseq.g5462.t1","Cluster 4"
"Pocillopora_acuta_HIv2___RNAseq.g5464.t1","Pocillopora_acuta_HIv2___RNAseq.g5464.t1","Cluster 2"
"Pocillopora_acuta_HIv2___RNAseq.g5467.t1","Pocillopora_acuta_HIv2___RNAseq.g5467.t1","Cluster 3"
"Pocillopora_acuta_HIv2___RNAseq.g5522.t1","Pocillopora_acuta_HIv2___RNAseq.g5522.t1","Cluster 2"
"Pocillopora_acuta_HIv2___RNAseq.g5542.t1","Pocillopora_acuta_HIv2___RNAseq.g5542.t1","Cluster 2"
"Pocillopora_acuta_HIv2___RNAseq.g5553.t1","Pocillopora_acuta_HIv2___RNAseq.g5553.t1","Cluster 6"
"Pocillopora_acuta_HIv2___RNAseq.g5557.t3","Pocillopora_acuta_HIv2___RNAseq.g5557.t3","Cluster 5"
"Pocillopora_acuta_HIv2___RNAseq.g5558.t1","Pocillopora_acuta_HIv2___RNAseq.g5558.t1","Cluster 5"
"Pocillopora_acuta_HIv2___RNAseq.g5604.t1","Pocillopora_acuta_HIv2___RNAseq.g5604.t1","Cluster 1"
"Pocillopora_acuta_HIv2___RNAseq.g5607.t1","Pocillopora_acuta_HIv2___RNAseq.g5607.t1","Cluster 1"
"Pocillopora_acuta_HIv2___RNAseq.g5619.t1","Pocillopora_acuta_HIv2___RNAseq.g5619.t1","Cluster 6"
"Pocillopora_acuta_HIv2___RNAseq.g5628.t1","Pocillopora_acuta_HIv2___RNAseq.g5628.t1","Cluster 5"
"Pocillopora_acuta_HIv2___RNAseq.g5632.t1","Pocillopora_acuta_HIv2___RNAseq.g5632.t1","Cluster 3"
"Pocillopora_acuta_HIv2___RNAseq.g5634.t1","Pocillopora_acuta_HIv2___RNAseq.g5634.t1","Cluster 4"
"Pocillopora_acuta_HIv2___RNAseq.g5647.t1","Pocillopora_acuta_HIv2___RNAseq.g5647.t1","Cluster 4"
"Pocillopora_acuta_HIv2___RNAseq.g565.t1","Pocillopora_acuta_HIv2___RNAseq.g565.t1","Cluster 2"
"Pocillopora_acuta_HIv2___RNAseq.g569.t1","Pocillopora_acuta_HIv2___RNAseq.g569.t1","Cluster 3"
"Pocillopora_acuta_HIv2___RNAseq.g5694.t1","Pocillopora_acuta_HIv2___RNAseq.g5694.t1","Cluster 3"
"Pocillopora_acuta_HIv2___RNAseq.g5703.t1","Pocillopora_acuta_HIv2___RNAseq.g5703.t1","Cluster 2"
"Pocillopora_acuta_HIv2___RNAseq.g5712.t1","Pocillopora_acuta_HIv2___RNAseq.g5712.t1","Cluster 2"
"Pocillopora_acuta_HIv2___RNAseq.g5714.t1","Pocillopora_acuta_HIv2___RNAseq.g5714.t1","Cluster 4"
"Pocillopora_acuta_HIv2___RNAseq.g5725.t1","Pocillopora_acuta_HIv2___RNAseq.g5725.t1","Cluster 1"
"Pocillopora_acuta_HIv2___RNAseq.g5750.t1","Pocillopora_acuta_HIv2___RNAseq.g5750.t1","Cluster 3"
"Pocillopora_acuta_HIv2___RNAseq.g5751.t1","Pocillopora_acuta_HIv2___RNAseq.g5751.t1","Cluster 3"
"Pocillopora_acuta_HIv2___RNAseq.g5754.t2","Pocillopora_acuta_HIv2___RNAseq.g5754.t2","Cluster 3"
"Pocillopora_acuta_HIv2___RNAseq.g5755.t1","Pocillopora_acuta_HIv2___RNAseq.g5755.t1","Cluster 2"
"Pocillopora_acuta_HIv2___RNAseq.g5777.t1","Pocillopora_acuta_HIv2___RNAseq.g5777.t1","Cluster 4"
"Pocillopora_acuta_HIv2___RNAseq.g5778.t1","Pocillopora_acuta_HIv2___RNAseq.g5778.t1","Cluster 3"
"Pocillopora_acuta_HIv2___RNAseq.g5792.t1","Pocillopora_acuta_HIv2___RNAseq.g5792.t1","Cluster 1"
"Pocillopora_acuta_HIv2___RNAseq.g5800.t1","Pocillopora_acuta_HIv2___RNAseq.g5800.t1","Cluster 2"
"Pocillopora_acuta_HIv2___RNAseq.g5811.t1","Pocillopora_acuta_HIv2___RNAseq.g5811.t1","Cluster 5"
"Pocillopora_acuta_HIv2___RNAseq.g5813.t1","Pocillopora_acuta_HIv2___RNAseq.g5813.t1","Cluster 2"
"Pocillopora_acuta_HIv2___RNAseq.g5863.t1","Pocillopora_acuta_HIv2___RNAseq.g5863.t1","Cluster 3"
"Pocillopora_acuta_HIv2___RNAseq.g5874.t1","Pocillopora_acuta_HIv2___RNAseq.g5874.t1","Cluster 1"
"Pocillopora_acuta_HIv2___RNAseq.g5876.t1","Pocillopora_acuta_HIv2___RNAseq.g5876.t1","Cluster 6"
"Pocillopora_acuta_HIv2___RNAseq.g5880.t1","Pocillopora_acuta_HIv2___RNAseq.g5880.t1","Cluster 3"
"Pocillopora_acuta_HIv2___RNAseq.g5884.t1","Pocillopora_acuta_HIv2___RNAseq.g5884.t1","Cluster 2"
"Pocillopora_acuta_HIv2___RNAseq.g5896.t1","Pocillopora_acuta_HIv2___RNAseq.g5896.t1","Cluster 2"
"Pocillopora_acuta_HIv2___RNAseq.g5908.t1","Pocillopora_acuta_HIv2___RNAseq.g5908.t1","Cluster 2"
"Pocillopora_acuta_HIv2___RNAseq.g5925.t1","Pocillopora_acuta_HIv2___RNAseq.g5925.t1","Cluster 2"
"Pocillopora_acuta_HIv2___RNAseq.g5939.t1","Pocillopora_acuta_HIv2___RNAseq.g5939.t1","Cluster 5"
"Pocillopora_acuta_HIv2___RNAseq.g5964.t1","Pocillopora_acuta_HIv2___RNAseq.g5964.t1","Cluster 3"
"Pocillopora_acuta_HIv2___RNAseq.g5965.t1","Pocillopora_acuta_HIv2___RNAseq.g5965.t1","Cluster 4"
"Pocillopora_acuta_HIv2___RNAseq.g5981.t1","Pocillopora_acuta_HIv2___RNAseq.g5981.t1","Cluster 3"
"Pocillopora_acuta_HIv2___RNAseq.g5983.t1","Pocillopora_acuta_HIv2___RNAseq.g5983.t1","Cluster 1"
"Pocillopora_acuta_HIv2___RNAseq.g5985.t1","Pocillopora_acuta_HIv2___RNAseq.g5985.t1","Cluster 3"
"Pocillopora_acuta_HIv2___RNAseq.g6076.t1","Pocillopora_acuta_HIv2___RNAseq.g6076.t1","Cluster 5"
"Pocillopora_acuta_HIv2___RNAseq.g6095.t1","Pocillopora_acuta_HIv2___RNAseq.g6095.t1","Cluster 1"
"Pocillopora_acuta_HIv2___RNAseq.g612.t1","Pocillopora_acuta_HIv2___RNAseq.g612.t1","Cluster 2"
"Pocillopora_acuta_HIv2___RNAseq.g6123.t1","Pocillopora_acuta_HIv2___RNAseq.g6123.t1","Cluster 2"
"Pocillopora_acuta_HIv2___RNAseq.g6125.t1","Pocillopora_acuta_HIv2___RNAseq.g6125.t1","Cluster 3"
"Pocillopora_acuta_HIv2___RNAseq.g614.t1","Pocillopora_acuta_HIv2___RNAseq.g614.t1","Cluster 3"
"Pocillopora_acuta_HIv2___RNAseq.g6140.t1","Pocillopora_acuta_HIv2___RNAseq.g6140.t1","Cluster 2"
"Pocillopora_acuta_HIv2___RNAseq.g6161.t1","Pocillopora_acuta_HIv2___RNAseq.g6161.t1","Cluster 1"
"Pocillopora_acuta_HIv2___RNAseq.g6169.t1","Pocillopora_acuta_HIv2___RNAseq.g6169.t1","Cluster 1"
"Pocillopora_acuta_HIv2___RNAseq.g617.t1","Pocillopora_acuta_HIv2___RNAseq.g617.t1","Cluster 2"
"Pocillopora_acuta_HIv2___RNAseq.g6170.t1b","Pocillopora_acuta_HIv2___RNAseq.g6170.t1b","Cluster 1"
"Pocillopora_acuta_HIv2___RNAseq.g6180.t1","Pocillopora_acuta_HIv2___RNAseq.g6180.t1","Cluster 2"
"Pocillopora_acuta_HIv2___RNAseq.g6185.t1","Pocillopora_acuta_HIv2___RNAseq.g6185.t1","Cluster 4"
"Pocillopora_acuta_HIv2___RNAseq.g6187.t1","Pocillopora_acuta_HIv2___RNAseq.g6187.t1","Cluster 5"
"Pocillopora_acuta_HIv2___RNAseq.g6203.t1","Pocillopora_acuta_HIv2___RNAseq.g6203.t1","Cluster 3"
"Pocillopora_acuta_HIv2___RNAseq.g6209.t1","Pocillopora_acuta_HIv2___RNAseq.g6209.t1","Cluster 3"
"Pocillopora_acuta_HIv2___RNAseq.g6213.t1","Pocillopora_acuta_HIv2___RNAseq.g6213.t1","Cluster 4"
"Pocillopora_acuta_HIv2___RNAseq.g6226.t1","Pocillopora_acuta_HIv2___RNAseq.g6226.t1","Cluster 4"
"Pocillopora_acuta_HIv2___RNAseq.g6227.t1","Pocillopora_acuta_HIv2___RNAseq.g6227.t1","Cluster 3"
"Pocillopora_acuta_HIv2___RNAseq.g6241.t2","Pocillopora_acuta_HIv2___RNAseq.g6241.t2","Cluster 2"
"Pocillopora_acuta_HIv2___RNAseq.g6266.t1","Pocillopora_acuta_HIv2___RNAseq.g6266.t1","Cluster 1"
"Pocillopora_acuta_HIv2___RNAseq.g628.t1","Pocillopora_acuta_HIv2___RNAseq.g628.t1","Cluster 1"
"Pocillopora_acuta_HIv2___RNAseq.g631.t1","Pocillopora_acuta_HIv2___RNAseq.g631.t1","Cluster 5"
"Pocillopora_acuta_HIv2___RNAseq.g6344.t1","Pocillopora_acuta_HIv2___RNAseq.g6344.t1","Cluster 6"
"Pocillopora_acuta_HIv2___RNAseq.g6375.t1","Pocillopora_acuta_HIv2___RNAseq.g6375.t1","Cluster 1"
"Pocillopora_acuta_HIv2___RNAseq.g6398.t1","Pocillopora_acuta_HIv2___RNAseq.g6398.t1","Cluster 6"
"Pocillopora_acuta_HIv2___RNAseq.g6404.t1","Pocillopora_acuta_HIv2___RNAseq.g6404.t1","Cluster 1"
"Pocillopora_acuta_HIv2___RNAseq.g6446.t1","Pocillopora_acuta_HIv2___RNAseq.g6446.t1","Cluster 3"
"Pocillopora_acuta_HIv2___RNAseq.g6538.t1","Pocillopora_acuta_HIv2___RNAseq.g6538.t1","Cluster 1"
"Pocillopora_acuta_HIv2___RNAseq.g6543.t1","Pocillopora_acuta_HIv2___RNAseq.g6543.t1","Cluster 3"
"Pocillopora_acuta_HIv2___RNAseq.g6544.t1","Pocillopora_acuta_HIv2___RNAseq.g6544.t1","Cluster 1"
"Pocillopora_acuta_HIv2___RNAseq.g6551.t1a","Pocillopora_acuta_HIv2___RNAseq.g6551.t1a","Cluster 5"
"Pocillopora_acuta_HIv2___RNAseq.g6552.t1","Pocillopora_acuta_HIv2___RNAseq.g6552.t1","Cluster 6"
"Pocillopora_acuta_HIv2___RNAseq.g6557.t1","Pocillopora_acuta_HIv2___RNAseq.g6557.t1","Cluster 1"
"Pocillopora_acuta_HIv2___RNAseq.g6577.t1","Pocillopora_acuta_HIv2___RNAseq.g6577.t1","Cluster 6"
"Pocillopora_acuta_HIv2___RNAseq.g6587.t1","Pocillopora_acuta_HIv2___RNAseq.g6587.t1","Cluster 5"
"Pocillopora_acuta_HIv2___RNAseq.g6588.t1","Pocillopora_acuta_HIv2___RNAseq.g6588.t1","Cluster 1"
"Pocillopora_acuta_HIv2___RNAseq.g6635.t1","Pocillopora_acuta_HIv2___RNAseq.g6635.t1","Cluster 4"
"Pocillopora_acuta_HIv2___RNAseq.g6637.t1","Pocillopora_acuta_HIv2___RNAseq.g6637.t1","Cluster 2"
"Pocillopora_acuta_HIv2___RNAseq.g665.t1","Pocillopora_acuta_HIv2___RNAseq.g665.t1","Cluster 3"
"Pocillopora_acuta_HIv2___RNAseq.g6658.t1","Pocillopora_acuta_HIv2___RNAseq.g6658.t1","Cluster 5"
"Pocillopora_acuta_HIv2___RNAseq.g6673.t1","Pocillopora_acuta_HIv2___RNAseq.g6673.t1","Cluster 2"
"Pocillopora_acuta_HIv2___RNAseq.g6678.t1","Pocillopora_acuta_HIv2___RNAseq.g6678.t1","Cluster 3"
"Pocillopora_acuta_HIv2___RNAseq.g6681.t1","Pocillopora_acuta_HIv2___RNAseq.g6681.t1","Cluster 3"
"Pocillopora_acuta_HIv2___RNAseq.g6688.t1","Pocillopora_acuta_HIv2___RNAseq.g6688.t1","Cluster 1"
"Pocillopora_acuta_HIv2___RNAseq.g6699.t1","Pocillopora_acuta_HIv2___RNAseq.g6699.t1","Cluster 1"
"Pocillopora_acuta_HIv2___RNAseq.g6708.t1","Pocillopora_acuta_HIv2___RNAseq.g6708.t1","Cluster 3"
"Pocillopora_acuta_HIv2___RNAseq.g672.t1","Pocillopora_acuta_HIv2___RNAseq.g672.t1","Cluster 6"
"Pocillopora_acuta_HIv2___RNAseq.g6724.t1","Pocillopora_acuta_HIv2___RNAseq.g6724.t1","Cluster 3"
"Pocillopora_acuta_HIv2___RNAseq.g673.t1","Pocillopora_acuta_HIv2___RNAseq.g673.t1","Cluster 3"
"Pocillopora_acuta_HIv2___RNAseq.g6734.t1","Pocillopora_acuta_HIv2___RNAseq.g6734.t1","Cluster 1"
"Pocillopora_acuta_HIv2___RNAseq.g6738.t1","Pocillopora_acuta_HIv2___RNAseq.g6738.t1","Cluster 2"
"Pocillopora_acuta_HIv2___RNAseq.g6740.t1","Pocillopora_acuta_HIv2___RNAseq.g6740.t1","Cluster 2"
"Pocillopora_acuta_HIv2___RNAseq.g6745.t1","Pocillopora_acuta_HIv2___RNAseq.g6745.t1","Cluster 3"
"Pocillopora_acuta_HIv2___RNAseq.g679.t1","Pocillopora_acuta_HIv2___RNAseq.g679.t1","Cluster 4"
"Pocillopora_acuta_HIv2___RNAseq.g6819.t1","Pocillopora_acuta_HIv2___RNAseq.g6819.t1","Cluster 2"
"Pocillopora_acuta_HIv2___RNAseq.g682.t1","Pocillopora_acuta_HIv2___RNAseq.g682.t1","Cluster 1"
"Pocillopora_acuta_HIv2___RNAseq.g684.t1","Pocillopora_acuta_HIv2___RNAseq.g684.t1","Cluster 1"
"Pocillopora_acuta_HIv2___RNAseq.g6841.t1","Pocillopora_acuta_HIv2___RNAseq.g6841.t1","Cluster 3"
"Pocillopora_acuta_HIv2___RNAseq.g6874.t1","Pocillopora_acuta_HIv2___RNAseq.g6874.t1","Cluster 1"
"Pocillopora_acuta_HIv2___RNAseq.g6896.t1","Pocillopora_acuta_HIv2___RNAseq.g6896.t1","Cluster 3"
"Pocillopora_acuta_HIv2___RNAseq.g6897.t1","Pocillopora_acuta_HIv2___RNAseq.g6897.t1","Cluster 3"
"Pocillopora_acuta_HIv2___RNAseq.g6939.t1","Pocillopora_acuta_HIv2___RNAseq.g6939.t1","Cluster 3"
"Pocillopora_acuta_HIv2___RNAseq.g6945.t1","Pocillopora_acuta_HIv2___RNAseq.g6945.t1","Cluster 3"
"Pocillopora_acuta_HIv2___RNAseq.g6946.t1","Pocillopora_acuta_HIv2___RNAseq.g6946.t1","Cluster 1"
"Pocillopora_acuta_HIv2___RNAseq.g6958.t1","Pocillopora_acuta_HIv2___RNAseq.g6958.t1","Cluster 3"
"Pocillopora_acuta_HIv2___RNAseq.g6970.t1","Pocillopora_acuta_HIv2___RNAseq.g6970.t1","Cluster 3"
"Pocillopora_acuta_HIv2___RNAseq.g6984.t1","Pocillopora_acuta_HIv2___RNAseq.g6984.t1","Cluster 3"
"Pocillopora_acuta_HIv2___RNAseq.g6986.t1","Pocillopora_acuta_HIv2___RNAseq.g6986.t1","Cluster 2"
"Pocillopora_acuta_HIv2___RNAseq.g6991.t1","Pocillopora_acuta_HIv2___RNAseq.g6991.t1","Cluster 5"
"Pocillopora_acuta_HIv2___RNAseq.g6996.t1c","Pocillopora_acuta_HIv2___RNAseq.g6996.t1c","Cluster 6"
"Pocillopora_acuta_HIv2___RNAseq.g7018.t1","Pocillopora_acuta_HIv2___RNAseq.g7018.t1","Cluster 6"
"Pocillopora_acuta_HIv2___RNAseq.g7020.t1","Pocillopora_acuta_HIv2___RNAseq.g7020.t1","Cluster 4"
"Pocillopora_acuta_HIv2___RNAseq.g7023.t1","Pocillopora_acuta_HIv2___RNAseq.g7023.t1","Cluster 5"
"Pocillopora_acuta_HIv2___RNAseq.g7029.t1","Pocillopora_acuta_HIv2___RNAseq.g7029.t1","Cluster 3"
"Pocillopora_acuta_HIv2___RNAseq.g7031.t1","Pocillopora_acuta_HIv2___RNAseq.g7031.t1","Cluster 6"
"Pocillopora_acuta_HIv2___RNAseq.g7040.t1","Pocillopora_acuta_HIv2___RNAseq.g7040.t1","Cluster 3"
"Pocillopora_acuta_HIv2___RNAseq.g7046.t1","Pocillopora_acuta_HIv2___RNAseq.g7046.t1","Cluster 1"
"Pocillopora_acuta_HIv2___RNAseq.g7058.t1","Pocillopora_acuta_HIv2___RNAseq.g7058.t1","Cluster 2"
"Pocillopora_acuta_HIv2___RNAseq.g7065.t1a","Pocillopora_acuta_HIv2___RNAseq.g7065.t1a","Cluster 3"
"Pocillopora_acuta_HIv2___RNAseq.g7076.t1","Pocillopora_acuta_HIv2___RNAseq.g7076.t1","Cluster 6"
"Pocillopora_acuta_HIv2___RNAseq.g7088.t1","Pocillopora_acuta_HIv2___RNAseq.g7088.t1","Cluster 1"
"Pocillopora_acuta_HIv2___RNAseq.g7091.t1","Pocillopora_acuta_HIv2___RNAseq.g7091.t1","Cluster 5"
"Pocillopora_acuta_HIv2___RNAseq.g7092.t1","Pocillopora_acuta_HIv2___RNAseq.g7092.t1","Cluster 5"
"Pocillopora_acuta_HIv2___RNAseq.g7095.t1","Pocillopora_acuta_HIv2___RNAseq.g7095.t1","Cluster 2"
"Pocillopora_acuta_HIv2___RNAseq.g7113.t1","Pocillopora_acuta_HIv2___RNAseq.g7113.t1","Cluster 2"
"Pocillopora_acuta_HIv2___RNAseq.g7120.t1","Pocillopora_acuta_HIv2___RNAseq.g7120.t1","Cluster 4"
"Pocillopora_acuta_HIv2___RNAseq.g7131.t1","Pocillopora_acuta_HIv2___RNAseq.g7131.t1","Cluster 1"
"Pocillopora_acuta_HIv2___RNAseq.g7181.t1","Pocillopora_acuta_HIv2___RNAseq.g7181.t1","Cluster 3"
"Pocillopora_acuta_HIv2___RNAseq.g7184.t1","Pocillopora_acuta_HIv2___RNAseq.g7184.t1","Cluster 3"
"Pocillopora_acuta_HIv2___RNAseq.g7186.t2","Pocillopora_acuta_HIv2___RNAseq.g7186.t2","Cluster 2"
"Pocillopora_acuta_HIv2___RNAseq.g7202.t1","Pocillopora_acuta_HIv2___RNAseq.g7202.t1","Cluster 2"
"Pocillopora_acuta_HIv2___RNAseq.g7204.t1","Pocillopora_acuta_HIv2___RNAseq.g7204.t1","Cluster 5"
"Pocillopora_acuta_HIv2___RNAseq.g7205.t1","Pocillopora_acuta_HIv2___RNAseq.g7205.t1","Cluster 1"
"Pocillopora_acuta_HIv2___RNAseq.g723.t1","Pocillopora_acuta_HIv2___RNAseq.g723.t1","Cluster 1"
"Pocillopora_acuta_HIv2___RNAseq.g7274.t1","Pocillopora_acuta_HIv2___RNAseq.g7274.t1","Cluster 6"
"Pocillopora_acuta_HIv2___RNAseq.g7278.t1","Pocillopora_acuta_HIv2___RNAseq.g7278.t1","Cluster 2"
"Pocillopora_acuta_HIv2___RNAseq.g7303.t1","Pocillopora_acuta_HIv2___RNAseq.g7303.t1","Cluster 3"
"Pocillopora_acuta_HIv2___RNAseq.g7312.t1","Pocillopora_acuta_HIv2___RNAseq.g7312.t1","Cluster 1"
"Pocillopora_acuta_HIv2___RNAseq.g7317.t1","Pocillopora_acuta_HIv2___RNAseq.g7317.t1","Cluster 5"
"Pocillopora_acuta_HIv2___RNAseq.g7321.t1","Pocillopora_acuta_HIv2___RNAseq.g7321.t1","Cluster 3"
"Pocillopora_acuta_HIv2___RNAseq.g7332.t1","Pocillopora_acuta_HIv2___RNAseq.g7332.t1","Cluster 2"
"Pocillopora_acuta_HIv2___RNAseq.g7336.t1","Pocillopora_acuta_HIv2___RNAseq.g7336.t1","Cluster 2"
"Pocillopora_acuta_HIv2___RNAseq.g7340.t1","Pocillopora_acuta_HIv2___RNAseq.g7340.t1","Cluster 2"
"Pocillopora_acuta_HIv2___RNAseq.g7408.t1","Pocillopora_acuta_HIv2___RNAseq.g7408.t1","Cluster 1"
"Pocillopora_acuta_HIv2___RNAseq.g7438.t1","Pocillopora_acuta_HIv2___RNAseq.g7438.t1","Cluster 1"
"Pocillopora_acuta_HIv2___RNAseq.g7444.t1","Pocillopora_acuta_HIv2___RNAseq.g7444.t1","Cluster 6"
"Pocillopora_acuta_HIv2___RNAseq.g745.t1","Pocillopora_acuta_HIv2___RNAseq.g745.t1","Cluster 6"
"Pocillopora_acuta_HIv2___RNAseq.g7454.t2","Pocillopora_acuta_HIv2___RNAseq.g7454.t2","Cluster 4"
"Pocillopora_acuta_HIv2___RNAseq.g7457.t1","Pocillopora_acuta_HIv2___RNAseq.g7457.t1","Cluster 2"
"Pocillopora_acuta_HIv2___RNAseq.g7470.t1","Pocillopora_acuta_HIv2___RNAseq.g7470.t1","Cluster 2"
"Pocillopora_acuta_HIv2___RNAseq.g7481.t1","Pocillopora_acuta_HIv2___RNAseq.g7481.t1","Cluster 2"
"Pocillopora_acuta_HIv2___RNAseq.g7483.t2c","Pocillopora_acuta_HIv2___RNAseq.g7483.t2c","Cluster 6"
"Pocillopora_acuta_HIv2___RNAseq.g7484.t1","Pocillopora_acuta_HIv2___RNAseq.g7484.t1","Cluster 5"
"Pocillopora_acuta_HIv2___RNAseq.g7496.t1","Pocillopora_acuta_HIv2___RNAseq.g7496.t1","Cluster 1"
"Pocillopora_acuta_HIv2___RNAseq.g7498.t1","Pocillopora_acuta_HIv2___RNAseq.g7498.t1","Cluster 1"
"Pocillopora_acuta_HIv2___RNAseq.g750.t1","Pocillopora_acuta_HIv2___RNAseq.g750.t1","Cluster 1"
"Pocillopora_acuta_HIv2___RNAseq.g7501.t2","Pocillopora_acuta_HIv2___RNAseq.g7501.t2","Cluster 4"
"Pocillopora_acuta_HIv2___RNAseq.g7509.t2","Pocillopora_acuta_HIv2___RNAseq.g7509.t2","Cluster 3"
"Pocillopora_acuta_HIv2___RNAseq.g7525.t1","Pocillopora_acuta_HIv2___RNAseq.g7525.t1","Cluster 6"
"Pocillopora_acuta_HIv2___RNAseq.g7530.t1","Pocillopora_acuta_HIv2___RNAseq.g7530.t1","Cluster 3"
"Pocillopora_acuta_HIv2___RNAseq.g7539.t1","Pocillopora_acuta_HIv2___RNAseq.g7539.t1","Cluster 3"
"Pocillopora_acuta_HIv2___RNAseq.g7552.t1","Pocillopora_acuta_HIv2___RNAseq.g7552.t1","Cluster 5"
"Pocillopora_acuta_HIv2___RNAseq.g7561.t1","Pocillopora_acuta_HIv2___RNAseq.g7561.t1","Cluster 3"
"Pocillopora_acuta_HIv2___RNAseq.g7565.t1","Pocillopora_acuta_HIv2___RNAseq.g7565.t1","Cluster 4"
"Pocillopora_acuta_HIv2___RNAseq.g7574.t1","Pocillopora_acuta_HIv2___RNAseq.g7574.t1","Cluster 2"
"Pocillopora_acuta_HIv2___RNAseq.g7583.t1","Pocillopora_acuta_HIv2___RNAseq.g7583.t1","Cluster 3"
"Pocillopora_acuta_HIv2___RNAseq.g7610.t1","Pocillopora_acuta_HIv2___RNAseq.g7610.t1","Cluster 3"
"Pocillopora_acuta_HIv2___RNAseq.g7614.t1","Pocillopora_acuta_HIv2___RNAseq.g7614.t1","Cluster 3"
"Pocillopora_acuta_HIv2___RNAseq.g7629.t1","Pocillopora_acuta_HIv2___RNAseq.g7629.t1","Cluster 3"
"Pocillopora_acuta_HIv2___RNAseq.g7630.t1","Pocillopora_acuta_HIv2___RNAseq.g7630.t1","Cluster 4"
"Pocillopora_acuta_HIv2___RNAseq.g7635.t1","Pocillopora_acuta_HIv2___RNAseq.g7635.t1","Cluster 1"
"Pocillopora_acuta_HIv2___RNAseq.g7639.t1","Pocillopora_acuta_HIv2___RNAseq.g7639.t1","Cluster 3"
"Pocillopora_acuta_HIv2___RNAseq.g7640.t1","Pocillopora_acuta_HIv2___RNAseq.g7640.t1","Cluster 3"
"Pocillopora_acuta_HIv2___RNAseq.g7644.t1","Pocillopora_acuta_HIv2___RNAseq.g7644.t1","Cluster 1"
"Pocillopora_acuta_HIv2___RNAseq.g7650.t1","Pocillopora_acuta_HIv2___RNAseq.g7650.t1","Cluster 5"
"Pocillopora_acuta_HIv2___RNAseq.g7665.t1","Pocillopora_acuta_HIv2___RNAseq.g7665.t1","Cluster 6"
"Pocillopora_acuta_HIv2___RNAseq.g7668.t1","Pocillopora_acuta_HIv2___RNAseq.g7668.t1","Cluster 2"
"Pocillopora_acuta_HIv2___RNAseq.g769.t1","Pocillopora_acuta_HIv2___RNAseq.g769.t1","Cluster 6"
"Pocillopora_acuta_HIv2___RNAseq.g7695.t1","Pocillopora_acuta_HIv2___RNAseq.g7695.t1","Cluster 3"
"Pocillopora_acuta_HIv2___RNAseq.g7703.t1","Pocillopora_acuta_HIv2___RNAseq.g7703.t1","Cluster 1"
"Pocillopora_acuta_HIv2___RNAseq.g7709.t1","Pocillopora_acuta_HIv2___RNAseq.g7709.t1","Cluster 1"
"Pocillopora_acuta_HIv2___RNAseq.g775.t1","Pocillopora_acuta_HIv2___RNAseq.g775.t1","Cluster 1"
"Pocillopora_acuta_HIv2___RNAseq.g7761.t1","Pocillopora_acuta_HIv2___RNAseq.g7761.t1","Cluster 3"
"Pocillopora_acuta_HIv2___RNAseq.g7773.t1","Pocillopora_acuta_HIv2___RNAseq.g7773.t1","Cluster 3"
"Pocillopora_acuta_HIv2___RNAseq.g7789.t1","Pocillopora_acuta_HIv2___RNAseq.g7789.t1","Cluster 1"
"Pocillopora_acuta_HIv2___RNAseq.g7812.t1","Pocillopora_acuta_HIv2___RNAseq.g7812.t1","Cluster 1"
"Pocillopora_acuta_HIv2___RNAseq.g7832.t1b","Pocillopora_acuta_HIv2___RNAseq.g7832.t1b","Cluster 2"
"Pocillopora_acuta_HIv2___RNAseq.g7854.t1","Pocillopora_acuta_HIv2___RNAseq.g7854.t1","Cluster 1"
"Pocillopora_acuta_HIv2___RNAseq.g7856.t1","Pocillopora_acuta_HIv2___RNAseq.g7856.t1","Cluster 3"
"Pocillopora_acuta_HIv2___RNAseq.g7888.t1","Pocillopora_acuta_HIv2___RNAseq.g7888.t1","Cluster 4"
"Pocillopora_acuta_HIv2___RNAseq.g7894.t1","Pocillopora_acuta_HIv2___RNAseq.g7894.t1","Cluster 1"
"Pocillopora_acuta_HIv2___RNAseq.g7898.t1","Pocillopora_acuta_HIv2___RNAseq.g7898.t1","Cluster 5"
"Pocillopora_acuta_HIv2___RNAseq.g7908.t1","Pocillopora_acuta_HIv2___RNAseq.g7908.t1","Cluster 1"
"Pocillopora_acuta_HIv2___RNAseq.g795.t1","Pocillopora_acuta_HIv2___RNAseq.g795.t1","Cluster 3"
"Pocillopora_acuta_HIv2___RNAseq.g7959.t1","Pocillopora_acuta_HIv2___RNAseq.g7959.t1","Cluster 6"
"Pocillopora_acuta_HIv2___RNAseq.g7960.t1","Pocillopora_acuta_HIv2___RNAseq.g7960.t1","Cluster 6"
"Pocillopora_acuta_HIv2___RNAseq.g7982.t1","Pocillopora_acuta_HIv2___RNAseq.g7982.t1","Cluster 3"
"Pocillopora_acuta_HIv2___RNAseq.g8008.t1","Pocillopora_acuta_HIv2___RNAseq.g8008.t1","Cluster 3"
"Pocillopora_acuta_HIv2___RNAseq.g8012.t1","Pocillopora_acuta_HIv2___RNAseq.g8012.t1","Cluster 4"
"Pocillopora_acuta_HIv2___RNAseq.g8022.t1","Pocillopora_acuta_HIv2___RNAseq.g8022.t1","Cluster 1"
"Pocillopora_acuta_HIv2___RNAseq.g8029.t1","Pocillopora_acuta_HIv2___RNAseq.g8029.t1","Cluster 3"
"Pocillopora_acuta_HIv2___RNAseq.g8030.t1","Pocillopora_acuta_HIv2___RNAseq.g8030.t1","Cluster 5"
"Pocillopora_acuta_HIv2___RNAseq.g8045.t1","Pocillopora_acuta_HIv2___RNAseq.g8045.t1","Cluster 5"
"Pocillopora_acuta_HIv2___RNAseq.g8047.t1","Pocillopora_acuta_HIv2___RNAseq.g8047.t1","Cluster 1"
"Pocillopora_acuta_HIv2___RNAseq.g8051.t1","Pocillopora_acuta_HIv2___RNAseq.g8051.t1","Cluster 6"
"Pocillopora_acuta_HIv2___RNAseq.g8063.t1","Pocillopora_acuta_HIv2___RNAseq.g8063.t1","Cluster 2"
"Pocillopora_acuta_HIv2___RNAseq.g8072.t1","Pocillopora_acuta_HIv2___RNAseq.g8072.t1","Cluster 1"
"Pocillopora_acuta_HIv2___RNAseq.g8075.t1","Pocillopora_acuta_HIv2___RNAseq.g8075.t1","Cluster 5"
"Pocillopora_acuta_HIv2___RNAseq.g8078.t1","Pocillopora_acuta_HIv2___RNAseq.g8078.t1","Cluster 3"
"Pocillopora_acuta_HIv2___RNAseq.g8087.t1","Pocillopora_acuta_HIv2___RNAseq.g8087.t1","Cluster 2"
"Pocillopora_acuta_HIv2___RNAseq.g8093.t1","Pocillopora_acuta_HIv2___RNAseq.g8093.t1","Cluster 3"
"Pocillopora_acuta_HIv2___RNAseq.g8118.t1","Pocillopora_acuta_HIv2___RNAseq.g8118.t1","Cluster 1"
"Pocillopora_acuta_HIv2___RNAseq.g8148.t1","Pocillopora_acuta_HIv2___RNAseq.g8148.t1","Cluster 3"
"Pocillopora_acuta_HIv2___RNAseq.g8149.t1","Pocillopora_acuta_HIv2___RNAseq.g8149.t1","Cluster 3"
"Pocillopora_acuta_HIv2___RNAseq.g8158.t1","Pocillopora_acuta_HIv2___RNAseq.g8158.t1","Cluster 3"
"Pocillopora_acuta_HIv2___RNAseq.g8166.t1","Pocillopora_acuta_HIv2___RNAseq.g8166.t1","Cluster 2"
"Pocillopora_acuta_HIv2___RNAseq.g8178.t1","Pocillopora_acuta_HIv2___RNAseq.g8178.t1","Cluster 2"
"Pocillopora_acuta_HIv2___RNAseq.g8195.t1","Pocillopora_acuta_HIv2___RNAseq.g8195.t1","Cluster 3"
"Pocillopora_acuta_HIv2___RNAseq.g8207.t1","Pocillopora_acuta_HIv2___RNAseq.g8207.t1","Cluster 2"
"Pocillopora_acuta_HIv2___RNAseq.g8213.t2","Pocillopora_acuta_HIv2___RNAseq.g8213.t2","Cluster 1"
"Pocillopora_acuta_HIv2___RNAseq.g8216.t1","Pocillopora_acuta_HIv2___RNAseq.g8216.t1","Cluster 1"
"Pocillopora_acuta_HIv2___RNAseq.g8218.t1","Pocillopora_acuta_HIv2___RNAseq.g8218.t1","Cluster 5"
"Pocillopora_acuta_HIv2___RNAseq.g8226.t1","Pocillopora_acuta_HIv2___RNAseq.g8226.t1","Cluster 3"
"Pocillopora_acuta_HIv2___RNAseq.g8227.t1","Pocillopora_acuta_HIv2___RNAseq.g8227.t1","Cluster 5"
"Pocillopora_acuta_HIv2___RNAseq.g8246.t1","Pocillopora_acuta_HIv2___RNAseq.g8246.t1","Cluster 3"
"Pocillopora_acuta_HIv2___RNAseq.g8251.t1","Pocillopora_acuta_HIv2___RNAseq.g8251.t1","Cluster 4"
"Pocillopora_acuta_HIv2___RNAseq.g8252.t1","Pocillopora_acuta_HIv2___RNAseq.g8252.t1","Cluster 6"
"Pocillopora_acuta_HIv2___RNAseq.g8272.t1","Pocillopora_acuta_HIv2___RNAseq.g8272.t1","Cluster 2"
"Pocillopora_acuta_HIv2___RNAseq.g8275.t1","Pocillopora_acuta_HIv2___RNAseq.g8275.t1","Cluster 5"
"Pocillopora_acuta_HIv2___RNAseq.g8280.t1","Pocillopora_acuta_HIv2___RNAseq.g8280.t1","Cluster 3"
"Pocillopora_acuta_HIv2___RNAseq.g8305.t1","Pocillopora_acuta_HIv2___RNAseq.g8305.t1","Cluster 6"
"Pocillopora_acuta_HIv2___RNAseq.g8333.t1","Pocillopora_acuta_HIv2___RNAseq.g8333.t1","Cluster 3"
"Pocillopora_acuta_HIv2___RNAseq.g8337.t1","Pocillopora_acuta_HIv2___RNAseq.g8337.t1","Cluster 2"
"Pocillopora_acuta_HIv2___RNAseq.g8338.t1","Pocillopora_acuta_HIv2___RNAseq.g8338.t1","Cluster 2"
"Pocillopora_acuta_HIv2___RNAseq.g8343.t1","Pocillopora_acuta_HIv2___RNAseq.g8343.t1","Cluster 1"
"Pocillopora_acuta_HIv2___RNAseq.g8344.t1","Pocillopora_acuta_HIv2___RNAseq.g8344.t1","Cluster 6"
"Pocillopora_acuta_HIv2___RNAseq.g8345.t1","Pocillopora_acuta_HIv2___RNAseq.g8345.t1","Cluster 1"
"Pocillopora_acuta_HIv2___RNAseq.g8358.t2","Pocillopora_acuta_HIv2___RNAseq.g8358.t2","Cluster 3"
"Pocillopora_acuta_HIv2___RNAseq.g8371.t2","Pocillopora_acuta_HIv2___RNAseq.g8371.t2","Cluster 3"
"Pocillopora_acuta_HIv2___RNAseq.g838.t1","Pocillopora_acuta_HIv2___RNAseq.g838.t1","Cluster 1"
"Pocillopora_acuta_HIv2___RNAseq.g8389.t1","Pocillopora_acuta_HIv2___RNAseq.g8389.t1","Cluster 1"
"Pocillopora_acuta_HIv2___RNAseq.g8399.t1","Pocillopora_acuta_HIv2___RNAseq.g8399.t1","Cluster 4"
"Pocillopora_acuta_HIv2___RNAseq.g840.t1","Pocillopora_acuta_HIv2___RNAseq.g840.t1","Cluster 1"
"Pocillopora_acuta_HIv2___RNAseq.g8403.t1","Pocillopora_acuta_HIv2___RNAseq.g8403.t1","Cluster 6"
"Pocillopora_acuta_HIv2___RNAseq.g8452.t1","Pocillopora_acuta_HIv2___RNAseq.g8452.t1","Cluster 1"
"Pocillopora_acuta_HIv2___RNAseq.g8478.t3","Pocillopora_acuta_HIv2___RNAseq.g8478.t3","Cluster 3"
"Pocillopora_acuta_HIv2___RNAseq.g8487.t1","Pocillopora_acuta_HIv2___RNAseq.g8487.t1","Cluster 2"
"Pocillopora_acuta_HIv2___RNAseq.g8493.t1","Pocillopora_acuta_HIv2___RNAseq.g8493.t1","Cluster 6"
"Pocillopora_acuta_HIv2___RNAseq.g8500.t1","Pocillopora_acuta_HIv2___RNAseq.g8500.t1","Cluster 1"
"Pocillopora_acuta_HIv2___RNAseq.g8568.t1","Pocillopora_acuta_HIv2___RNAseq.g8568.t1","Cluster 1"
"Pocillopora_acuta_HIv2___RNAseq.g8587.t1","Pocillopora_acuta_HIv2___RNAseq.g8587.t1","Cluster 1"
"Pocillopora_acuta_HIv2___RNAseq.g8621.t1","Pocillopora_acuta_HIv2___RNAseq.g8621.t1","Cluster 4"
"Pocillopora_acuta_HIv2___RNAseq.g8624.t1","Pocillopora_acuta_HIv2___RNAseq.g8624.t1","Cluster 1"
"Pocillopora_acuta_HIv2___RNAseq.g8632.t1","Pocillopora_acuta_HIv2___RNAseq.g8632.t1","Cluster 6"
"Pocillopora_acuta_HIv2___RNAseq.g8633.t1","Pocillopora_acuta_HIv2___RNAseq.g8633.t1","Cluster 3"
"Pocillopora_acuta_HIv2___RNAseq.g8647.t1","Pocillopora_acuta_HIv2___RNAseq.g8647.t1","Cluster 3"
"Pocillopora_acuta_HIv2___RNAseq.g8657.t1","Pocillopora_acuta_HIv2___RNAseq.g8657.t1","Cluster 3"
"Pocillopora_acuta_HIv2___RNAseq.g8666.t1","Pocillopora_acuta_HIv2___RNAseq.g8666.t1","Cluster 3"
"Pocillopora_acuta_HIv2___RNAseq.g8668.t1","Pocillopora_acuta_HIv2___RNAseq.g8668.t1","Cluster 2"
"Pocillopora_acuta_HIv2___RNAseq.g8689.t1","Pocillopora_acuta_HIv2___RNAseq.g8689.t1","Cluster 3"
"Pocillopora_acuta_HIv2___RNAseq.g8702.t1","Pocillopora_acuta_HIv2___RNAseq.g8702.t1","Cluster 1"
"Pocillopora_acuta_HIv2___RNAseq.g8707.t1","Pocillopora_acuta_HIv2___RNAseq.g8707.t1","Cluster 3"
"Pocillopora_acuta_HIv2___RNAseq.g8721.t1","Pocillopora_acuta_HIv2___RNAseq.g8721.t1","Cluster 1"
"Pocillopora_acuta_HIv2___RNAseq.g8722.t1","Pocillopora_acuta_HIv2___RNAseq.g8722.t1","Cluster 4"
"Pocillopora_acuta_HIv2___RNAseq.g8728.t1","Pocillopora_acuta_HIv2___RNAseq.g8728.t1","Cluster 3"
"Pocillopora_acuta_HIv2___RNAseq.g8732.t1","Pocillopora_acuta_HIv2___RNAseq.g8732.t1","Cluster 3"
"Pocillopora_acuta_HIv2___RNAseq.g8734.t2","Pocillopora_acuta_HIv2___RNAseq.g8734.t2","Cluster 2"
"Pocillopora_acuta_HIv2___RNAseq.g8772.t1","Pocillopora_acuta_HIv2___RNAseq.g8772.t1","Cluster 6"
"Pocillopora_acuta_HIv2___RNAseq.g8774.t1","Pocillopora_acuta_HIv2___RNAseq.g8774.t1","Cluster 2"
"Pocillopora_acuta_HIv2___RNAseq.g8786.t1","Pocillopora_acuta_HIv2___RNAseq.g8786.t1","Cluster 3"
"Pocillopora_acuta_HIv2___RNAseq.g8795.t1","Pocillopora_acuta_HIv2___RNAseq.g8795.t1","Cluster 1"
"Pocillopora_acuta_HIv2___RNAseq.g8816.t1","Pocillopora_acuta_HIv2___RNAseq.g8816.t1","Cluster 1"
"Pocillopora_acuta_HIv2___RNAseq.g8820.t1","Pocillopora_acuta_HIv2___RNAseq.g8820.t1","Cluster 2"
"Pocillopora_acuta_HIv2___RNAseq.g8821.t1","Pocillopora_acuta_HIv2___RNAseq.g8821.t1","Cluster 5"
"Pocillopora_acuta_HIv2___RNAseq.g8826.t1","Pocillopora_acuta_HIv2___RNAseq.g8826.t1","Cluster 3"
"Pocillopora_acuta_HIv2___RNAseq.g8853.t1","Pocillopora_acuta_HIv2___RNAseq.g8853.t1","Cluster 3"
"Pocillopora_acuta_HIv2___RNAseq.g887.t1","Pocillopora_acuta_HIv2___RNAseq.g887.t1","Cluster 3"
"Pocillopora_acuta_HIv2___RNAseq.g8884.t1","Pocillopora_acuta_HIv2___RNAseq.g8884.t1","Cluster 1"
"Pocillopora_acuta_HIv2___RNAseq.g8886.t1","Pocillopora_acuta_HIv2___RNAseq.g8886.t1","Cluster 5"
"Pocillopora_acuta_HIv2___RNAseq.g8901.t1","Pocillopora_acuta_HIv2___RNAseq.g8901.t1","Cluster 3"
"Pocillopora_acuta_HIv2___RNAseq.g891.t1","Pocillopora_acuta_HIv2___RNAseq.g891.t1","Cluster 1"
"Pocillopora_acuta_HIv2___RNAseq.g8917.t2","Pocillopora_acuta_HIv2___RNAseq.g8917.t2","Cluster 1"
"Pocillopora_acuta_HIv2___RNAseq.g8933.t1","Pocillopora_acuta_HIv2___RNAseq.g8933.t1","Cluster 4"
"Pocillopora_acuta_HIv2___RNAseq.g8938.t1","Pocillopora_acuta_HIv2___RNAseq.g8938.t1","Cluster 2"
"Pocillopora_acuta_HIv2___RNAseq.g895.t1","Pocillopora_acuta_HIv2___RNAseq.g895.t1","Cluster 1"
"Pocillopora_acuta_HIv2___RNAseq.g8962.t1","Pocillopora_acuta_HIv2___RNAseq.g8962.t1","Cluster 3"
"Pocillopora_acuta_HIv2___RNAseq.g8972.t1","Pocillopora_acuta_HIv2___RNAseq.g8972.t1","Cluster 2"
"Pocillopora_acuta_HIv2___RNAseq.g8989.t1","Pocillopora_acuta_HIv2___RNAseq.g8989.t1","Cluster 1"
"Pocillopora_acuta_HIv2___RNAseq.g899.t2","Pocillopora_acuta_HIv2___RNAseq.g899.t2","Cluster 5"
"Pocillopora_acuta_HIv2___RNAseq.g9001.t1","Pocillopora_acuta_HIv2___RNAseq.g9001.t1","Cluster 1"
"Pocillopora_acuta_HIv2___RNAseq.g9027.t1","Pocillopora_acuta_HIv2___RNAseq.g9027.t1","Cluster 1"
"Pocillopora_acuta_HIv2___RNAseq.g9029.t1","Pocillopora_acuta_HIv2___RNAseq.g9029.t1","Cluster 5"
"Pocillopora_acuta_HIv2___RNAseq.g9041.t1","Pocillopora_acuta_HIv2___RNAseq.g9041.t1","Cluster 2"
"Pocillopora_acuta_HIv2___RNAseq.g9052.t1","Pocillopora_acuta_HIv2___RNAseq.g9052.t1","Cluster 6"
"Pocillopora_acuta_HIv2___RNAseq.g9096.t1","Pocillopora_acuta_HIv2___RNAseq.g9096.t1","Cluster 1"
"Pocillopora_acuta_HIv2___RNAseq.g9117.t1","Pocillopora_acuta_HIv2___RNAseq.g9117.t1","Cluster 3"
"Pocillopora_acuta_HIv2___RNAseq.g9118.t1","Pocillopora_acuta_HIv2___RNAseq.g9118.t1","Cluster 1"
"Pocillopora_acuta_HIv2___RNAseq.g912.t1","Pocillopora_acuta_HIv2___RNAseq.g912.t1","Cluster 1"
"Pocillopora_acuta_HIv2___RNAseq.g9120.t1","Pocillopora_acuta_HIv2___RNAseq.g9120.t1","Cluster 3"
"Pocillopora_acuta_HIv2___RNAseq.g9122.t1","Pocillopora_acuta_HIv2___RNAseq.g9122.t1","Cluster 3"
"Pocillopora_acuta_HIv2___RNAseq.g9125.t1","Pocillopora_acuta_HIv2___RNAseq.g9125.t1","Cluster 6"
"Pocillopora_acuta_HIv2___RNAseq.g9129.t1","Pocillopora_acuta_HIv2___RNAseq.g9129.t1","Cluster 3"
"Pocillopora_acuta_HIv2___RNAseq.g913.t2","Pocillopora_acuta_HIv2___RNAseq.g913.t2","Cluster 3"
"Pocillopora_acuta_HIv2___RNAseq.g9133.t1","Pocillopora_acuta_HIv2___RNAseq.g9133.t1","Cluster 6"
"Pocillopora_acuta_HIv2___RNAseq.g9134.t1","Pocillopora_acuta_HIv2___RNAseq.g9134.t1","Cluster 3"
"Pocillopora_acuta_HIv2___RNAseq.g9137.t1","Pocillopora_acuta_HIv2___RNAseq.g9137.t1","Cluster 6"
"Pocillopora_acuta_HIv2___RNAseq.g9173.t1","Pocillopora_acuta_HIv2___RNAseq.g9173.t1","Cluster 5"
"Pocillopora_acuta_HIv2___RNAseq.g9175.t1","Pocillopora_acuta_HIv2___RNAseq.g9175.t1","Cluster 5"
"Pocillopora_acuta_HIv2___RNAseq.g9176.t1","Pocillopora_acuta_HIv2___RNAseq.g9176.t1","Cluster 3"
"Pocillopora_acuta_HIv2___RNAseq.g9184.t1","Pocillopora_acuta_HIv2___RNAseq.g9184.t1","Cluster 4"
"Pocillopora_acuta_HIv2___RNAseq.g9197.t1","Pocillopora_acuta_HIv2___RNAseq.g9197.t1","Cluster 6"
"Pocillopora_acuta_HIv2___RNAseq.g9200.t1","Pocillopora_acuta_HIv2___RNAseq.g9200.t1","Cluster 6"
"Pocillopora_acuta_HIv2___RNAseq.g9222.t1","Pocillopora_acuta_HIv2___RNAseq.g9222.t1","Cluster 1"
"Pocillopora_acuta_HIv2___RNAseq.g9250.t1","Pocillopora_acuta_HIv2___RNAseq.g9250.t1","Cluster 1"
"Pocillopora_acuta_HIv2___RNAseq.g9253.t1","Pocillopora_acuta_HIv2___RNAseq.g9253.t1","Cluster 6"
"Pocillopora_acuta_HIv2___RNAseq.g9257.t1","Pocillopora_acuta_HIv2___RNAseq.g9257.t1","Cluster 2"
"Pocillopora_acuta_HIv2___RNAseq.g9266.t1","Pocillopora_acuta_HIv2___RNAseq.g9266.t1","Cluster 6"
"Pocillopora_acuta_HIv2___RNAseq.g930.t1","Pocillopora_acuta_HIv2___RNAseq.g930.t1","Cluster 1"
"Pocillopora_acuta_HIv2___RNAseq.g9304.t1","Pocillopora_acuta_HIv2___RNAseq.g9304.t1","Cluster 3"
"Pocillopora_acuta_HIv2___RNAseq.g9305.t1","Pocillopora_acuta_HIv2___RNAseq.g9305.t1","Cluster 1"
"Pocillopora_acuta_HIv2___RNAseq.g932.t1","Pocillopora_acuta_HIv2___RNAseq.g932.t1","Cluster 4"
"Pocillopora_acuta_HIv2___RNAseq.g9326.t1","Pocillopora_acuta_HIv2___RNAseq.g9326.t1","Cluster 3"
"Pocillopora_acuta_HIv2___RNAseq.g9327.t1","Pocillopora_acuta_HIv2___RNAseq.g9327.t1","Cluster 3"
"Pocillopora_acuta_HIv2___RNAseq.g9334.t1","Pocillopora_acuta_HIv2___RNAseq.g9334.t1","Cluster 4"
"Pocillopora_acuta_HIv2___RNAseq.g9336.t1","Pocillopora_acuta_HIv2___RNAseq.g9336.t1","Cluster 1"
"Pocillopora_acuta_HIv2___RNAseq.g9337.t1","Pocillopora_acuta_HIv2___RNAseq.g9337.t1","Cluster 5"
"Pocillopora_acuta_HIv2___RNAseq.g9344.t1b","Pocillopora_acuta_HIv2___RNAseq.g9344.t1b","Cluster 3"
"Pocillopora_acuta_HIv2___RNAseq.g9351.t1","Pocillopora_acuta_HIv2___RNAseq.g9351.t1","Cluster 4"
"Pocillopora_acuta_HIv2___RNAseq.g9372.t1","Pocillopora_acuta_HIv2___RNAseq.g9372.t1","Cluster 6"
"Pocillopora_acuta_HIv2___RNAseq.g9374.t1","Pocillopora_acuta_HIv2___RNAseq.g9374.t1","Cluster 1"
"Pocillopora_acuta_HIv2___RNAseq.g9433.t1","Pocillopora_acuta_HIv2___RNAseq.g9433.t1","Cluster 6"
"Pocillopora_acuta_HIv2___RNAseq.g9443.t1","Pocillopora_acuta_HIv2___RNAseq.g9443.t1","Cluster 2"
"Pocillopora_acuta_HIv2___RNAseq.g9454.t1","Pocillopora_acuta_HIv2___RNAseq.g9454.t1","Cluster 3"
"Pocillopora_acuta_HIv2___RNAseq.g9462.t1","Pocillopora_acuta_HIv2___RNAseq.g9462.t1","Cluster 5"
"Pocillopora_acuta_HIv2___RNAseq.g9466.t1","Pocillopora_acuta_HIv2___RNAseq.g9466.t1","Cluster 3"
"Pocillopora_acuta_HIv2___RNAseq.g9467.t1","Pocillopora_acuta_HIv2___RNAseq.g9467.t1","Cluster 5"
"Pocillopora_acuta_HIv2___RNAseq.g9469.t1","Pocillopora_acuta_HIv2___RNAseq.g9469.t1","Cluster 5"
"Pocillopora_acuta_HIv2___RNAseq.g9470.t1","Pocillopora_acuta_HIv2___RNAseq.g9470.t1","Cluster 5"
"Pocillopora_acuta_HIv2___RNAseq.g9482.t1","Pocillopora_acuta_HIv2___RNAseq.g9482.t1","Cluster 3"
"Pocillopora_acuta_HIv2___RNAseq.g9486.t1","Pocillopora_acuta_HIv2___RNAseq.g9486.t1","Cluster 6"
"Pocillopora_acuta_HIv2___RNAseq.g9502.t1","Pocillopora_acuta_HIv2___RNAseq.g9502.t1","Cluster 4"
"Pocillopora_acuta_HIv2___RNAseq.g9506.t1","Pocillopora_acuta_HIv2___RNAseq.g9506.t1","Cluster 4"
"Pocillopora_acuta_HIv2___RNAseq.g9508.t1","Pocillopora_acuta_HIv2___RNAseq.g9508.t1","Cluster 3"
"Pocillopora_acuta_HIv2___RNAseq.g9509.t1","Pocillopora_acuta_HIv2___RNAseq.g9509.t1","Cluster 4"
"Pocillopora_acuta_HIv2___RNAseq.g951.t1","Pocillopora_acuta_HIv2___RNAseq.g951.t1","Cluster 3"
"Pocillopora_acuta_HIv2___RNAseq.g9510.t1","Pocillopora_acuta_HIv2___RNAseq.g9510.t1","Cluster 3"
"Pocillopora_acuta_HIv2___RNAseq.g9524.t1","Pocillopora_acuta_HIv2___RNAseq.g9524.t1","Cluster 3"
"Pocillopora_acuta_HIv2___RNAseq.g953.t1","Pocillopora_acuta_HIv2___RNAseq.g953.t1","Cluster 4"
"Pocillopora_acuta_HIv2___RNAseq.g9562.t1","Pocillopora_acuta_HIv2___RNAseq.g9562.t1","Cluster 1"
"Pocillopora_acuta_HIv2___RNAseq.g957.t1","Pocillopora_acuta_HIv2___RNAseq.g957.t1","Cluster 3"
"Pocillopora_acuta_HIv2___RNAseq.g9578.t1","Pocillopora_acuta_HIv2___RNAseq.g9578.t1","Cluster 4"
"Pocillopora_acuta_HIv2___RNAseq.g9595.t1","Pocillopora_acuta_HIv2___RNAseq.g9595.t1","Cluster 1"
"Pocillopora_acuta_HIv2___RNAseq.g9601.t1","Pocillopora_acuta_HIv2___RNAseq.g9601.t1","Cluster 1"
"Pocillopora_acuta_HIv2___RNAseq.g9632.t1","Pocillopora_acuta_HIv2___RNAseq.g9632.t1","Cluster 2"
"Pocillopora_acuta_HIv2___RNAseq.g9668.t1","Pocillopora_acuta_HIv2___RNAseq.g9668.t1","Cluster 3"
"Pocillopora_acuta_HIv2___RNAseq.g9673.t1","Pocillopora_acuta_HIv2___RNAseq.g9673.t1","Cluster 3"
"Pocillopora_acuta_HIv2___RNAseq.g9675.t1","Pocillopora_acuta_HIv2___RNAseq.g9675.t1","Cluster 3"
"Pocillopora_acuta_HIv2___RNAseq.g9676.t1","Pocillopora_acuta_HIv2___RNAseq.g9676.t1","Cluster 1"
"Pocillopora_acuta_HIv2___RNAseq.g9692.t1","Pocillopora_acuta_HIv2___RNAseq.g9692.t1","Cluster 5"
"Pocillopora_acuta_HIv2___RNAseq.g9706.t1","Pocillopora_acuta_HIv2___RNAseq.g9706.t1","Cluster 2"
"Pocillopora_acuta_HIv2___RNAseq.g9707.t1","Pocillopora_acuta_HIv2___RNAseq.g9707.t1","Cluster 6"
"Pocillopora_acuta_HIv2___RNAseq.g9715.t1","Pocillopora_acuta_HIv2___RNAseq.g9715.t1","Cluster 5"
"Pocillopora_acuta_HIv2___RNAseq.g9716.t2","Pocillopora_acuta_HIv2___RNAseq.g9716.t2","Cluster 6"
"Pocillopora_acuta_HIv2___RNAseq.g9738.t1","Pocillopora_acuta_HIv2___RNAseq.g9738.t1","Cluster 6"
"Pocillopora_acuta_HIv2___RNAseq.g9751.t1","Pocillopora_acuta_HIv2___RNAseq.g9751.t1","Cluster 2"
"Pocillopora_acuta_HIv2___RNAseq.g9759.t1","Pocillopora_acuta_HIv2___RNAseq.g9759.t1","Cluster 5"
"Pocillopora_acuta_HIv2___RNAseq.g9760.t1","Pocillopora_acuta_HIv2___RNAseq.g9760.t1","Cluster 2"
"Pocillopora_acuta_HIv2___RNAseq.g9768.t1","Pocillopora_acuta_HIv2___RNAseq.g9768.t1","Cluster 2"
"Pocillopora_acuta_HIv2___RNAseq.g9774.t1","Pocillopora_acuta_HIv2___RNAseq.g9774.t1","Cluster 6"
"Pocillopora_acuta_HIv2___RNAseq.g9797.t1","Pocillopora_acuta_HIv2___RNAseq.g9797.t1","Cluster 3"
"Pocillopora_acuta_HIv2___RNAseq.g9815.t1","Pocillopora_acuta_HIv2___RNAseq.g9815.t1","Cluster 3"
"Pocillopora_acuta_HIv2___RNAseq.g9832.t1","Pocillopora_acuta_HIv2___RNAseq.g9832.t1","Cluster 2"
"Pocillopora_acuta_HIv2___RNAseq.g9833.t1","Pocillopora_acuta_HIv2___RNAseq.g9833.t1","Cluster 2"
"Pocillopora_acuta_HIv2___RNAseq.g9836.t1","Pocillopora_acuta_HIv2___RNAseq.g9836.t1","Cluster 3"
"Pocillopora_acuta_HIv2___RNAseq.g9837.t1","Pocillopora_acuta_HIv2___RNAseq.g9837.t1","Cluster 6"
"Pocillopora_acuta_HIv2___RNAseq.g9851.t1","Pocillopora_acuta_HIv2___RNAseq.g9851.t1","Cluster 1"
"Pocillopora_acuta_HIv2___RNAseq.g9861.t1","Pocillopora_acuta_HIv2___RNAseq.g9861.t1","Cluster 5"
"Pocillopora_acuta_HIv2___RNAseq.g9887.t1","Pocillopora_acuta_HIv2___RNAseq.g9887.t1","Cluster 6"
"Pocillopora_acuta_HIv2___RNAseq.g9907.t1","Pocillopora_acuta_HIv2___RNAseq.g9907.t1","Cluster 3"
"Pocillopora_acuta_HIv2___RNAseq.g9912.t1","Pocillopora_acuta_HIv2___RNAseq.g9912.t1","Cluster 2"
"Pocillopora_acuta_HIv2___RNAseq.g9918.t1","Pocillopora_acuta_HIv2___RNAseq.g9918.t1","Cluster 3"
"Pocillopora_acuta_HIv2___RNAseq.g9961.t1","Pocillopora_acuta_HIv2___RNAseq.g9961.t1","Cluster 6"
"Pocillopora_acuta_HIv2___RNAseq.g9962.t1","Pocillopora_acuta_HIv2___RNAseq.g9962.t1","Cluster 6"
"Pocillopora_acuta_HIv2___RNAseq.g9963.t1","Pocillopora_acuta_HIv2___RNAseq.g9963.t1","Cluster 4"
"Pocillopora_acuta_HIv2___RNAseq.g997.t1","Pocillopora_acuta_HIv2___RNAseq.g997.t1","Cluster 3"
"Pocillopora_acuta_HIv2___RNAseq.g9978.t1","Pocillopora_acuta_HIv2___RNAseq.g9978.t1","Cluster 3"
"Pocillopora_acuta_HIv2___TS.8513_t","Pocillopora_acuta_HIv2___TS.8513_t","Cluster 4"
"Pocillopora_acuta_HIv2___TS.g1.t1","Pocillopora_acuta_HIv2___TS.g1.t1","Cluster 1"
"Pocillopora_acuta_HIv2___TS.g10153.t1","Pocillopora_acuta_HIv2___TS.g10153.t1","Cluster 3"
"Pocillopora_acuta_HIv2___TS.g10175.t2a","Pocillopora_acuta_HIv2___TS.g10175.t2a","Cluster 5"
"Pocillopora_acuta_HIv2___TS.g10216.t2","Pocillopora_acuta_HIv2___TS.g10216.t2","Cluster 3"
"Pocillopora_acuta_HIv2___TS.g10231.t1","Pocillopora_acuta_HIv2___TS.g10231.t1","Cluster 6"
"Pocillopora_acuta_HIv2___TS.g10301.t1","Pocillopora_acuta_HIv2___TS.g10301.t1","Cluster 3"
"Pocillopora_acuta_HIv2___TS.g10314.t1","Pocillopora_acuta_HIv2___TS.g10314.t1","Cluster 1"
"Pocillopora_acuta_HIv2___TS.g1039.t1","Pocillopora_acuta_HIv2___TS.g1039.t1","Cluster 1"
"Pocillopora_acuta_HIv2___TS.g10396.t1","Pocillopora_acuta_HIv2___TS.g10396.t1","Cluster 6"
"Pocillopora_acuta_HIv2___TS.g104.t2b","Pocillopora_acuta_HIv2___TS.g104.t2b","Cluster 3"
"Pocillopora_acuta_HIv2___TS.g10461.t1","Pocillopora_acuta_HIv2___TS.g10461.t1","Cluster 2"
"Pocillopora_acuta_HIv2___TS.g10502.t1","Pocillopora_acuta_HIv2___TS.g10502.t1","Cluster 6"
"Pocillopora_acuta_HIv2___TS.g10554.t3","Pocillopora_acuta_HIv2___TS.g10554.t3","Cluster 4"
"Pocillopora_acuta_HIv2___TS.g10620.t1","Pocillopora_acuta_HIv2___TS.g10620.t1","Cluster 1"
"Pocillopora_acuta_HIv2___TS.g10631.t1","Pocillopora_acuta_HIv2___TS.g10631.t1","Cluster 2"
"Pocillopora_acuta_HIv2___TS.g10632.t1","Pocillopora_acuta_HIv2___TS.g10632.t1","Cluster 1"
"Pocillopora_acuta_HIv2___TS.g10685.t1","Pocillopora_acuta_HIv2___TS.g10685.t1","Cluster 6"
"Pocillopora_acuta_HIv2___TS.g10759.t1","Pocillopora_acuta_HIv2___TS.g10759.t1","Cluster 2"
"Pocillopora_acuta_HIv2___TS.g10764.t1","Pocillopora_acuta_HIv2___TS.g10764.t1","Cluster 5"
"Pocillopora_acuta_HIv2___TS.g1082.t1","Pocillopora_acuta_HIv2___TS.g1082.t1","Cluster 2"
"Pocillopora_acuta_HIv2___TS.g10825.t1","Pocillopora_acuta_HIv2___TS.g10825.t1","Cluster 2"
"Pocillopora_acuta_HIv2___TS.g10853.t1","Pocillopora_acuta_HIv2___TS.g10853.t1","Cluster 5"
"Pocillopora_acuta_HIv2___TS.g10866.t1","Pocillopora_acuta_HIv2___TS.g10866.t1","Cluster 3"
"Pocillopora_acuta_HIv2___TS.g10867.t1a","Pocillopora_acuta_HIv2___TS.g10867.t1a","Cluster 4"
"Pocillopora_acuta_HIv2___TS.g10964.t1","Pocillopora_acuta_HIv2___TS.g10964.t1","Cluster 1"
"Pocillopora_acuta_HIv2___TS.g10965.t1","Pocillopora_acuta_HIv2___TS.g10965.t1","Cluster 1"
"Pocillopora_acuta_HIv2___TS.g10991.t1","Pocillopora_acuta_HIv2___TS.g10991.t1","Cluster 4"
"Pocillopora_acuta_HIv2___TS.g11111.t2","Pocillopora_acuta_HIv2___TS.g11111.t2","Cluster 6"
"Pocillopora_acuta_HIv2___TS.g11189.t1","Pocillopora_acuta_HIv2___TS.g11189.t1","Cluster 3"
"Pocillopora_acuta_HIv2___TS.g11273.t1","Pocillopora_acuta_HIv2___TS.g11273.t1","Cluster 4"
"Pocillopora_acuta_HIv2___TS.g11349.t1","Pocillopora_acuta_HIv2___TS.g11349.t1","Cluster 6"
"Pocillopora_acuta_HIv2___TS.g11417.t1","Pocillopora_acuta_HIv2___TS.g11417.t1","Cluster 2"
"Pocillopora_acuta_HIv2___TS.g11455.t1","Pocillopora_acuta_HIv2___TS.g11455.t1","Cluster 3"
"Pocillopora_acuta_HIv2___TS.g11514.t1","Pocillopora_acuta_HIv2___TS.g11514.t1","Cluster 6"
"Pocillopora_acuta_HIv2___TS.g11523.t1b","Pocillopora_acuta_HIv2___TS.g11523.t1b","Cluster 5"
"Pocillopora_acuta_HIv2___TS.g1165.t1","Pocillopora_acuta_HIv2___TS.g1165.t1","Cluster 2"
"Pocillopora_acuta_HIv2___TS.g11718.t1","Pocillopora_acuta_HIv2___TS.g11718.t1","Cluster 3"
"Pocillopora_acuta_HIv2___TS.g11738.t1","Pocillopora_acuta_HIv2___TS.g11738.t1","Cluster 1"
"Pocillopora_acuta_HIv2___TS.g11762.t2","Pocillopora_acuta_HIv2___TS.g11762.t2","Cluster 4"
"Pocillopora_acuta_HIv2___TS.g11824.t1","Pocillopora_acuta_HIv2___TS.g11824.t1","Cluster 1"
"Pocillopora_acuta_HIv2___TS.g12010.t1","Pocillopora_acuta_HIv2___TS.g12010.t1","Cluster 1"
"Pocillopora_acuta_HIv2___TS.g12132.t1","Pocillopora_acuta_HIv2___TS.g12132.t1","Cluster 6"
"Pocillopora_acuta_HIv2___TS.g12183.t2","Pocillopora_acuta_HIv2___TS.g12183.t2","Cluster 3"
"Pocillopora_acuta_HIv2___TS.g12242.t1","Pocillopora_acuta_HIv2___TS.g12242.t1","Cluster 3"
"Pocillopora_acuta_HIv2___TS.g12274.t1","Pocillopora_acuta_HIv2___TS.g12274.t1","Cluster 6"
"Pocillopora_acuta_HIv2___TS.g12332.t2a","Pocillopora_acuta_HIv2___TS.g12332.t2a","Cluster 1"
"Pocillopora_acuta_HIv2___TS.g1247.t1","Pocillopora_acuta_HIv2___TS.g1247.t1","Cluster 1"
"Pocillopora_acuta_HIv2___TS.g12477.t1","Pocillopora_acuta_HIv2___TS.g12477.t1","Cluster 1"
"Pocillopora_acuta_HIv2___TS.g12479.t1","Pocillopora_acuta_HIv2___TS.g12479.t1","Cluster 1"
"Pocillopora_acuta_HIv2___TS.g12551.t1","Pocillopora_acuta_HIv2___TS.g12551.t1","Cluster 2"
"Pocillopora_acuta_HIv2___TS.g12567.t1","Pocillopora_acuta_HIv2___TS.g12567.t1","Cluster 2"
"Pocillopora_acuta_HIv2___TS.g12572.t1","Pocillopora_acuta_HIv2___TS.g12572.t1","Cluster 6"
"Pocillopora_acuta_HIv2___TS.g12683.t1","Pocillopora_acuta_HIv2___TS.g12683.t1","Cluster 3"
"Pocillopora_acuta_HIv2___TS.g12698.t1","Pocillopora_acuta_HIv2___TS.g12698.t1","Cluster 2"
"Pocillopora_acuta_HIv2___TS.g12824.t1","Pocillopora_acuta_HIv2___TS.g12824.t1","Cluster 2"
"Pocillopora_acuta_HIv2___TS.g12841.t3","Pocillopora_acuta_HIv2___TS.g12841.t3","Cluster 1"
"Pocillopora_acuta_HIv2___TS.g12887.t1","Pocillopora_acuta_HIv2___TS.g12887.t1","Cluster 3"
"Pocillopora_acuta_HIv2___TS.g12926.t1b","Pocillopora_acuta_HIv2___TS.g12926.t1b","Cluster 1"
"Pocillopora_acuta_HIv2___TS.g12938.t1","Pocillopora_acuta_HIv2___TS.g12938.t1","Cluster 3"
"Pocillopora_acuta_HIv2___TS.g12975.t1","Pocillopora_acuta_HIv2___TS.g12975.t1","Cluster 1"
"Pocillopora_acuta_HIv2___TS.g13057.t2","Pocillopora_acuta_HIv2___TS.g13057.t2","Cluster 4"
"Pocillopora_acuta_HIv2___TS.g13060.t1","Pocillopora_acuta_HIv2___TS.g13060.t1","Cluster 3"
"Pocillopora_acuta_HIv2___TS.g13088.t1","Pocillopora_acuta_HIv2___TS.g13088.t1","Cluster 1"
"Pocillopora_acuta_HIv2___TS.g13106.t1","Pocillopora_acuta_HIv2___TS.g13106.t1","Cluster 3"
"Pocillopora_acuta_HIv2___TS.g13115.t1","Pocillopora_acuta_HIv2___TS.g13115.t1","Cluster 6"
"Pocillopora_acuta_HIv2___TS.g13222.t1b","Pocillopora_acuta_HIv2___TS.g13222.t1b","Cluster 3"
"Pocillopora_acuta_HIv2___TS.g1340.t1b","Pocillopora_acuta_HIv2___TS.g1340.t1b","Cluster 1"
"Pocillopora_acuta_HIv2___TS.g13413.t1","Pocillopora_acuta_HIv2___TS.g13413.t1","Cluster 1"
"Pocillopora_acuta_HIv2___TS.g13497.t1c","Pocillopora_acuta_HIv2___TS.g13497.t1c","Cluster 4"
"Pocillopora_acuta_HIv2___TS.g13525.t1","Pocillopora_acuta_HIv2___TS.g13525.t1","Cluster 3"
"Pocillopora_acuta_HIv2___TS.g1359.t1","Pocillopora_acuta_HIv2___TS.g1359.t1","Cluster 3"
"Pocillopora_acuta_HIv2___TS.g13653.t1a","Pocillopora_acuta_HIv2___TS.g13653.t1a","Cluster 5"
"Pocillopora_acuta_HIv2___TS.g13653.t1b","Pocillopora_acuta_HIv2___TS.g13653.t1b","Cluster 3"
"Pocillopora_acuta_HIv2___TS.g13689.t1","Pocillopora_acuta_HIv2___TS.g13689.t1","Cluster 1"
"Pocillopora_acuta_HIv2___TS.g13717.t1","Pocillopora_acuta_HIv2___TS.g13717.t1","Cluster 2"
"Pocillopora_acuta_HIv2___TS.g13827.t1","Pocillopora_acuta_HIv2___TS.g13827.t1","Cluster 5"
"Pocillopora_acuta_HIv2___TS.g13835.t1","Pocillopora_acuta_HIv2___TS.g13835.t1","Cluster 2"
"Pocillopora_acuta_HIv2___TS.g13944.t1","Pocillopora_acuta_HIv2___TS.g13944.t1","Cluster 6"
"Pocillopora_acuta_HIv2___TS.g13961.t1","Pocillopora_acuta_HIv2___TS.g13961.t1","Cluster 6"
"Pocillopora_acuta_HIv2___TS.g14216.t1","Pocillopora_acuta_HIv2___TS.g14216.t1","Cluster 4"
"Pocillopora_acuta_HIv2___TS.g14228.t3","Pocillopora_acuta_HIv2___TS.g14228.t3","Cluster 2"
"Pocillopora_acuta_HIv2___TS.g14229.t1","Pocillopora_acuta_HIv2___TS.g14229.t1","Cluster 1"
"Pocillopora_acuta_HIv2___TS.g14315.t1b","Pocillopora_acuta_HIv2___TS.g14315.t1b","Cluster 6"
"Pocillopora_acuta_HIv2___TS.g14415.t1","Pocillopora_acuta_HIv2___TS.g14415.t1","Cluster 5"
"Pocillopora_acuta_HIv2___TS.g14497.t1b","Pocillopora_acuta_HIv2___TS.g14497.t1b","Cluster 6"
"Pocillopora_acuta_HIv2___TS.g14591.t1","Pocillopora_acuta_HIv2___TS.g14591.t1","Cluster 2"
"Pocillopora_acuta_HIv2___TS.g14618.t1","Pocillopora_acuta_HIv2___TS.g14618.t1","Cluster 1"
"Pocillopora_acuta_HIv2___TS.g14677.t2","Pocillopora_acuta_HIv2___TS.g14677.t2","Cluster 1"
"Pocillopora_acuta_HIv2___TS.g1481.t1","Pocillopora_acuta_HIv2___TS.g1481.t1","Cluster 1"
"Pocillopora_acuta_HIv2___TS.g14868.t1","Pocillopora_acuta_HIv2___TS.g14868.t1","Cluster 5"
"Pocillopora_acuta_HIv2___TS.g14883.t1","Pocillopora_acuta_HIv2___TS.g14883.t1","Cluster 2"
"Pocillopora_acuta_HIv2___TS.g14966.t1","Pocillopora_acuta_HIv2___TS.g14966.t1","Cluster 1"
"Pocillopora_acuta_HIv2___TS.g1497.t1","Pocillopora_acuta_HIv2___TS.g1497.t1","Cluster 5"
"Pocillopora_acuta_HIv2___TS.g15006.t1","Pocillopora_acuta_HIv2___TS.g15006.t1","Cluster 6"
"Pocillopora_acuta_HIv2___TS.g15014.t1","Pocillopora_acuta_HIv2___TS.g15014.t1","Cluster 5"
"Pocillopora_acuta_HIv2___TS.g15015.t1","Pocillopora_acuta_HIv2___TS.g15015.t1","Cluster 5"
"Pocillopora_acuta_HIv2___TS.g1505.t2","Pocillopora_acuta_HIv2___TS.g1505.t2","Cluster 5"
"Pocillopora_acuta_HIv2___TS.g15142.t1","Pocillopora_acuta_HIv2___TS.g15142.t1","Cluster 4"
"Pocillopora_acuta_HIv2___TS.g15190.t4","Pocillopora_acuta_HIv2___TS.g15190.t4","Cluster 6"
"Pocillopora_acuta_HIv2___TS.g15287.t2","Pocillopora_acuta_HIv2___TS.g15287.t2","Cluster 5"
"Pocillopora_acuta_HIv2___TS.g15302.t3","Pocillopora_acuta_HIv2___TS.g15302.t3","Cluster 4"
"Pocillopora_acuta_HIv2___TS.g15336.t1","Pocillopora_acuta_HIv2___TS.g15336.t1","Cluster 6"
"Pocillopora_acuta_HIv2___TS.g15380.t1","Pocillopora_acuta_HIv2___TS.g15380.t1","Cluster 2"
"Pocillopora_acuta_HIv2___TS.g15391.t1","Pocillopora_acuta_HIv2___TS.g15391.t1","Cluster 5"
"Pocillopora_acuta_HIv2___TS.g15393.t1","Pocillopora_acuta_HIv2___TS.g15393.t1","Cluster 2"
"Pocillopora_acuta_HIv2___TS.g15399.t1","Pocillopora_acuta_HIv2___TS.g15399.t1","Cluster 2"
"Pocillopora_acuta_HIv2___TS.g15464.t2","Pocillopora_acuta_HIv2___TS.g15464.t2","Cluster 6"
"Pocillopora_acuta_HIv2___TS.g15720.t1","Pocillopora_acuta_HIv2___TS.g15720.t1","Cluster 1"
"Pocillopora_acuta_HIv2___TS.g15734.t1","Pocillopora_acuta_HIv2___TS.g15734.t1","Cluster 2"
"Pocillopora_acuta_HIv2___TS.g15784.t1","Pocillopora_acuta_HIv2___TS.g15784.t1","Cluster 1"
"Pocillopora_acuta_HIv2___TS.g15832.t1","Pocillopora_acuta_HIv2___TS.g15832.t1","Cluster 2"
"Pocillopora_acuta_HIv2___TS.g15865.t1","Pocillopora_acuta_HIv2___TS.g15865.t1","Cluster 5"
"Pocillopora_acuta_HIv2___TS.g15879.t1","Pocillopora_acuta_HIv2___TS.g15879.t1","Cluster 3"
"Pocillopora_acuta_HIv2___TS.g15881.t1","Pocillopora_acuta_HIv2___TS.g15881.t1","Cluster 1"
"Pocillopora_acuta_HIv2___TS.g15884.t1","Pocillopora_acuta_HIv2___TS.g15884.t1","Cluster 1"
"Pocillopora_acuta_HIv2___TS.g15888.t1b","Pocillopora_acuta_HIv2___TS.g15888.t1b","Cluster 4"
"Pocillopora_acuta_HIv2___TS.g15901.t1","Pocillopora_acuta_HIv2___TS.g15901.t1","Cluster 3"
"Pocillopora_acuta_HIv2___TS.g15907.t1b","Pocillopora_acuta_HIv2___TS.g15907.t1b","Cluster 1"
"Pocillopora_acuta_HIv2___TS.g15909.t2","Pocillopora_acuta_HIv2___TS.g15909.t2","Cluster 2"
"Pocillopora_acuta_HIv2___TS.g15925.t1","Pocillopora_acuta_HIv2___TS.g15925.t1","Cluster 1"
"Pocillopora_acuta_HIv2___TS.g15986.t1","Pocillopora_acuta_HIv2___TS.g15986.t1","Cluster 2"
"Pocillopora_acuta_HIv2___TS.g16055.t1","Pocillopora_acuta_HIv2___TS.g16055.t1","Cluster 3"
"Pocillopora_acuta_HIv2___TS.g16062.t2","Pocillopora_acuta_HIv2___TS.g16062.t2","Cluster 3"
"Pocillopora_acuta_HIv2___TS.g16064.t1b","Pocillopora_acuta_HIv2___TS.g16064.t1b","Cluster 3"
"Pocillopora_acuta_HIv2___TS.g16143.t1","Pocillopora_acuta_HIv2___TS.g16143.t1","Cluster 3"
"Pocillopora_acuta_HIv2___TS.g16219.t1","Pocillopora_acuta_HIv2___TS.g16219.t1","Cluster 5"
"Pocillopora_acuta_HIv2___TS.g16358.t4","Pocillopora_acuta_HIv2___TS.g16358.t4","Cluster 1"
"Pocillopora_acuta_HIv2___TS.g16482.t1","Pocillopora_acuta_HIv2___TS.g16482.t1","Cluster 3"
"Pocillopora_acuta_HIv2___TS.g16509.t1","Pocillopora_acuta_HIv2___TS.g16509.t1","Cluster 1"
"Pocillopora_acuta_HIv2___TS.g1657.t3","Pocillopora_acuta_HIv2___TS.g1657.t3","Cluster 6"
"Pocillopora_acuta_HIv2___TS.g1660.t1","Pocillopora_acuta_HIv2___TS.g1660.t1","Cluster 1"
"Pocillopora_acuta_HIv2___TS.g16611.t1","Pocillopora_acuta_HIv2___TS.g16611.t1","Cluster 1"
"Pocillopora_acuta_HIv2___TS.g16624.t1","Pocillopora_acuta_HIv2___TS.g16624.t1","Cluster 4"
"Pocillopora_acuta_HIv2___TS.g16625.t1","Pocillopora_acuta_HIv2___TS.g16625.t1","Cluster 6"
"Pocillopora_acuta_HIv2___TS.g16775.t1a","Pocillopora_acuta_HIv2___TS.g16775.t1a","Cluster 5"
"Pocillopora_acuta_HIv2___TS.g16775.t1b","Pocillopora_acuta_HIv2___TS.g16775.t1b","Cluster 5"
"Pocillopora_acuta_HIv2___TS.g16776.t1","Pocillopora_acuta_HIv2___TS.g16776.t1","Cluster 3"
"Pocillopora_acuta_HIv2___TS.g16790.t1b","Pocillopora_acuta_HIv2___TS.g16790.t1b","Cluster 5"
"Pocillopora_acuta_HIv2___TS.g16797.t3a","Pocillopora_acuta_HIv2___TS.g16797.t3a","Cluster 1"
"Pocillopora_acuta_HIv2___TS.g16824.t1","Pocillopora_acuta_HIv2___TS.g16824.t1","Cluster 2"
"Pocillopora_acuta_HIv2___TS.g16828.t1b","Pocillopora_acuta_HIv2___TS.g16828.t1b","Cluster 2"
"Pocillopora_acuta_HIv2___TS.g16836.t1","Pocillopora_acuta_HIv2___TS.g16836.t1","Cluster 2"
"Pocillopora_acuta_HIv2___TS.g16840.t1","Pocillopora_acuta_HIv2___TS.g16840.t1","Cluster 1"
"Pocillopora_acuta_HIv2___TS.g16902.t2","Pocillopora_acuta_HIv2___TS.g16902.t2","Cluster 1"
"Pocillopora_acuta_HIv2___TS.g16955.t1","Pocillopora_acuta_HIv2___TS.g16955.t1","Cluster 6"
"Pocillopora_acuta_HIv2___TS.g16993.t1","Pocillopora_acuta_HIv2___TS.g16993.t1","Cluster 1"
"Pocillopora_acuta_HIv2___TS.g17020.t1","Pocillopora_acuta_HIv2___TS.g17020.t1","Cluster 2"
"Pocillopora_acuta_HIv2___TS.g17026.t1","Pocillopora_acuta_HIv2___TS.g17026.t1","Cluster 4"
"Pocillopora_acuta_HIv2___TS.g17030.t1","Pocillopora_acuta_HIv2___TS.g17030.t1","Cluster 3"
"Pocillopora_acuta_HIv2___TS.g17089.t1a","Pocillopora_acuta_HIv2___TS.g17089.t1a","Cluster 3"
"Pocillopora_acuta_HIv2___TS.g1715.t1","Pocillopora_acuta_HIv2___TS.g1715.t1","Cluster 6"
"Pocillopora_acuta_HIv2___TS.g17151.t2","Pocillopora_acuta_HIv2___TS.g17151.t2","Cluster 2"
"Pocillopora_acuta_HIv2___TS.g17199.t1","Pocillopora_acuta_HIv2___TS.g17199.t1","Cluster 1"
"Pocillopora_acuta_HIv2___TS.g17246.t2","Pocillopora_acuta_HIv2___TS.g17246.t2","Cluster 1"
"Pocillopora_acuta_HIv2___TS.g17259.t2","Pocillopora_acuta_HIv2___TS.g17259.t2","Cluster 3"
"Pocillopora_acuta_HIv2___TS.g17296.t1","Pocillopora_acuta_HIv2___TS.g17296.t1","Cluster 6"
"Pocillopora_acuta_HIv2___TS.g17357.t1","Pocillopora_acuta_HIv2___TS.g17357.t1","Cluster 6"
"Pocillopora_acuta_HIv2___TS.g17359.t3","Pocillopora_acuta_HIv2___TS.g17359.t3","Cluster 3"
"Pocillopora_acuta_HIv2___TS.g17417.t1","Pocillopora_acuta_HIv2___TS.g17417.t1","Cluster 2"
"Pocillopora_acuta_HIv2___TS.g17548.t1","Pocillopora_acuta_HIv2___TS.g17548.t1","Cluster 2"
"Pocillopora_acuta_HIv2___TS.g17564.t1","Pocillopora_acuta_HIv2___TS.g17564.t1","Cluster 1"
"Pocillopora_acuta_HIv2___TS.g1758.t2","Pocillopora_acuta_HIv2___TS.g1758.t2","Cluster 1"
"Pocillopora_acuta_HIv2___TS.g17626.t1","Pocillopora_acuta_HIv2___TS.g17626.t1","Cluster 3"
"Pocillopora_acuta_HIv2___TS.g17630.t1","Pocillopora_acuta_HIv2___TS.g17630.t1","Cluster 4"
"Pocillopora_acuta_HIv2___TS.g1768.t1","Pocillopora_acuta_HIv2___TS.g1768.t1","Cluster 3"
"Pocillopora_acuta_HIv2___TS.g17707.t1","Pocillopora_acuta_HIv2___TS.g17707.t1","Cluster 1"
"Pocillopora_acuta_HIv2___TS.g17718.t3","Pocillopora_acuta_HIv2___TS.g17718.t3","Cluster 3"
"Pocillopora_acuta_HIv2___TS.g17771.t1","Pocillopora_acuta_HIv2___TS.g17771.t1","Cluster 4"
"Pocillopora_acuta_HIv2___TS.g17775.t2","Pocillopora_acuta_HIv2___TS.g17775.t2","Cluster 6"
"Pocillopora_acuta_HIv2___TS.g1781.t1b","Pocillopora_acuta_HIv2___TS.g1781.t1b","Cluster 3"
"Pocillopora_acuta_HIv2___TS.g1781.t1c","Pocillopora_acuta_HIv2___TS.g1781.t1c","Cluster 3"
"Pocillopora_acuta_HIv2___TS.g17866.t1","Pocillopora_acuta_HIv2___TS.g17866.t1","Cluster 3"
"Pocillopora_acuta_HIv2___TS.g17887.t2","Pocillopora_acuta_HIv2___TS.g17887.t2","Cluster 3"
"Pocillopora_acuta_HIv2___TS.g17908.t1","Pocillopora_acuta_HIv2___TS.g17908.t1","Cluster 1"
"Pocillopora_acuta_HIv2___TS.g17915.t1","Pocillopora_acuta_HIv2___TS.g17915.t1","Cluster 2"
"Pocillopora_acuta_HIv2___TS.g18002.t1","Pocillopora_acuta_HIv2___TS.g18002.t1","Cluster 2"
"Pocillopora_acuta_HIv2___TS.g18285.t2","Pocillopora_acuta_HIv2___TS.g18285.t2","Cluster 2"
"Pocillopora_acuta_HIv2___TS.g18307.t1","Pocillopora_acuta_HIv2___TS.g18307.t1","Cluster 2"
"Pocillopora_acuta_HIv2___TS.g18330.t1","Pocillopora_acuta_HIv2___TS.g18330.t1","Cluster 3"
"Pocillopora_acuta_HIv2___TS.g18333.t1","Pocillopora_acuta_HIv2___TS.g18333.t1","Cluster 3"
"Pocillopora_acuta_HIv2___TS.g184.t1b","Pocillopora_acuta_HIv2___TS.g184.t1b","Cluster 3"
"Pocillopora_acuta_HIv2___TS.g18440.t1","Pocillopora_acuta_HIv2___TS.g18440.t1","Cluster 2"
"Pocillopora_acuta_HIv2___TS.g18468.t1","Pocillopora_acuta_HIv2___TS.g18468.t1","Cluster 4"
"Pocillopora_acuta_HIv2___TS.g18619.t1","Pocillopora_acuta_HIv2___TS.g18619.t1","Cluster 1"
"Pocillopora_acuta_HIv2___TS.g18622.t1b","Pocillopora_acuta_HIv2___TS.g18622.t1b","Cluster 2"
"Pocillopora_acuta_HIv2___TS.g18624.t1a","Pocillopora_acuta_HIv2___TS.g18624.t1a","Cluster 1"
"Pocillopora_acuta_HIv2___TS.g18713.t2a","Pocillopora_acuta_HIv2___TS.g18713.t2a","Cluster 3"
"Pocillopora_acuta_HIv2___TS.g1879.t1","Pocillopora_acuta_HIv2___TS.g1879.t1","Cluster 1"
"Pocillopora_acuta_HIv2___TS.g18859.t1b","Pocillopora_acuta_HIv2___TS.g18859.t1b","Cluster 3"
"Pocillopora_acuta_HIv2___TS.g18861.t1","Pocillopora_acuta_HIv2___TS.g18861.t1","Cluster 3"
"Pocillopora_acuta_HIv2___TS.g18873.t1","Pocillopora_acuta_HIv2___TS.g18873.t1","Cluster 2"
"Pocillopora_acuta_HIv2___TS.g18899.t1","Pocillopora_acuta_HIv2___TS.g18899.t1","Cluster 3"
"Pocillopora_acuta_HIv2___TS.g19066.t1","Pocillopora_acuta_HIv2___TS.g19066.t1","Cluster 2"
"Pocillopora_acuta_HIv2___TS.g19071.t1","Pocillopora_acuta_HIv2___TS.g19071.t1","Cluster 1"
"Pocillopora_acuta_HIv2___TS.g19086.t1","Pocillopora_acuta_HIv2___TS.g19086.t1","Cluster 1"
"Pocillopora_acuta_HIv2___TS.g19100.t1","Pocillopora_acuta_HIv2___TS.g19100.t1","Cluster 1"
"Pocillopora_acuta_HIv2___TS.g19118.t3","Pocillopora_acuta_HIv2___TS.g19118.t3","Cluster 6"
"Pocillopora_acuta_HIv2___TS.g19124.t1","Pocillopora_acuta_HIv2___TS.g19124.t1","Cluster 1"
"Pocillopora_acuta_HIv2___TS.g19165.t1","Pocillopora_acuta_HIv2___TS.g19165.t1","Cluster 5"
"Pocillopora_acuta_HIv2___TS.g19179.t1a","Pocillopora_acuta_HIv2___TS.g19179.t1a","Cluster 3"
"Pocillopora_acuta_HIv2___TS.g1932.t1","Pocillopora_acuta_HIv2___TS.g1932.t1","Cluster 1"
"Pocillopora_acuta_HIv2___TS.g19395.t1","Pocillopora_acuta_HIv2___TS.g19395.t1","Cluster 3"
"Pocillopora_acuta_HIv2___TS.g19407.t1","Pocillopora_acuta_HIv2___TS.g19407.t1","Cluster 6"
"Pocillopora_acuta_HIv2___TS.g19412.t2","Pocillopora_acuta_HIv2___TS.g19412.t2","Cluster 4"
"Pocillopora_acuta_HIv2___TS.g19430.t1","Pocillopora_acuta_HIv2___TS.g19430.t1","Cluster 1"
"Pocillopora_acuta_HIv2___TS.g19505.t1a","Pocillopora_acuta_HIv2___TS.g19505.t1a","Cluster 3"
"Pocillopora_acuta_HIv2___TS.g19505.t1b","Pocillopora_acuta_HIv2___TS.g19505.t1b","Cluster 3"
"Pocillopora_acuta_HIv2___TS.g19513.t1","Pocillopora_acuta_HIv2___TS.g19513.t1","Cluster 4"
"Pocillopora_acuta_HIv2___TS.g19533.t2","Pocillopora_acuta_HIv2___TS.g19533.t2","Cluster 3"
"Pocillopora_acuta_HIv2___TS.g19562.t1","Pocillopora_acuta_HIv2___TS.g19562.t1","Cluster 2"
"Pocillopora_acuta_HIv2___TS.g19590.t1","Pocillopora_acuta_HIv2___TS.g19590.t1","Cluster 1"
"Pocillopora_acuta_HIv2___TS.g1967.t1a","Pocillopora_acuta_HIv2___TS.g1967.t1a","Cluster 1"
"Pocillopora_acuta_HIv2___TS.g19711.t1","Pocillopora_acuta_HIv2___TS.g19711.t1","Cluster 6"
"Pocillopora_acuta_HIv2___TS.g1972.t1","Pocillopora_acuta_HIv2___TS.g1972.t1","Cluster 3"
"Pocillopora_acuta_HIv2___TS.g19790.t1","Pocillopora_acuta_HIv2___TS.g19790.t1","Cluster 2"
"Pocillopora_acuta_HIv2___TS.g19829.t1","Pocillopora_acuta_HIv2___TS.g19829.t1","Cluster 3"
"Pocillopora_acuta_HIv2___TS.g19843.t1","Pocillopora_acuta_HIv2___TS.g19843.t1","Cluster 6"
"Pocillopora_acuta_HIv2___TS.g19988.t1","Pocillopora_acuta_HIv2___TS.g19988.t1","Cluster 1"
"Pocillopora_acuta_HIv2___TS.g19991.t2","Pocillopora_acuta_HIv2___TS.g19991.t2","Cluster 6"
"Pocillopora_acuta_HIv2___TS.g19999.t1","Pocillopora_acuta_HIv2___TS.g19999.t1","Cluster 3"
"Pocillopora_acuta_HIv2___TS.g20027.t1","Pocillopora_acuta_HIv2___TS.g20027.t1","Cluster 1"
"Pocillopora_acuta_HIv2___TS.g20042.t1","Pocillopora_acuta_HIv2___TS.g20042.t1","Cluster 5"
"Pocillopora_acuta_HIv2___TS.g201.t2","Pocillopora_acuta_HIv2___TS.g201.t2","Cluster 3"
"Pocillopora_acuta_HIv2___TS.g20100.t1","Pocillopora_acuta_HIv2___TS.g20100.t1","Cluster 6"
"Pocillopora_acuta_HIv2___TS.g20118.t1","Pocillopora_acuta_HIv2___TS.g20118.t1","Cluster 3"
"Pocillopora_acuta_HIv2___TS.g20356.t1","Pocillopora_acuta_HIv2___TS.g20356.t1","Cluster 3"
"Pocillopora_acuta_HIv2___TS.g20357.t1b","Pocillopora_acuta_HIv2___TS.g20357.t1b","Cluster 5"
"Pocillopora_acuta_HIv2___TS.g2057.t1","Pocillopora_acuta_HIv2___TS.g2057.t1","Cluster 6"
"Pocillopora_acuta_HIv2___TS.g20597.t2","Pocillopora_acuta_HIv2___TS.g20597.t2","Cluster 5"
"Pocillopora_acuta_HIv2___TS.g20624.t1","Pocillopora_acuta_HIv2___TS.g20624.t1","Cluster 4"
"Pocillopora_acuta_HIv2___TS.g20762.t1","Pocillopora_acuta_HIv2___TS.g20762.t1","Cluster 5"
"Pocillopora_acuta_HIv2___TS.g20778.t3a","Pocillopora_acuta_HIv2___TS.g20778.t3a","Cluster 3"
"Pocillopora_acuta_HIv2___TS.g20912.t1a","Pocillopora_acuta_HIv2___TS.g20912.t1a","Cluster 3"
"Pocillopora_acuta_HIv2___TS.g20921.t1","Pocillopora_acuta_HIv2___TS.g20921.t1","Cluster 3"
"Pocillopora_acuta_HIv2___TS.g20922.t1","Pocillopora_acuta_HIv2___TS.g20922.t1","Cluster 6"
"Pocillopora_acuta_HIv2___TS.g21128.t1","Pocillopora_acuta_HIv2___TS.g21128.t1","Cluster 2"
"Pocillopora_acuta_HIv2___TS.g21139.t1","Pocillopora_acuta_HIv2___TS.g21139.t1","Cluster 5"
"Pocillopora_acuta_HIv2___TS.g21140.t1","Pocillopora_acuta_HIv2___TS.g21140.t1","Cluster 3"
"Pocillopora_acuta_HIv2___TS.g21155.t1","Pocillopora_acuta_HIv2___TS.g21155.t1","Cluster 1"
"Pocillopora_acuta_HIv2___TS.g21233.t1","Pocillopora_acuta_HIv2___TS.g21233.t1","Cluster 6"
"Pocillopora_acuta_HIv2___TS.g21285.t2","Pocillopora_acuta_HIv2___TS.g21285.t2","Cluster 1"
"Pocillopora_acuta_HIv2___TS.g21346.t1","Pocillopora_acuta_HIv2___TS.g21346.t1","Cluster 2"
"Pocillopora_acuta_HIv2___TS.g2144.t1","Pocillopora_acuta_HIv2___TS.g2144.t1","Cluster 1"
"Pocillopora_acuta_HIv2___TS.g21487.t1","Pocillopora_acuta_HIv2___TS.g21487.t1","Cluster 2"
"Pocillopora_acuta_HIv2___TS.g21497.t1","Pocillopora_acuta_HIv2___TS.g21497.t1","Cluster 5"
"Pocillopora_acuta_HIv2___TS.g21510.t1","Pocillopora_acuta_HIv2___TS.g21510.t1","Cluster 2"
"Pocillopora_acuta_HIv2___TS.g21646.t2","Pocillopora_acuta_HIv2___TS.g21646.t2","Cluster 3"
"Pocillopora_acuta_HIv2___TS.g21728.t1","Pocillopora_acuta_HIv2___TS.g21728.t1","Cluster 6"
"Pocillopora_acuta_HIv2___TS.g21744.t2","Pocillopora_acuta_HIv2___TS.g21744.t2","Cluster 2"
"Pocillopora_acuta_HIv2___TS.g21748.t3","Pocillopora_acuta_HIv2___TS.g21748.t3","Cluster 3"
"Pocillopora_acuta_HIv2___TS.g21765.t1","Pocillopora_acuta_HIv2___TS.g21765.t1","Cluster 3"
"Pocillopora_acuta_HIv2___TS.g21779.t1","Pocillopora_acuta_HIv2___TS.g21779.t1","Cluster 1"
"Pocillopora_acuta_HIv2___TS.g21857.t1","Pocillopora_acuta_HIv2___TS.g21857.t1","Cluster 1"
"Pocillopora_acuta_HIv2___TS.g21880.t3","Pocillopora_acuta_HIv2___TS.g21880.t3","Cluster 6"
"Pocillopora_acuta_HIv2___TS.g21940.t2","Pocillopora_acuta_HIv2___TS.g21940.t2","Cluster 1"
"Pocillopora_acuta_HIv2___TS.g21955.t1a","Pocillopora_acuta_HIv2___TS.g21955.t1a","Cluster 1"
"Pocillopora_acuta_HIv2___TS.g21980.t1","Pocillopora_acuta_HIv2___TS.g21980.t1","Cluster 3"
"Pocillopora_acuta_HIv2___TS.g21993.t1","Pocillopora_acuta_HIv2___TS.g21993.t1","Cluster 1"
"Pocillopora_acuta_HIv2___TS.g22065.t1","Pocillopora_acuta_HIv2___TS.g22065.t1","Cluster 5"
"Pocillopora_acuta_HIv2___TS.g22235.t1","Pocillopora_acuta_HIv2___TS.g22235.t1","Cluster 3"
"Pocillopora_acuta_HIv2___TS.g22237.t1","Pocillopora_acuta_HIv2___TS.g22237.t1","Cluster 3"
"Pocillopora_acuta_HIv2___TS.g2231.t1","Pocillopora_acuta_HIv2___TS.g2231.t1","Cluster 5"
"Pocillopora_acuta_HIv2___TS.g22400.t1","Pocillopora_acuta_HIv2___TS.g22400.t1","Cluster 4"
"Pocillopora_acuta_HIv2___TS.g22510.t1","Pocillopora_acuta_HIv2___TS.g22510.t1","Cluster 6"
"Pocillopora_acuta_HIv2___TS.g2252.t1","Pocillopora_acuta_HIv2___TS.g2252.t1","Cluster 6"
"Pocillopora_acuta_HIv2___TS.g22528.t1","Pocillopora_acuta_HIv2___TS.g22528.t1","Cluster 3"
"Pocillopora_acuta_HIv2___TS.g22598.t1","Pocillopora_acuta_HIv2___TS.g22598.t1","Cluster 1"
"Pocillopora_acuta_HIv2___TS.g22637.t1a","Pocillopora_acuta_HIv2___TS.g22637.t1a","Cluster 1"
"Pocillopora_acuta_HIv2___TS.g22744.t2","Pocillopora_acuta_HIv2___TS.g22744.t2","Cluster 4"
"Pocillopora_acuta_HIv2___TS.g22783.t1","Pocillopora_acuta_HIv2___TS.g22783.t1","Cluster 1"
"Pocillopora_acuta_HIv2___TS.g23051.t1","Pocillopora_acuta_HIv2___TS.g23051.t1","Cluster 5"
"Pocillopora_acuta_HIv2___TS.g23121.t2","Pocillopora_acuta_HIv2___TS.g23121.t2","Cluster 3"
"Pocillopora_acuta_HIv2___TS.g2315.t1","Pocillopora_acuta_HIv2___TS.g2315.t1","Cluster 3"
"Pocillopora_acuta_HIv2___TS.g23150.t1","Pocillopora_acuta_HIv2___TS.g23150.t1","Cluster 2"
"Pocillopora_acuta_HIv2___TS.g23178.t1","Pocillopora_acuta_HIv2___TS.g23178.t1","Cluster 2"
"Pocillopora_acuta_HIv2___TS.g23179.t1","Pocillopora_acuta_HIv2___TS.g23179.t1","Cluster 1"
"Pocillopora_acuta_HIv2___TS.g23357.t1","Pocillopora_acuta_HIv2___TS.g23357.t1","Cluster 3"
"Pocillopora_acuta_HIv2___TS.g23363.t1","Pocillopora_acuta_HIv2___TS.g23363.t1","Cluster 6"
"Pocillopora_acuta_HIv2___TS.g23367.t1","Pocillopora_acuta_HIv2___TS.g23367.t1","Cluster 1"
"Pocillopora_acuta_HIv2___TS.g234.t1","Pocillopora_acuta_HIv2___TS.g234.t1","Cluster 3"
"Pocillopora_acuta_HIv2___TS.g23407.t1","Pocillopora_acuta_HIv2___TS.g23407.t1","Cluster 1"
"Pocillopora_acuta_HIv2___TS.g23498.t1","Pocillopora_acuta_HIv2___TS.g23498.t1","Cluster 1"
"Pocillopora_acuta_HIv2___TS.g23601.t1","Pocillopora_acuta_HIv2___TS.g23601.t1","Cluster 6"
"Pocillopora_acuta_HIv2___TS.g23602.t1","Pocillopora_acuta_HIv2___TS.g23602.t1","Cluster 1"
"Pocillopora_acuta_HIv2___TS.g23636.t1b","Pocillopora_acuta_HIv2___TS.g23636.t1b","Cluster 6"
"Pocillopora_acuta_HIv2___TS.g23643.t1","Pocillopora_acuta_HIv2___TS.g23643.t1","Cluster 2"
"Pocillopora_acuta_HIv2___TS.g23661.t1","Pocillopora_acuta_HIv2___TS.g23661.t1","Cluster 2"
"Pocillopora_acuta_HIv2___TS.g23690.t1","Pocillopora_acuta_HIv2___TS.g23690.t1","Cluster 4"
"Pocillopora_acuta_HIv2___TS.g2376.t2b","Pocillopora_acuta_HIv2___TS.g2376.t2b","Cluster 2"
"Pocillopora_acuta_HIv2___TS.g24030.t1","Pocillopora_acuta_HIv2___TS.g24030.t1","Cluster 6"
"Pocillopora_acuta_HIv2___TS.g24048.t2","Pocillopora_acuta_HIv2___TS.g24048.t2","Cluster 1"
"Pocillopora_acuta_HIv2___TS.g24061.t1","Pocillopora_acuta_HIv2___TS.g24061.t1","Cluster 4"
"Pocillopora_acuta_HIv2___TS.g24066.t1","Pocillopora_acuta_HIv2___TS.g24066.t1","Cluster 3"
"Pocillopora_acuta_HIv2___TS.g24069.t1","Pocillopora_acuta_HIv2___TS.g24069.t1","Cluster 1"
"Pocillopora_acuta_HIv2___TS.g24094.t1","Pocillopora_acuta_HIv2___TS.g24094.t1","Cluster 5"
"Pocillopora_acuta_HIv2___TS.g24095.t1","Pocillopora_acuta_HIv2___TS.g24095.t1","Cluster 5"
"Pocillopora_acuta_HIv2___TS.g24097.t1","Pocillopora_acuta_HIv2___TS.g24097.t1","Cluster 1"
"Pocillopora_acuta_HIv2___TS.g24138.t2","Pocillopora_acuta_HIv2___TS.g24138.t2","Cluster 3"
"Pocillopora_acuta_HIv2___TS.g24163.t2","Pocillopora_acuta_HIv2___TS.g24163.t2","Cluster 3"
"Pocillopora_acuta_HIv2___TS.g24184.t1c","Pocillopora_acuta_HIv2___TS.g24184.t1c","Cluster 6"
"Pocillopora_acuta_HIv2___TS.g24185.t1","Pocillopora_acuta_HIv2___TS.g24185.t1","Cluster 1"
"Pocillopora_acuta_HIv2___TS.g24198.t1","Pocillopora_acuta_HIv2___TS.g24198.t1","Cluster 3"
"Pocillopora_acuta_HIv2___TS.g24273.t2","Pocillopora_acuta_HIv2___TS.g24273.t2","Cluster 6"
"Pocillopora_acuta_HIv2___TS.g24279.t1","Pocillopora_acuta_HIv2___TS.g24279.t1","Cluster 3"
"Pocillopora_acuta_HIv2___TS.g24306.t1","Pocillopora_acuta_HIv2___TS.g24306.t1","Cluster 3"
"Pocillopora_acuta_HIv2___TS.g2432.t1","Pocillopora_acuta_HIv2___TS.g2432.t1","Cluster 4"
"Pocillopora_acuta_HIv2___TS.g24323.t1","Pocillopora_acuta_HIv2___TS.g24323.t1","Cluster 3"
"Pocillopora_acuta_HIv2___TS.g2434.t1","Pocillopora_acuta_HIv2___TS.g2434.t1","Cluster 1"
"Pocillopora_acuta_HIv2___TS.g24340.t1","Pocillopora_acuta_HIv2___TS.g24340.t1","Cluster 4"
"Pocillopora_acuta_HIv2___TS.g2439.t1","Pocillopora_acuta_HIv2___TS.g2439.t1","Cluster 2"
"Pocillopora_acuta_HIv2___TS.g24395.t1","Pocillopora_acuta_HIv2___TS.g24395.t1","Cluster 1"
"Pocillopora_acuta_HIv2___TS.g24429.t1b","Pocillopora_acuta_HIv2___TS.g24429.t1b","Cluster 5"
"Pocillopora_acuta_HIv2___TS.g24519.t3","Pocillopora_acuta_HIv2___TS.g24519.t3","Cluster 4"
"Pocillopora_acuta_HIv2___TS.g24602.t1","Pocillopora_acuta_HIv2___TS.g24602.t1","Cluster 6"
"Pocillopora_acuta_HIv2___TS.g24607.t3a","Pocillopora_acuta_HIv2___TS.g24607.t3a","Cluster 3"
"Pocillopora_acuta_HIv2___TS.g2465.t1","Pocillopora_acuta_HIv2___TS.g2465.t1","Cluster 2"
"Pocillopora_acuta_HIv2___TS.g24672.t2","Pocillopora_acuta_HIv2___TS.g24672.t2","Cluster 1"
"Pocillopora_acuta_HIv2___TS.g24807.t1","Pocillopora_acuta_HIv2___TS.g24807.t1","Cluster 3"
"Pocillopora_acuta_HIv2___TS.g24817.t1","Pocillopora_acuta_HIv2___TS.g24817.t1","Cluster 3"
"Pocillopora_acuta_HIv2___TS.g24838.t1","Pocillopora_acuta_HIv2___TS.g24838.t1","Cluster 6"
"Pocillopora_acuta_HIv2___TS.g24842.t1","Pocillopora_acuta_HIv2___TS.g24842.t1","Cluster 3"
"Pocillopora_acuta_HIv2___TS.g24850.t1","Pocillopora_acuta_HIv2___TS.g24850.t1","Cluster 2"
"Pocillopora_acuta_HIv2___TS.g24851.t1b","Pocillopora_acuta_HIv2___TS.g24851.t1b","Cluster 3"
"Pocillopora_acuta_HIv2___TS.g24869.t1","Pocillopora_acuta_HIv2___TS.g24869.t1","Cluster 3"
"Pocillopora_acuta_HIv2___TS.g24890.t1","Pocillopora_acuta_HIv2___TS.g24890.t1","Cluster 4"
"Pocillopora_acuta_HIv2___TS.g24947.t1","Pocillopora_acuta_HIv2___TS.g24947.t1","Cluster 6"
"Pocillopora_acuta_HIv2___TS.g25007.t2","Pocillopora_acuta_HIv2___TS.g25007.t2","Cluster 2"
"Pocillopora_acuta_HIv2___TS.g25027.t2","Pocillopora_acuta_HIv2___TS.g25027.t2","Cluster 3"
"Pocillopora_acuta_HIv2___TS.g25049.t1","Pocillopora_acuta_HIv2___TS.g25049.t1","Cluster 4"
"Pocillopora_acuta_HIv2___TS.g25081.t1","Pocillopora_acuta_HIv2___TS.g25081.t1","Cluster 3"
"Pocillopora_acuta_HIv2___TS.g25110.t1","Pocillopora_acuta_HIv2___TS.g25110.t1","Cluster 5"
"Pocillopora_acuta_HIv2___TS.g25118.t1","Pocillopora_acuta_HIv2___TS.g25118.t1","Cluster 1"
"Pocillopora_acuta_HIv2___TS.g25255.t1","Pocillopora_acuta_HIv2___TS.g25255.t1","Cluster 2"
"Pocillopora_acuta_HIv2___TS.g25259.t2","Pocillopora_acuta_HIv2___TS.g25259.t2","Cluster 2"
"Pocillopora_acuta_HIv2___TS.g25262.t1","Pocillopora_acuta_HIv2___TS.g25262.t1","Cluster 6"
"Pocillopora_acuta_HIv2___TS.g25302.t1","Pocillopora_acuta_HIv2___TS.g25302.t1","Cluster 1"
"Pocillopora_acuta_HIv2___TS.g25347.t1","Pocillopora_acuta_HIv2___TS.g25347.t1","Cluster 3"
"Pocillopora_acuta_HIv2___TS.g25376.t1a","Pocillopora_acuta_HIv2___TS.g25376.t1a","Cluster 5"
"Pocillopora_acuta_HIv2___TS.g25420.t1","Pocillopora_acuta_HIv2___TS.g25420.t1","Cluster 4"
"Pocillopora_acuta_HIv2___TS.g25478.t1b","Pocillopora_acuta_HIv2___TS.g25478.t1b","Cluster 4"
"Pocillopora_acuta_HIv2___TS.g25571.t1b","Pocillopora_acuta_HIv2___TS.g25571.t1b","Cluster 5"
"Pocillopora_acuta_HIv2___TS.g25571.t1c","Pocillopora_acuta_HIv2___TS.g25571.t1c","Cluster 3"
"Pocillopora_acuta_HIv2___TS.g2565.t1","Pocillopora_acuta_HIv2___TS.g2565.t1","Cluster 5"
"Pocillopora_acuta_HIv2___TS.g25674.t1","Pocillopora_acuta_HIv2___TS.g25674.t1","Cluster 5"
"Pocillopora_acuta_HIv2___TS.g25734.t1","Pocillopora_acuta_HIv2___TS.g25734.t1","Cluster 4"
"Pocillopora_acuta_HIv2___TS.g2574.t2","Pocillopora_acuta_HIv2___TS.g2574.t2","Cluster 3"
"Pocillopora_acuta_HIv2___TS.g25792.t1c","Pocillopora_acuta_HIv2___TS.g25792.t1c","Cluster 4"
"Pocillopora_acuta_HIv2___TS.g2580.t1","Pocillopora_acuta_HIv2___TS.g2580.t1","Cluster 3"
"Pocillopora_acuta_HIv2___TS.g25899.t2","Pocillopora_acuta_HIv2___TS.g25899.t2","Cluster 2"
"Pocillopora_acuta_HIv2___TS.g2591.t1","Pocillopora_acuta_HIv2___TS.g2591.t1","Cluster 3"
"Pocillopora_acuta_HIv2___TS.g25954.t1","Pocillopora_acuta_HIv2___TS.g25954.t1","Cluster 4"
"Pocillopora_acuta_HIv2___TS.g25969.t1","Pocillopora_acuta_HIv2___TS.g25969.t1","Cluster 1"
"Pocillopora_acuta_HIv2___TS.g25981.t2","Pocillopora_acuta_HIv2___TS.g25981.t2","Cluster 2"
"Pocillopora_acuta_HIv2___TS.g25987.t1","Pocillopora_acuta_HIv2___TS.g25987.t1","Cluster 2"
"Pocillopora_acuta_HIv2___TS.g26006.t2","Pocillopora_acuta_HIv2___TS.g26006.t2","Cluster 6"
"Pocillopora_acuta_HIv2___TS.g26014.t1c","Pocillopora_acuta_HIv2___TS.g26014.t1c","Cluster 6"
"Pocillopora_acuta_HIv2___TS.g26021.t1","Pocillopora_acuta_HIv2___TS.g26021.t1","Cluster 1"
"Pocillopora_acuta_HIv2___TS.g26046.t2","Pocillopora_acuta_HIv2___TS.g26046.t2","Cluster 3"
"Pocillopora_acuta_HIv2___TS.g26083.t1","Pocillopora_acuta_HIv2___TS.g26083.t1","Cluster 3"
"Pocillopora_acuta_HIv2___TS.g26089.t1","Pocillopora_acuta_HIv2___TS.g26089.t1","Cluster 1"
"Pocillopora_acuta_HIv2___TS.g26100.t1","Pocillopora_acuta_HIv2___TS.g26100.t1","Cluster 4"
"Pocillopora_acuta_HIv2___TS.g26116.t1","Pocillopora_acuta_HIv2___TS.g26116.t1","Cluster 3"
"Pocillopora_acuta_HIv2___TS.g26122.t1","Pocillopora_acuta_HIv2___TS.g26122.t1","Cluster 2"
"Pocillopora_acuta_HIv2___TS.g262.t1","Pocillopora_acuta_HIv2___TS.g262.t1","Cluster 3"
"Pocillopora_acuta_HIv2___TS.g26227.t1","Pocillopora_acuta_HIv2___TS.g26227.t1","Cluster 1"
"Pocillopora_acuta_HIv2___TS.g26252.t1","Pocillopora_acuta_HIv2___TS.g26252.t1","Cluster 4"
"Pocillopora_acuta_HIv2___TS.g26279.t1","Pocillopora_acuta_HIv2___TS.g26279.t1","Cluster 3"
"Pocillopora_acuta_HIv2___TS.g26284.t1","Pocillopora_acuta_HIv2___TS.g26284.t1","Cluster 6"
"Pocillopora_acuta_HIv2___TS.g26286.t1","Pocillopora_acuta_HIv2___TS.g26286.t1","Cluster 1"
"Pocillopora_acuta_HIv2___TS.g26329.t1","Pocillopora_acuta_HIv2___TS.g26329.t1","Cluster 1"
"Pocillopora_acuta_HIv2___TS.g26334.t1","Pocillopora_acuta_HIv2___TS.g26334.t1","Cluster 3"
"Pocillopora_acuta_HIv2___TS.g26481.t1","Pocillopora_acuta_HIv2___TS.g26481.t1","Cluster 3"
"Pocillopora_acuta_HIv2___TS.g2668.t1a","Pocillopora_acuta_HIv2___TS.g2668.t1a","Cluster 3"
"Pocillopora_acuta_HIv2___TS.g26697.t1a","Pocillopora_acuta_HIv2___TS.g26697.t1a","Cluster 3"
"Pocillopora_acuta_HIv2___TS.g26717.t1a","Pocillopora_acuta_HIv2___TS.g26717.t1a","Cluster 4"
"Pocillopora_acuta_HIv2___TS.g26737.t1b","Pocillopora_acuta_HIv2___TS.g26737.t1b","Cluster 3"
"Pocillopora_acuta_HIv2___TS.g26744.t1","Pocillopora_acuta_HIv2___TS.g26744.t1","Cluster 3"
"Pocillopora_acuta_HIv2___TS.g26808.t1b","Pocillopora_acuta_HIv2___TS.g26808.t1b","Cluster 1"
"Pocillopora_acuta_HIv2___TS.g26815.t1","Pocillopora_acuta_HIv2___TS.g26815.t1","Cluster 3"
"Pocillopora_acuta_HIv2___TS.g26828.t2","Pocillopora_acuta_HIv2___TS.g26828.t2","Cluster 2"
"Pocillopora_acuta_HIv2___TS.g2685.t2","Pocillopora_acuta_HIv2___TS.g2685.t2","Cluster 2"
"Pocillopora_acuta_HIv2___TS.g26859.t1","Pocillopora_acuta_HIv2___TS.g26859.t1","Cluster 3"
"Pocillopora_acuta_HIv2___TS.g26911.t2","Pocillopora_acuta_HIv2___TS.g26911.t2","Cluster 5"
"Pocillopora_acuta_HIv2___TS.g26942.t1","Pocillopora_acuta_HIv2___TS.g26942.t1","Cluster 3"
"Pocillopora_acuta_HIv2___TS.g26950.t1","Pocillopora_acuta_HIv2___TS.g26950.t1","Cluster 3"
"Pocillopora_acuta_HIv2___TS.g26956.t1","Pocillopora_acuta_HIv2___TS.g26956.t1","Cluster 2"
"Pocillopora_acuta_HIv2___TS.g26959.t2","Pocillopora_acuta_HIv2___TS.g26959.t2","Cluster 3"
"Pocillopora_acuta_HIv2___TS.g26973.t1","Pocillopora_acuta_HIv2___TS.g26973.t1","Cluster 3"
"Pocillopora_acuta_HIv2___TS.g27075.t1","Pocillopora_acuta_HIv2___TS.g27075.t1","Cluster 1"
"Pocillopora_acuta_HIv2___TS.g2709.t1","Pocillopora_acuta_HIv2___TS.g2709.t1","Cluster 3"
"Pocillopora_acuta_HIv2___TS.g2727.t1","Pocillopora_acuta_HIv2___TS.g2727.t1","Cluster 2"
"Pocillopora_acuta_HIv2___TS.g27280.t1","Pocillopora_acuta_HIv2___TS.g27280.t1","Cluster 5"
"Pocillopora_acuta_HIv2___TS.g27417.t1","Pocillopora_acuta_HIv2___TS.g27417.t1","Cluster 5"
"Pocillopora_acuta_HIv2___TS.g27460.t1","Pocillopora_acuta_HIv2___TS.g27460.t1","Cluster 1"
"Pocillopora_acuta_HIv2___TS.g27468.t2","Pocillopora_acuta_HIv2___TS.g27468.t2","Cluster 4"
"Pocillopora_acuta_HIv2___TS.g27510.t1","Pocillopora_acuta_HIv2___TS.g27510.t1","Cluster 2"
"Pocillopora_acuta_HIv2___TS.g27546.t1a","Pocillopora_acuta_HIv2___TS.g27546.t1a","Cluster 1"
"Pocillopora_acuta_HIv2___TS.g27572.t1","Pocillopora_acuta_HIv2___TS.g27572.t1","Cluster 3"
"Pocillopora_acuta_HIv2___TS.g27643.t2","Pocillopora_acuta_HIv2___TS.g27643.t2","Cluster 1"
"Pocillopora_acuta_HIv2___TS.g27659.t1","Pocillopora_acuta_HIv2___TS.g27659.t1","Cluster 3"
"Pocillopora_acuta_HIv2___TS.g27662.t3a","Pocillopora_acuta_HIv2___TS.g27662.t3a","Cluster 1"
"Pocillopora_acuta_HIv2___TS.g27663.t2","Pocillopora_acuta_HIv2___TS.g27663.t2","Cluster 4"
"Pocillopora_acuta_HIv2___TS.g27717.t1","Pocillopora_acuta_HIv2___TS.g27717.t1","Cluster 2"
"Pocillopora_acuta_HIv2___TS.g27737.t1","Pocillopora_acuta_HIv2___TS.g27737.t1","Cluster 5"
"Pocillopora_acuta_HIv2___TS.g27744.t1","Pocillopora_acuta_HIv2___TS.g27744.t1","Cluster 3"
"Pocillopora_acuta_HIv2___TS.g27754.t1","Pocillopora_acuta_HIv2___TS.g27754.t1","Cluster 3"
"Pocillopora_acuta_HIv2___TS.g27804.t1","Pocillopora_acuta_HIv2___TS.g27804.t1","Cluster 3"
"Pocillopora_acuta_HIv2___TS.g27807.t1","Pocillopora_acuta_HIv2___TS.g27807.t1","Cluster 3"
"Pocillopora_acuta_HIv2___TS.g27837.t2","Pocillopora_acuta_HIv2___TS.g27837.t2","Cluster 2"
"Pocillopora_acuta_HIv2___TS.g2784.t2","Pocillopora_acuta_HIv2___TS.g2784.t2","Cluster 3"
"Pocillopora_acuta_HIv2___TS.g27890.t1","Pocillopora_acuta_HIv2___TS.g27890.t1","Cluster 1"
"Pocillopora_acuta_HIv2___TS.g27962.t1","Pocillopora_acuta_HIv2___TS.g27962.t1","Cluster 6"
"Pocillopora_acuta_HIv2___TS.g28031.t1","Pocillopora_acuta_HIv2___TS.g28031.t1","Cluster 2"
"Pocillopora_acuta_HIv2___TS.g28041.t2","Pocillopora_acuta_HIv2___TS.g28041.t2","Cluster 1"
"Pocillopora_acuta_HIv2___TS.g28079.t1","Pocillopora_acuta_HIv2___TS.g28079.t1","Cluster 2"
"Pocillopora_acuta_HIv2___TS.g28104.t1","Pocillopora_acuta_HIv2___TS.g28104.t1","Cluster 1"
"Pocillopora_acuta_HIv2___TS.g28160.t1","Pocillopora_acuta_HIv2___TS.g28160.t1","Cluster 1"
"Pocillopora_acuta_HIv2___TS.g28173.t1","Pocillopora_acuta_HIv2___TS.g28173.t1","Cluster 1"
"Pocillopora_acuta_HIv2___TS.g28189.t2","Pocillopora_acuta_HIv2___TS.g28189.t2","Cluster 1"
"Pocillopora_acuta_HIv2___TS.g28196.t1","Pocillopora_acuta_HIv2___TS.g28196.t1","Cluster 3"
"Pocillopora_acuta_HIv2___TS.g28333.t1","Pocillopora_acuta_HIv2___TS.g28333.t1","Cluster 3"
"Pocillopora_acuta_HIv2___TS.g28412.t2","Pocillopora_acuta_HIv2___TS.g28412.t2","Cluster 3"
"Pocillopora_acuta_HIv2___TS.g28426.t1","Pocillopora_acuta_HIv2___TS.g28426.t1","Cluster 3"
"Pocillopora_acuta_HIv2___TS.g28459.t1","Pocillopora_acuta_HIv2___TS.g28459.t1","Cluster 2"
"Pocillopora_acuta_HIv2___TS.g28519.t2","Pocillopora_acuta_HIv2___TS.g28519.t2","Cluster 3"
"Pocillopora_acuta_HIv2___TS.g28534.t1","Pocillopora_acuta_HIv2___TS.g28534.t1","Cluster 1"
"Pocillopora_acuta_HIv2___TS.g28611.t1a","Pocillopora_acuta_HIv2___TS.g28611.t1a","Cluster 4"
"Pocillopora_acuta_HIv2___TS.g28628.t1","Pocillopora_acuta_HIv2___TS.g28628.t1","Cluster 3"
"Pocillopora_acuta_HIv2___TS.g28689.t1","Pocillopora_acuta_HIv2___TS.g28689.t1","Cluster 6"
"Pocillopora_acuta_HIv2___TS.g28716.t2","Pocillopora_acuta_HIv2___TS.g28716.t2","Cluster 3"
"Pocillopora_acuta_HIv2___TS.g28778.t1","Pocillopora_acuta_HIv2___TS.g28778.t1","Cluster 3"
"Pocillopora_acuta_HIv2___TS.g28795.t1","Pocillopora_acuta_HIv2___TS.g28795.t1","Cluster 4"
"Pocillopora_acuta_HIv2___TS.g28800.t1","Pocillopora_acuta_HIv2___TS.g28800.t1","Cluster 6"
"Pocillopora_acuta_HIv2___TS.g28813.t2","Pocillopora_acuta_HIv2___TS.g28813.t2","Cluster 2"
"Pocillopora_acuta_HIv2___TS.g28817.t1","Pocillopora_acuta_HIv2___TS.g28817.t1","Cluster 1"
"Pocillopora_acuta_HIv2___TS.g28873.t1","Pocillopora_acuta_HIv2___TS.g28873.t1","Cluster 3"
"Pocillopora_acuta_HIv2___TS.g28915.t1","Pocillopora_acuta_HIv2___TS.g28915.t1","Cluster 3"
"Pocillopora_acuta_HIv2___TS.g28935.t1","Pocillopora_acuta_HIv2___TS.g28935.t1","Cluster 4"
"Pocillopora_acuta_HIv2___TS.g28940.t1","Pocillopora_acuta_HIv2___TS.g28940.t1","Cluster 1"
"Pocillopora_acuta_HIv2___TS.g28957.t1","Pocillopora_acuta_HIv2___TS.g28957.t1","Cluster 6"
"Pocillopora_acuta_HIv2___TS.g2901.t1","Pocillopora_acuta_HIv2___TS.g2901.t1","Cluster 1"
"Pocillopora_acuta_HIv2___TS.g29044.t1","Pocillopora_acuta_HIv2___TS.g29044.t1","Cluster 4"
"Pocillopora_acuta_HIv2___TS.g2912.t1","Pocillopora_acuta_HIv2___TS.g2912.t1","Cluster 5"
"Pocillopora_acuta_HIv2___TS.g29131.t2","Pocillopora_acuta_HIv2___TS.g29131.t2","Cluster 1"
"Pocillopora_acuta_HIv2___TS.g29132.t1","Pocillopora_acuta_HIv2___TS.g29132.t1","Cluster 4"
"Pocillopora_acuta_HIv2___TS.g29187.t1","Pocillopora_acuta_HIv2___TS.g29187.t1","Cluster 2"
"Pocillopora_acuta_HIv2___TS.g29246.t1","Pocillopora_acuta_HIv2___TS.g29246.t1","Cluster 2"
"Pocillopora_acuta_HIv2___TS.g29262.t1b","Pocillopora_acuta_HIv2___TS.g29262.t1b","Cluster 1"
"Pocillopora_acuta_HIv2___TS.g29310.t1","Pocillopora_acuta_HIv2___TS.g29310.t1","Cluster 1"
"Pocillopora_acuta_HIv2___TS.g29320.t1","Pocillopora_acuta_HIv2___TS.g29320.t1","Cluster 3"
"Pocillopora_acuta_HIv2___TS.g29410.t1","Pocillopora_acuta_HIv2___TS.g29410.t1","Cluster 3"
"Pocillopora_acuta_HIv2___TS.g29566.t1","Pocillopora_acuta_HIv2___TS.g29566.t1","Cluster 5"
"Pocillopora_acuta_HIv2___TS.g29595.t1","Pocillopora_acuta_HIv2___TS.g29595.t1","Cluster 6"
"Pocillopora_acuta_HIv2___TS.g29624.t2","Pocillopora_acuta_HIv2___TS.g29624.t2","Cluster 3"
"Pocillopora_acuta_HIv2___TS.g29697.t1","Pocillopora_acuta_HIv2___TS.g29697.t1","Cluster 1"
"Pocillopora_acuta_HIv2___TS.g29752.t1","Pocillopora_acuta_HIv2___TS.g29752.t1","Cluster 5"
"Pocillopora_acuta_HIv2___TS.g29845.t2","Pocillopora_acuta_HIv2___TS.g29845.t2","Cluster 2"
"Pocillopora_acuta_HIv2___TS.g29854.t2","Pocillopora_acuta_HIv2___TS.g29854.t2","Cluster 5"
"Pocillopora_acuta_HIv2___TS.g29858.t1a","Pocillopora_acuta_HIv2___TS.g29858.t1a","Cluster 1"
"Pocillopora_acuta_HIv2___TS.g29955.t1a","Pocillopora_acuta_HIv2___TS.g29955.t1a","Cluster 3"
"Pocillopora_acuta_HIv2___TS.g29957.t1","Pocillopora_acuta_HIv2___TS.g29957.t1","Cluster 1"
"Pocillopora_acuta_HIv2___TS.g29983.t1","Pocillopora_acuta_HIv2___TS.g29983.t1","Cluster 1"
"Pocillopora_acuta_HIv2___TS.g29984.t1","Pocillopora_acuta_HIv2___TS.g29984.t1","Cluster 1"
"Pocillopora_acuta_HIv2___TS.g29987.t1","Pocillopora_acuta_HIv2___TS.g29987.t1","Cluster 6"
"Pocillopora_acuta_HIv2___TS.g30004.t1","Pocillopora_acuta_HIv2___TS.g30004.t1","Cluster 3"
"Pocillopora_acuta_HIv2___TS.g30040.t1b","Pocillopora_acuta_HIv2___TS.g30040.t1b","Cluster 4"
"Pocillopora_acuta_HIv2___TS.g3006.t1","Pocillopora_acuta_HIv2___TS.g3006.t1","Cluster 2"
"Pocillopora_acuta_HIv2___TS.g30079.t1a","Pocillopora_acuta_HIv2___TS.g30079.t1a","Cluster 6"
"Pocillopora_acuta_HIv2___TS.g30082.t2","Pocillopora_acuta_HIv2___TS.g30082.t2","Cluster 3"
"Pocillopora_acuta_HIv2___TS.g30160.t2","Pocillopora_acuta_HIv2___TS.g30160.t2","Cluster 4"
"Pocillopora_acuta_HIv2___TS.g30161.t1","Pocillopora_acuta_HIv2___TS.g30161.t1","Cluster 1"
"Pocillopora_acuta_HIv2___TS.g30162.t1","Pocillopora_acuta_HIv2___TS.g30162.t1","Cluster 5"
"Pocillopora_acuta_HIv2___TS.g30169.t1","Pocillopora_acuta_HIv2___TS.g30169.t1","Cluster 3"
"Pocillopora_acuta_HIv2___TS.g30170.t2","Pocillopora_acuta_HIv2___TS.g30170.t2","Cluster 5"
"Pocillopora_acuta_HIv2___TS.g30173.t1","Pocillopora_acuta_HIv2___TS.g30173.t1","Cluster 3"
"Pocillopora_acuta_HIv2___TS.g30203.t1","Pocillopora_acuta_HIv2___TS.g30203.t1","Cluster 6"
"Pocillopora_acuta_HIv2___TS.g30302.t1","Pocillopora_acuta_HIv2___TS.g30302.t1","Cluster 5"
"Pocillopora_acuta_HIv2___TS.g30420.t3","Pocillopora_acuta_HIv2___TS.g30420.t3","Cluster 6"
"Pocillopora_acuta_HIv2___TS.g30656.t1","Pocillopora_acuta_HIv2___TS.g30656.t1","Cluster 5"
"Pocillopora_acuta_HIv2___TS.g30819.t1","Pocillopora_acuta_HIv2___TS.g30819.t1","Cluster 4"
"Pocillopora_acuta_HIv2___TS.g3085.t1a","Pocillopora_acuta_HIv2___TS.g3085.t1a","Cluster 2"
"Pocillopora_acuta_HIv2___TS.g30962.t1","Pocillopora_acuta_HIv2___TS.g30962.t1","Cluster 5"
"Pocillopora_acuta_HIv2___TS.g31030.t1","Pocillopora_acuta_HIv2___TS.g31030.t1","Cluster 4"
"Pocillopora_acuta_HIv2___TS.g31052.t1","Pocillopora_acuta_HIv2___TS.g31052.t1","Cluster 4"
"Pocillopora_acuta_HIv2___TS.g31053.t1","Pocillopora_acuta_HIv2___TS.g31053.t1","Cluster 2"
"Pocillopora_acuta_HIv2___TS.g31099.t1b","Pocillopora_acuta_HIv2___TS.g31099.t1b","Cluster 6"
"Pocillopora_acuta_HIv2___TS.g31150.t1","Pocillopora_acuta_HIv2___TS.g31150.t1","Cluster 1"
"Pocillopora_acuta_HIv2___TS.g31171.t1","Pocillopora_acuta_HIv2___TS.g31171.t1","Cluster 3"
"Pocillopora_acuta_HIv2___TS.g31177.t1","Pocillopora_acuta_HIv2___TS.g31177.t1","Cluster 3"
"Pocillopora_acuta_HIv2___TS.g314.t3b","Pocillopora_acuta_HIv2___TS.g314.t3b","Cluster 1"
"Pocillopora_acuta_HIv2___TS.g31445.t1","Pocillopora_acuta_HIv2___TS.g31445.t1","Cluster 1"
"Pocillopora_acuta_HIv2___TS.g31466.t1","Pocillopora_acuta_HIv2___TS.g31466.t1","Cluster 1"
"Pocillopora_acuta_HIv2___TS.g31467.t1","Pocillopora_acuta_HIv2___TS.g31467.t1","Cluster 1"
"Pocillopora_acuta_HIv2___TS.g31606.t1","Pocillopora_acuta_HIv2___TS.g31606.t1","Cluster 1"
"Pocillopora_acuta_HIv2___TS.g317.t1","Pocillopora_acuta_HIv2___TS.g317.t1","Cluster 3"
"Pocillopora_acuta_HIv2___TS.g3181.t1","Pocillopora_acuta_HIv2___TS.g3181.t1","Cluster 2"
"Pocillopora_acuta_HIv2___TS.g3186.t1","Pocillopora_acuta_HIv2___TS.g3186.t1","Cluster 6"
"Pocillopora_acuta_HIv2___TS.g3203.t1","Pocillopora_acuta_HIv2___TS.g3203.t1","Cluster 3"
"Pocillopora_acuta_HIv2___TS.g3208.t2","Pocillopora_acuta_HIv2___TS.g3208.t2","Cluster 1"
"Pocillopora_acuta_HIv2___TS.g3218.t1","Pocillopora_acuta_HIv2___TS.g3218.t1","Cluster 1"
"Pocillopora_acuta_HIv2___TS.g3265.t1","Pocillopora_acuta_HIv2___TS.g3265.t1","Cluster 2"
"Pocillopora_acuta_HIv2___TS.g3304.t1","Pocillopora_acuta_HIv2___TS.g3304.t1","Cluster 2"
"Pocillopora_acuta_HIv2___TS.g335.t2","Pocillopora_acuta_HIv2___TS.g335.t2","Cluster 6"
"Pocillopora_acuta_HIv2___TS.g3353.t1","Pocillopora_acuta_HIv2___TS.g3353.t1","Cluster 3"
"Pocillopora_acuta_HIv2___TS.g3364.t1","Pocillopora_acuta_HIv2___TS.g3364.t1","Cluster 1"
"Pocillopora_acuta_HIv2___TS.g3383.t1","Pocillopora_acuta_HIv2___TS.g3383.t1","Cluster 6"
"Pocillopora_acuta_HIv2___TS.g3401.t1","Pocillopora_acuta_HIv2___TS.g3401.t1","Cluster 3"
"Pocillopora_acuta_HIv2___TS.g3518.t1","Pocillopora_acuta_HIv2___TS.g3518.t1","Cluster 5"
"Pocillopora_acuta_HIv2___TS.g3591.t1","Pocillopora_acuta_HIv2___TS.g3591.t1","Cluster 2"
"Pocillopora_acuta_HIv2___TS.g3666.t1a","Pocillopora_acuta_HIv2___TS.g3666.t1a","Cluster 3"
"Pocillopora_acuta_HIv2___TS.g3751.t1","Pocillopora_acuta_HIv2___TS.g3751.t1","Cluster 3"
"Pocillopora_acuta_HIv2___TS.g3758.t1","Pocillopora_acuta_HIv2___TS.g3758.t1","Cluster 1"
"Pocillopora_acuta_HIv2___TS.g3763.t1","Pocillopora_acuta_HIv2___TS.g3763.t1","Cluster 2"
"Pocillopora_acuta_HIv2___TS.g3927.t1","Pocillopora_acuta_HIv2___TS.g3927.t1","Cluster 5"
"Pocillopora_acuta_HIv2___TS.g3988.t6","Pocillopora_acuta_HIv2___TS.g3988.t6","Cluster 3"
"Pocillopora_acuta_HIv2___TS.g4027.t1","Pocillopora_acuta_HIv2___TS.g4027.t1","Cluster 5"
"Pocillopora_acuta_HIv2___TS.g4124.t2b","Pocillopora_acuta_HIv2___TS.g4124.t2b","Cluster 4"
"Pocillopora_acuta_HIv2___TS.g4182.t1","Pocillopora_acuta_HIv2___TS.g4182.t1","Cluster 1"
"Pocillopora_acuta_HIv2___TS.g4220.t1","Pocillopora_acuta_HIv2___TS.g4220.t1","Cluster 3"
"Pocillopora_acuta_HIv2___TS.g425.t1","Pocillopora_acuta_HIv2___TS.g425.t1","Cluster 1"
"Pocillopora_acuta_HIv2___TS.g4359.t1","Pocillopora_acuta_HIv2___TS.g4359.t1","Cluster 6"
"Pocillopora_acuta_HIv2___TS.g4377.t1b","Pocillopora_acuta_HIv2___TS.g4377.t1b","Cluster 6"
"Pocillopora_acuta_HIv2___TS.g4379.t1","Pocillopora_acuta_HIv2___TS.g4379.t1","Cluster 5"
"Pocillopora_acuta_HIv2___TS.g4383.t2","Pocillopora_acuta_HIv2___TS.g4383.t2","Cluster 6"
"Pocillopora_acuta_HIv2___TS.g4404.t1","Pocillopora_acuta_HIv2___TS.g4404.t1","Cluster 1"
"Pocillopora_acuta_HIv2___TS.g4430.t1","Pocillopora_acuta_HIv2___TS.g4430.t1","Cluster 6"
"Pocillopora_acuta_HIv2___TS.g4435.t1","Pocillopora_acuta_HIv2___TS.g4435.t1","Cluster 3"
"Pocillopora_acuta_HIv2___TS.g4549.t1","Pocillopora_acuta_HIv2___TS.g4549.t1","Cluster 3"
"Pocillopora_acuta_HIv2___TS.g4574.t2b","Pocillopora_acuta_HIv2___TS.g4574.t2b","Cluster 5"
"Pocillopora_acuta_HIv2___TS.g4675.t1","Pocillopora_acuta_HIv2___TS.g4675.t1","Cluster 6"
"Pocillopora_acuta_HIv2___TS.g4809.t1","Pocillopora_acuta_HIv2___TS.g4809.t1","Cluster 3"
"Pocillopora_acuta_HIv2___TS.g4966.t1a","Pocillopora_acuta_HIv2___TS.g4966.t1a","Cluster 1"
"Pocillopora_acuta_HIv2___TS.g5225.t1","Pocillopora_acuta_HIv2___TS.g5225.t1","Cluster 6"
"Pocillopora_acuta_HIv2___TS.g5334.t1","Pocillopora_acuta_HIv2___TS.g5334.t1","Cluster 6"
"Pocillopora_acuta_HIv2___TS.g5376.t1","Pocillopora_acuta_HIv2___TS.g5376.t1","Cluster 2"
"Pocillopora_acuta_HIv2___TS.g5393.t1","Pocillopora_acuta_HIv2___TS.g5393.t1","Cluster 3"
"Pocillopora_acuta_HIv2___TS.g5471.t1","Pocillopora_acuta_HIv2___TS.g5471.t1","Cluster 2"
"Pocillopora_acuta_HIv2___TS.g550.t1","Pocillopora_acuta_HIv2___TS.g550.t1","Cluster 2"
"Pocillopora_acuta_HIv2___TS.g5512.t1b","Pocillopora_acuta_HIv2___TS.g5512.t1b","Cluster 6"
"Pocillopora_acuta_HIv2___TS.g5618.t1","Pocillopora_acuta_HIv2___TS.g5618.t1","Cluster 6"
"Pocillopora_acuta_HIv2___TS.g5643.t1","Pocillopora_acuta_HIv2___TS.g5643.t1","Cluster 3"
"Pocillopora_acuta_HIv2___TS.g5698.t1","Pocillopora_acuta_HIv2___TS.g5698.t1","Cluster 2"
"Pocillopora_acuta_HIv2___TS.g5749.t1","Pocillopora_acuta_HIv2___TS.g5749.t1","Cluster 3"
"Pocillopora_acuta_HIv2___TS.g5804.t1","Pocillopora_acuta_HIv2___TS.g5804.t1","Cluster 2"
"Pocillopora_acuta_HIv2___TS.g5836.t1","Pocillopora_acuta_HIv2___TS.g5836.t1","Cluster 1"
"Pocillopora_acuta_HIv2___TS.g5939.t1b","Pocillopora_acuta_HIv2___TS.g5939.t1b","Cluster 1"
"Pocillopora_acuta_HIv2___TS.g5950.t3","Pocillopora_acuta_HIv2___TS.g5950.t3","Cluster 2"
"Pocillopora_acuta_HIv2___TS.g6.t1","Pocillopora_acuta_HIv2___TS.g6.t1","Cluster 2"
"Pocillopora_acuta_HIv2___TS.g6007.t1","Pocillopora_acuta_HIv2___TS.g6007.t1","Cluster 4"
"Pocillopora_acuta_HIv2___TS.g6057.t1","Pocillopora_acuta_HIv2___TS.g6057.t1","Cluster 2"
"Pocillopora_acuta_HIv2___TS.g6060.t1","Pocillopora_acuta_HIv2___TS.g6060.t1","Cluster 2"
"Pocillopora_acuta_HIv2___TS.g6113.t1","Pocillopora_acuta_HIv2___TS.g6113.t1","Cluster 2"
"Pocillopora_acuta_HIv2___TS.g6120.t1","Pocillopora_acuta_HIv2___TS.g6120.t1","Cluster 6"
"Pocillopora_acuta_HIv2___TS.g6175.t1","Pocillopora_acuta_HIv2___TS.g6175.t1","Cluster 3"
"Pocillopora_acuta_HIv2___TS.g6238.t1","Pocillopora_acuta_HIv2___TS.g6238.t1","Cluster 1"
"Pocillopora_acuta_HIv2___TS.g6241.t1e","Pocillopora_acuta_HIv2___TS.g6241.t1e","Cluster 3"
"Pocillopora_acuta_HIv2___TS.g6252.t1","Pocillopora_acuta_HIv2___TS.g6252.t1","Cluster 2"
"Pocillopora_acuta_HIv2___TS.g6316.t1","Pocillopora_acuta_HIv2___TS.g6316.t1","Cluster 1"
"Pocillopora_acuta_HIv2___TS.g6372.t2","Pocillopora_acuta_HIv2___TS.g6372.t2","Cluster 3"
"Pocillopora_acuta_HIv2___TS.g6400.t1","Pocillopora_acuta_HIv2___TS.g6400.t1","Cluster 4"
"Pocillopora_acuta_HIv2___TS.g6432.t1","Pocillopora_acuta_HIv2___TS.g6432.t1","Cluster 2"
"Pocillopora_acuta_HIv2___TS.g6434.t1","Pocillopora_acuta_HIv2___TS.g6434.t1","Cluster 5"
"Pocillopora_acuta_HIv2___TS.g6442.t1","Pocillopora_acuta_HIv2___TS.g6442.t1","Cluster 3"
"Pocillopora_acuta_HIv2___TS.g6463.t1","Pocillopora_acuta_HIv2___TS.g6463.t1","Cluster 2"
"Pocillopora_acuta_HIv2___TS.g6477.t1","Pocillopora_acuta_HIv2___TS.g6477.t1","Cluster 3"
"Pocillopora_acuta_HIv2___TS.g6502.t1","Pocillopora_acuta_HIv2___TS.g6502.t1","Cluster 2"
"Pocillopora_acuta_HIv2___TS.g6503.t2","Pocillopora_acuta_HIv2___TS.g6503.t2","Cluster 6"
"Pocillopora_acuta_HIv2___TS.g6544.t2","Pocillopora_acuta_HIv2___TS.g6544.t2","Cluster 3"
"Pocillopora_acuta_HIv2___TS.g6551.t1","Pocillopora_acuta_HIv2___TS.g6551.t1","Cluster 1"
"Pocillopora_acuta_HIv2___TS.g6566.t1","Pocillopora_acuta_HIv2___TS.g6566.t1","Cluster 6"
"Pocillopora_acuta_HIv2___TS.g6578.t1","Pocillopora_acuta_HIv2___TS.g6578.t1","Cluster 3"
"Pocillopora_acuta_HIv2___TS.g6583.t1","Pocillopora_acuta_HIv2___TS.g6583.t1","Cluster 2"
"Pocillopora_acuta_HIv2___TS.g6625.t2","Pocillopora_acuta_HIv2___TS.g6625.t2","Cluster 1"
"Pocillopora_acuta_HIv2___TS.g6649.t1","Pocillopora_acuta_HIv2___TS.g6649.t1","Cluster 1"
"Pocillopora_acuta_HIv2___TS.g6662.t2","Pocillopora_acuta_HIv2___TS.g6662.t2","Cluster 3"
"Pocillopora_acuta_HIv2___TS.g6754.t1","Pocillopora_acuta_HIv2___TS.g6754.t1","Cluster 2"
"Pocillopora_acuta_HIv2___TS.g6784.t1","Pocillopora_acuta_HIv2___TS.g6784.t1","Cluster 3"
"Pocillopora_acuta_HIv2___TS.g6789.t1","Pocillopora_acuta_HIv2___TS.g6789.t1","Cluster 3"
"Pocillopora_acuta_HIv2___TS.g6805.t1a","Pocillopora_acuta_HIv2___TS.g6805.t1a","Cluster 2"
"Pocillopora_acuta_HIv2___TS.g69.t1","Pocillopora_acuta_HIv2___TS.g69.t1","Cluster 5"
"Pocillopora_acuta_HIv2___TS.g6998.t1","Pocillopora_acuta_HIv2___TS.g6998.t1","Cluster 1"
"Pocillopora_acuta_HIv2___TS.g7006.t1","Pocillopora_acuta_HIv2___TS.g7006.t1","Cluster 2"
"Pocillopora_acuta_HIv2___TS.g7152.t1","Pocillopora_acuta_HIv2___TS.g7152.t1","Cluster 1"
"Pocillopora_acuta_HIv2___TS.g725.t1","Pocillopora_acuta_HIv2___TS.g725.t1","Cluster 3"
"Pocillopora_acuta_HIv2___TS.g7413.t2","Pocillopora_acuta_HIv2___TS.g7413.t2","Cluster 3"
"Pocillopora_acuta_HIv2___TS.g7418.t3","Pocillopora_acuta_HIv2___TS.g7418.t3","Cluster 1"
"Pocillopora_acuta_HIv2___TS.g7432.t1a","Pocillopora_acuta_HIv2___TS.g7432.t1a","Cluster 6"
"Pocillopora_acuta_HIv2___TS.g7543.t1","Pocillopora_acuta_HIv2___TS.g7543.t1","Cluster 6"
"Pocillopora_acuta_HIv2___TS.g7674.t1","Pocillopora_acuta_HIv2___TS.g7674.t1","Cluster 3"
"Pocillopora_acuta_HIv2___TS.g7686.t1","Pocillopora_acuta_HIv2___TS.g7686.t1","Cluster 2"
"Pocillopora_acuta_HIv2___TS.g7855.t1","Pocillopora_acuta_HIv2___TS.g7855.t1","Cluster 3"
"Pocillopora_acuta_HIv2___TS.g7939.t2b","Pocillopora_acuta_HIv2___TS.g7939.t2b","Cluster 1"
"Pocillopora_acuta_HIv2___TS.g7963.t1","Pocillopora_acuta_HIv2___TS.g7963.t1","Cluster 1"
"Pocillopora_acuta_HIv2___TS.g7997.t1","Pocillopora_acuta_HIv2___TS.g7997.t1","Cluster 2"
"Pocillopora_acuta_HIv2___TS.g805.t1a","Pocillopora_acuta_HIv2___TS.g805.t1a","Cluster 3"
"Pocillopora_acuta_HIv2___TS.g8157.t1","Pocillopora_acuta_HIv2___TS.g8157.t1","Cluster 2"
"Pocillopora_acuta_HIv2___TS.g8278.t1","Pocillopora_acuta_HIv2___TS.g8278.t1","Cluster 3"
"Pocillopora_acuta_HIv2___TS.g8286.t1","Pocillopora_acuta_HIv2___TS.g8286.t1","Cluster 5"
"Pocillopora_acuta_HIv2___TS.g8323.t1b","Pocillopora_acuta_HIv2___TS.g8323.t1b","Cluster 6"
"Pocillopora_acuta_HIv2___TS.g8344.t1","Pocillopora_acuta_HIv2___TS.g8344.t1","Cluster 5"
"Pocillopora_acuta_HIv2___TS.g8370.t1","Pocillopora_acuta_HIv2___TS.g8370.t1","Cluster 2"
"Pocillopora_acuta_HIv2___TS.g8422.t2","Pocillopora_acuta_HIv2___TS.g8422.t2","Cluster 2"
"Pocillopora_acuta_HIv2___TS.g8426.t1","Pocillopora_acuta_HIv2___TS.g8426.t1","Cluster 3"
"Pocillopora_acuta_HIv2___TS.g8488.t1","Pocillopora_acuta_HIv2___TS.g8488.t1","Cluster 4"
"Pocillopora_acuta_HIv2___TS.g8504.t1","Pocillopora_acuta_HIv2___TS.g8504.t1","Cluster 4"
"Pocillopora_acuta_HIv2___TS.g872.t1","Pocillopora_acuta_HIv2___TS.g872.t1","Cluster 1"
"Pocillopora_acuta_HIv2___TS.g8726.t1b","Pocillopora_acuta_HIv2___TS.g8726.t1b","Cluster 4"
"Pocillopora_acuta_HIv2___TS.g8768.t1","Pocillopora_acuta_HIv2___TS.g8768.t1","Cluster 4"
"Pocillopora_acuta_HIv2___TS.g8894.t1","Pocillopora_acuta_HIv2___TS.g8894.t1","Cluster 6"
"Pocillopora_acuta_HIv2___TS.g8919.t1","Pocillopora_acuta_HIv2___TS.g8919.t1","Cluster 4"
"Pocillopora_acuta_HIv2___TS.g896.t1","Pocillopora_acuta_HIv2___TS.g896.t1","Cluster 3"
"Pocillopora_acuta_HIv2___TS.g8967.t1","Pocillopora_acuta_HIv2___TS.g8967.t1","Cluster 6"
"Pocillopora_acuta_HIv2___TS.g8976.t1","Pocillopora_acuta_HIv2___TS.g8976.t1","Cluster 2"
"Pocillopora_acuta_HIv2___TS.g9115.t1b","Pocillopora_acuta_HIv2___TS.g9115.t1b","Cluster 3"
"Pocillopora_acuta_HIv2___TS.g9118.t1b","Pocillopora_acuta_HIv2___TS.g9118.t1b","Cluster 5"
"Pocillopora_acuta_HIv2___TS.g9125.t1","Pocillopora_acuta_HIv2___TS.g9125.t1","Cluster 2"
"Pocillopora_acuta_HIv2___TS.g9225.t1","Pocillopora_acuta_HIv2___TS.g9225.t1","Cluster 4"
"Pocillopora_acuta_HIv2___TS.g9241.t2","Pocillopora_acuta_HIv2___TS.g9241.t2","Cluster 3"
"Pocillopora_acuta_HIv2___TS.g9300.t1","Pocillopora_acuta_HIv2___TS.g9300.t1","Cluster 3"
"Pocillopora_acuta_HIv2___TS.g9360.t1","Pocillopora_acuta_HIv2___TS.g9360.t1","Cluster 1"
"Pocillopora_acuta_HIv2___TS.g9361.t1","Pocillopora_acuta_HIv2___TS.g9361.t1","Cluster 1"
"Pocillopora_acuta_HIv2___TS.g9370.t1","Pocillopora_acuta_HIv2___TS.g9370.t1","Cluster 5"
"Pocillopora_acuta_HIv2___TS.g9395.t1","Pocillopora_acuta_HIv2___TS.g9395.t1","Cluster 4"
"Pocillopora_acuta_HIv2___TS.g941.t1","Pocillopora_acuta_HIv2___TS.g941.t1","Cluster 3"
"Pocillopora_acuta_HIv2___TS.g9460.t1b","Pocillopora_acuta_HIv2___TS.g9460.t1b","Cluster 3"
"Pocillopora_acuta_HIv2___TS.g9480.t1","Pocillopora_acuta_HIv2___TS.g9480.t1","Cluster 2"
"Pocillopora_acuta_HIv2___TS.g9508.t1","Pocillopora_acuta_HIv2___TS.g9508.t1","Cluster 3"
"Pocillopora_acuta_HIv2___TS.g951.t1","Pocillopora_acuta_HIv2___TS.g951.t1","Cluster 3"
"Pocillopora_acuta_HIv2___TS.g9581.t1","Pocillopora_acuta_HIv2___TS.g9581.t1","Cluster 5"
"Pocillopora_acuta_HIv2___TS.g9621.t1","Pocillopora_acuta_HIv2___TS.g9621.t1","Cluster 3"
"Pocillopora_acuta_HIv2___TS.g9681.t1","Pocillopora_acuta_HIv2___TS.g9681.t1","Cluster 6"
"Pocillopora_acuta_HIv2___TS.g9759.t2b","Pocillopora_acuta_HIv2___TS.g9759.t2b","Cluster 4"
"Pocillopora_acuta_HIv2___TS.g9860.t1","Pocillopora_acuta_HIv2___TS.g9860.t1","Cluster 5"
"Pocillopora_acuta_HIv2___TS.g9864.t1","Pocillopora_acuta_HIv2___TS.g9864.t1","Cluster 1"
"Pocillopora_acuta_HIv2___TS.g9884.t1","Pocillopora_acuta_HIv2___TS.g9884.t1","Cluster 3"
"Pocillopora_acuta_HIv2___TS.g99.t1","Pocillopora_acuta_HIv2___TS.g99.t1","Cluster 2"
"Pocillopora_acuta_HIv2___TS.g9946.t1","Pocillopora_acuta_HIv2___TS.g9946.t1","Cluster 1"
