#category	term ID	term description	observed gene count	background gene count	strength	signal	false discovery rate	matching proteins in your network (IDs)	matching proteins in your network (labels)
GO Process	GO:0009987	Cellular process	212	12654	0.16	0.67	1.09e-11	46731.A0A3M6T422,46731.A0A3M6T4I7,46731.A0A3M6T4W5,46731.A0A3M6T5H6,46731.A0A3M6T5Y0,46731.A0A3M6T603,46731.A0A3M6T6A4,46731.A0A3M6T771,46731.A0A3M6T791,46731.A0A3M6T7D4,46731.A0A3M6T7F8,46731.A0A3M6T7G3,46731.A0A3M6T7K0,46731.A0A3M6T7W5,46731.A0A3M6T850,46731.A0A3M6T859,46731.A0A3M6T8G2,46731.A0A3M6T8I4,46731.A0A3M6T8K3,46731.A0A3M6T8K9,46731.A0A3M6T8R9,46731.A0A3M6T8Z9,46731.A0A3M6TA01,46731.A0A3M6TA59,46731.A0A3M6TA69,46731.A0A3M6TAC9,46731.A0A3M6TB20,46731.A0A3M6TBY4,46731.A0A3M6TCC2,46731.A0A3M6TCK1,46731.A0A3M6TCR8,46731.A0A3M6TE10,46731.A0A3M6TE18,46731.A0A3M6TE54,46731.A0A3M6TE62,46731.A0A3M6TEH6,46731.A0A3M6TEV3,46731.A0A3M6TEY2,46731.A0A3M6TFV3,46731.A0A3M6TFY6,46731.A0A3M6TFZ0,46731.A0A3M6TG32,46731.A0A3M6TG89,46731.A0A3M6TG93,46731.A0A3M6TG98,46731.A0A3M6TIE9,46731.A0A3M6TIG2,46731.A0A3M6TIW2,46731.A0A3M6TJ99,46731.A0A3M6TJE1,46731.A0A3M6TJN8,46731.A0A3M6TJT8,46731.A0A3M6TKJ3,46731.A0A3M6TKK7,46731.A0A3M6TKM6,46731.A0A3M6TKY8,46731.A0A3M6TKZ8,46731.A0A3M6TL27,46731.A0A3M6TLR7,46731.A0A3M6TLW2,46731.A0A3M6TLW4,46731.A0A3M6TM07,46731.A0A3M6TMP8,46731.A0A3M6TNN2,46731.A0A3M6TP49,46731.A0A3M6TPQ1,46731.A0A3M6TPV9,46731.A0A3M6TPW2,46731.A0A3M6TQS7,46731.A0A3M6TQX8,46731.A0A3M6TR17,46731.A0A3M6TR41,46731.A0A3M6TRM3,46731.A0A3M6TS23,46731.A0A3M6TS67,46731.A0A3M6TSJ0,46731.A0A3M6TSS3,46731.A0A3M6TSY9,46731.A0A3M6TSZ0,46731.A0A3M6TT97,46731.A0A3M6TTM3,46731.A0A3M6TTW5,46731.A0A3M6TU54,46731.A0A3M6TU70,46731.A0A3M6TU90,46731.A0A3M6TUA7,46731.A0A3M6TUV9,46731.A0A3M6TUX3,46731.A0A3M6TV28,46731.A0A3M6TVI9,46731.A0A3M6TVU3,46731.A0A3M6TW10,46731.A0A3M6TW24,46731.A0A3M6TW28,46731.A0A3M6TWG7,46731.A0A3M6TXA2,46731.A0A3M6TXW0,46731.A0A3M6TYA4,46731.A0A3M6TZ44,46731.A0A3M6U001,46731.A0A3M6U0B6,46731.A0A3M6U0L4,46731.A0A3M6U0U7,46731.A0A3M6U1I7,46731.A0A3M6U1V1,46731.A0A3M6U240,46731.A0A3M6U2U8,46731.A0A3M6U379,46731.A0A3M6U3B9,46731.A0A3M6U476,46731.A0A3M6U4D0,46731.A0A3M6U4W1,46731.A0A3M6U574,46731.A0A3M6U6H3,46731.A0A3M6U6U8,46731.A0A3M6U6Y6,46731.A0A3M6U6Z0,46731.A0A3M6U718,46731.A0A3M6U7D5,46731.A0A3M6U857,46731.A0A3M6U8I0,46731.A0A3M6U8I8,46731.A0A3M6U8U6,46731.A0A3M6U8W0,46731.A0A3M6U9P5,46731.A0A3M6U9R5,46731.A0A3M6U9S4,46731.A0A3M6UAD5,46731.A0A3M6UAD9,46731.A0A3M6UAJ1,46731.A0A3M6UCC7,46731.A0A3M6UCV6,46731.A0A3M6UD30,46731.A0A3M6UE17,46731.A0A3M6UED5,46731.A0A3M6UEQ9,46731.A0A3M6UF48,46731.A0A3M6UFT1,46731.A0A3M6UFV2,46731.A0A3M6UFX3,46731.A0A3M6UFY0,46731.A0A3M6UGA4,46731.A0A3M6UGJ6,46731.A0A3M6UH46,46731.A0A3M6UH53,46731.A0A3M6UH92,46731.A0A3M6UHC3,46731.A0A3M6UHW5,46731.A0A3M6UHY7,46731.A0A3M6UIB2,46731.A0A3M6UID9,46731.A0A3M6UIG3,46731.A0A3M6UIR6,46731.A0A3M6UJ20,46731.A0A3M6UJ45,46731.A0A3M6UJ97,46731.A0A3M6UJA3,46731.A0A3M6UJE5,46731.A0A3M6UJG5,46731.A0A3M6UK08,46731.A0A3M6UKN1,46731.A0A3M6UKR6,46731.A0A3M6ULV4,46731.A0A3M6ULW6,46731.A0A3M6UM44,46731.A0A3M6UMU5,46731.A0A3M6UNC3,46731.A0A3M6UNF4,46731.A0A3M6UP13,46731.A0A3M6UPN1,46731.A0A3M6UPR6,46731.A0A3M6UPY5,46731.A0A3M6UQB5,46731.A0A3M6UQJ9,46731.A0A3M6URP1,46731.A0A3M6USJ7,46731.A0A3M6USN2,46731.A0A3M6USP0,46731.A0A3M6UTD1,46731.A0A3M6UTH3,46731.A0A3M6UTW3,46731.A0A3M6UTX3,46731.A0A3M6UU20,46731.A0A3M6UU80,46731.A0A3M6UUW7,46731.A0A3M6UV88,46731.A0A3M6UV95,46731.A0A3M6UVH1,46731.A0A3M6UVI4,46731.A0A3M6UXV6,46731.A0A3M6UXZ1,46731.A0A3M6UY44,46731.A0A3M6UYC1,46731.A0A3M6UYI8,46731.A0A3M6UYS8,46731.A0A3M6UZ57,46731.A0A3M6UZ63,46731.A0A3M6UZ71,46731.A0A3M6UZ76,46731.A0A3M6UZA8,46731.A0A3M6UZN8,46731.A0A3M6V0I6,46731.A0A3M6V2C8,46731.A0A3M6V2M9,46731.A0A3M6V2Y7,46731.A0A3M6V3Y5,46731.A0A3M6V4G4,46731.A0A3M6V4J9,46731.A0A3M6V4Z0,46731.A0A3M6V6P4,46731.A0A3M6V835,46731.A0A3M6VAZ3	pdam_00010185,pdam_00022847,pdam_00005253,pdam_00023825,pdam_00023829,pdam_00008984,pdam_00001004,pdam_00023680,pdam_00023609,pdam_00011395,pdam_00015452,pdam_00023611,pdam_00023608,pdam_00011709,pdam_00012832,pdam_00012840,pdam_00016618,pdam_00023012,pdam_00004294,pdam_00006598,pdam_00006596,pdam_00024990,pdam_00003401,pdam_00003362,pdam_00003354,pdam_00003413,pdam_00008393,pdam_00016757,pdam_00021861,pdam_00019238,pdam_00017598,pdam_00008075,pdam_00003991,pdam_00004005,pdam_00003995,pdam_00008067,pdam_00022019,pdam_00007156,pdam_00008682,pdam_00008718,pdam_00008719,pdam_00008709,pdam_00009478,pdam_00008704,pdam_00009454,pdam_00003288,pdam_00013236,pdam_00012769,pdam_00012263,pdam_00016836,pdam_00008902,pdam_00019853,pdam_00012481,pdam_00012482,pdam_00006627,pdam_00001226,pdam_00001292,pdam_00001342,pdam_00009870,pdam_00004931,pdam_00011619,pdam_00004865,pdam_00013372,pdam_00001763,pdam_00006876,pdam_00014568,pdam_00001877,pdam_00014944,pdam_00019503,pdam_00006368,pdam_00006345,pdam_00017047,pdam_00017576,pdam_00002539,pdam_00005262,pdam_00015979,pdam_00010068,pdam_00002746,pdam_00006080,pdam_00006037,pdam_00009205,pdam_00009296,pdam_00012546,pdam_00018186,pdam_00012559,pdam_00021506,pdam_00023639,pdam_00021088,pdam_00021091,pdam_00015715,pdam_00015716,pdam_00023243,pdam_00013095,pdam_00008410,pdam_00013096,pdam_00002072,pdam_00000668,pdam_00000589,pdam_00012402,pdam_00011918,pdam_00021756,pdam_00022817,pdam_00021744,pdam_00002205,pdam_00002115,pdam_00013597,pdam_00005338,pdam_00002605,pdam_00015371,pdam_00015211,pdam_00015203,pdam_00001606,pdam_00001600,pdam_00005840,pdam_00011230,pdam_00015309,pdam_00018217,pdam_00015311,pdam_00017441,pdam_00008585,pdam_00009107,pdam_00016657,pdam_00023068,pdam_00002839,pdam_00004788,pdam_00006936,pdam_00004802,pdam_00009664,pdam_00008754,pdam_00009225,pdam_00020063,pdam_00004698,pdam_00024289,pdam_00008136,pdam_00003762,pdam_00003724,pdam_00007954,pdam_00013790,pdam_00019791,pdam_00019787,pdam_00013782,pdam_00004238,pdam_00012222,pdam_00011345,pdam_00018255,pdam_00022876,pdam_00014586,pdam_00020612,pdam_00015259,pdam_00014264,pdam_00014262,pdam_00017068,pdam_00004391,pdam_00000339,pdam_00000445,pdam_00000454,pdam_00000409,pdam_00000479,pdam_00000422,pdam_00010727,pdam_00012133,pdam_00014892,pdam_00022046,pdam_00009309,pdam_00014102,pdam_00012710,pdam_00007428,pdam_00021809,pdam_00019360,pdam_00001647,pdam_00018733,pdam_00016049,pdam_00001638,pdam_00001649,pdam_00004456,pdam_00002414,pdam_00002392,pdam_00002348,pdam_00021970,pdam_00011066,pdam_00018048,pdam_00008253,pdam_00008238,pdam_00017945,pdam_00020974,pdam_00025195,pdam_00005769,pdam_00021309,pdam_00005000,pdam_00000205,pdam_00020103,pdam_00006460,pdam_00006435,pdam_00009513,pdam_00010794,pdam_00014634,pdam_00014621,pdam_00016318,pdam_00014609,pdam_00018163,pdam_00009779,pdam_00015654,pdam_00019018,pdam_00010115,pdam_00009090,pdam_00001408,pdam_00007786,pdam_00003494,pdam_00003487,pdam_00013732,pdam_00021291,pdam_00003555
GO Process	GO:0044238	Primary metabolic process	117	5513	0.27	0.74	3.44e-09	46731.A0A3M6T4I7,46731.A0A3M6T5H6,46731.A0A3M6T5Y0,46731.A0A3M6T603,46731.A0A3M6T791,46731.A0A3M6T7D4,46731.A0A3M6T7F8,46731.A0A3M6T850,46731.A0A3M6T859,46731.A0A3M6T8J9,46731.A0A3M6T8K9,46731.A0A3M6T8R9,46731.A0A3M6T8Z9,46731.A0A3M6TA01,46731.A0A3M6TA59,46731.A0A3M6TA69,46731.A0A3M6TB20,46731.A0A3M6TE10,46731.A0A3M6TEY2,46731.A0A3M6TFV3,46731.A0A3M6TFY6,46731.A0A3M6TG32,46731.A0A3M6TG89,46731.A0A3M6TG93,46731.A0A3M6TIG2,46731.A0A3M6TIW2,46731.A0A3M6TJ99,46731.A0A3M6TJN8,46731.A0A3M6TKM6,46731.A0A3M6TKZ8,46731.A0A3M6TL27,46731.A0A3M6TL39,46731.A0A3M6TLW2,46731.A0A3M6TLW4,46731.A0A3M6TMP8,46731.A0A3M6TNN2,46731.A0A3M6TP49,46731.A0A3M6TPV9,46731.A0A3M6TPW2,46731.A0A3M6TQS7,46731.A0A3M6TQX8,46731.A0A3M6TR41,46731.A0A3M6TS67,46731.A0A3M6TSS3,46731.A0A3M6TSZ0,46731.A0A3M6TTL3,46731.A0A3M6TTM3,46731.A0A3M6TTW5,46731.A0A3M6TU70,46731.A0A3M6TU90,46731.A0A3M6TUA7,46731.A0A3M6TVU3,46731.A0A3M6TW24,46731.A0A3M6TW28,46731.A0A3M6TWG7,46731.A0A3M6TWJ0,46731.A0A3M6TXW0,46731.A0A3M6TYA4,46731.A0A3M6U0B6,46731.A0A3M6U1I7,46731.A0A3M6U1V1,46731.A0A3M6U2U8,46731.A0A3M6U3B9,46731.A0A3M6U476,46731.A0A3M6U6Y6,46731.A0A3M6U9P5,46731.A0A3M6U9R5,46731.A0A3M6UCL3,46731.A0A3M6UCV6,46731.A0A3M6UED5,46731.A0A3M6UEQ9,46731.A0A3M6UES5,46731.A0A3M6UF48,46731.A0A3M6UFV2,46731.A0A3M6UFX3,46731.A0A3M6UH46,46731.A0A3M6UHU7,46731.A0A3M6UHW5,46731.A0A3M6UID9,46731.A0A3M6UIG3,46731.A0A3M6UIR6,46731.A0A3M6UJ20,46731.A0A3M6UJ45,46731.A0A3M6UJ97,46731.A0A3M6UJA3,46731.A0A3M6UK08,46731.A0A3M6UKN1,46731.A0A3M6ULV4,46731.A0A3M6ULW6,46731.A0A3M6UMU5,46731.A0A3M6UNC3,46731.A0A3M6UNF4,46731.A0A3M6UP13,46731.A0A3M6UPR6,46731.A0A3M6UPY5,46731.A0A3M6UQB5,46731.A0A3M6URP1,46731.A0A3M6USJ7,46731.A0A3M6USN2,46731.A0A3M6UTD1,46731.A0A3M6UTH3,46731.A0A3M6UTW3,46731.A0A3M6UTX3,46731.A0A3M6UUW7,46731.A0A3M6UVZ2,46731.A0A3M6UXB9,46731.A0A3M6UXZ1,46731.A0A3M6UYC1,46731.A0A3M6UYI8,46731.A0A3M6UYS8,46731.A0A3M6UZ76,46731.A0A3M6V0I6,46731.A0A3M6V2I4,46731.A0A3M6V2Y7,46731.A0A3M6V3Y5,46731.A0A3M6V6P4,46731.A0A3M6VAZ3	pdam_00022847,pdam_00023825,pdam_00023829,pdam_00008984,pdam_00023609,pdam_00011395,pdam_00015452,pdam_00012832,pdam_00012840,pdam_00004319,pdam_00006598,pdam_00006596,pdam_00024990,pdam_00003401,pdam_00003362,pdam_00003354,pdam_00008393,pdam_00008075,pdam_00007156,pdam_00008682,pdam_00008718,pdam_00008709,pdam_00009478,pdam_00008704,pdam_00013236,pdam_00012769,pdam_00012263,pdam_00008902,pdam_00006627,pdam_00001292,pdam_00001342,pdam_00001230,pdam_00004931,pdam_00011619,pdam_00013372,pdam_00001763,pdam_00006876,pdam_00001877,pdam_00014944,pdam_00019503,pdam_00006368,pdam_00017047,pdam_00005262,pdam_00010068,pdam_00006080,pdam_00009208,pdam_00009205,pdam_00009296,pdam_00018186,pdam_00012559,pdam_00021506,pdam_00015716,pdam_00013095,pdam_00008410,pdam_00013096,pdam_00004174,pdam_00000668,pdam_00000589,pdam_00021756,pdam_00002205,pdam_00002115,pdam_00005338,pdam_00015371,pdam_00015211,pdam_00015309,pdam_00004788,pdam_00006936,pdam_00012616,pdam_00004698,pdam_00003762,pdam_00003724,pdam_00024726,pdam_00007954,pdam_00019791,pdam_00019787,pdam_00011345,pdam_00016519,pdam_00020612,pdam_00014262,pdam_00017068,pdam_00004391,pdam_00000339,pdam_00000445,pdam_00000454,pdam_00000409,pdam_00010727,pdam_00012133,pdam_00022046,pdam_00009309,pdam_00012710,pdam_00007428,pdam_00021809,pdam_00019360,pdam_00018733,pdam_00016049,pdam_00001638,pdam_00004456,pdam_00002414,pdam_00002392,pdam_00021970,pdam_00011066,pdam_00018048,pdam_00008253,pdam_00020974,pdam_00022836,pdam_00000118,pdam_00020103,pdam_00006435,pdam_00009513,pdam_00010794,pdam_00014609,pdam_00015654,pdam_00010125,pdam_00009090,pdam_00001408,pdam_00013732,pdam_00003555
GO Process	GO:0008152	Metabolic process	128	6421	0.24	0.7	8.45e-09	46731.A0A3M6T4I7,46731.A0A3M6T5H6,46731.A0A3M6T5Y0,46731.A0A3M6T603,46731.A0A3M6T791,46731.A0A3M6T7D4,46731.A0A3M6T7F8,46731.A0A3M6T850,46731.A0A3M6T859,46731.A0A3M6T8J9,46731.A0A3M6T8K9,46731.A0A3M6T8R9,46731.A0A3M6T8Z9,46731.A0A3M6TA01,46731.A0A3M6TA59,46731.A0A3M6TA69,46731.A0A3M6TB20,46731.A0A3M6TE10,46731.A0A3M6TE62,46731.A0A3M6TEY2,46731.A0A3M6TFV3,46731.A0A3M6TFY6,46731.A0A3M6TG32,46731.A0A3M6TG89,46731.A0A3M6TG93,46731.A0A3M6TIG2,46731.A0A3M6TIW2,46731.A0A3M6TJ99,46731.A0A3M6TJN8,46731.A0A3M6TKM6,46731.A0A3M6TKZ8,46731.A0A3M6TL27,46731.A0A3M6TL39,46731.A0A3M6TLW2,46731.A0A3M6TLW4,46731.A0A3M6TM07,46731.A0A3M6TMP8,46731.A0A3M6TMT5,46731.A0A3M6TNN2,46731.A0A3M6TP49,46731.A0A3M6TPQ1,46731.A0A3M6TPV9,46731.A0A3M6TPW2,46731.A0A3M6TQS7,46731.A0A3M6TQX8,46731.A0A3M6TR41,46731.A0A3M6TS67,46731.A0A3M6TSS3,46731.A0A3M6TSZ0,46731.A0A3M6TTL3,46731.A0A3M6TTM3,46731.A0A3M6TTW5,46731.A0A3M6TU70,46731.A0A3M6TU90,46731.A0A3M6TUA7,46731.A0A3M6TVU3,46731.A0A3M6TW24,46731.A0A3M6TW28,46731.A0A3M6TWG7,46731.A0A3M6TWJ0,46731.A0A3M6TXW0,46731.A0A3M6TYA4,46731.A0A3M6U0B6,46731.A0A3M6U1I7,46731.A0A3M6U1V1,46731.A0A3M6U2U8,46731.A0A3M6U3B9,46731.A0A3M6U476,46731.A0A3M6U6U8,46731.A0A3M6U6Y6,46731.A0A3M6U9P5,46731.A0A3M6U9R5,46731.A0A3M6UCL3,46731.A0A3M6UCV6,46731.A0A3M6UD30,46731.A0A3M6UED5,46731.A0A3M6UEQ9,46731.A0A3M6UES5,46731.A0A3M6UF48,46731.A0A3M6UFV2,46731.A0A3M6UFX3,46731.A0A3M6UGA4,46731.A0A3M6UH46,46731.A0A3M6UHU7,46731.A0A3M6UHW5,46731.A0A3M6UIB2,46731.A0A3M6UID9,46731.A0A3M6UIG3,46731.A0A3M6UIR6,46731.A0A3M6UJ20,46731.A0A3M6UJ45,46731.A0A3M6UJ97,46731.A0A3M6UJA3,46731.A0A3M6UK08,46731.A0A3M6UKN1,46731.A0A3M6ULV4,46731.A0A3M6ULW6,46731.A0A3M6UMU5,46731.A0A3M6UNC3,46731.A0A3M6UNF4,46731.A0A3M6UP13,46731.A0A3M6UPR6,46731.A0A3M6UPY5,46731.A0A3M6UQB5,46731.A0A3M6URP1,46731.A0A3M6USJ7,46731.A0A3M6USN2,46731.A0A3M6UTD1,46731.A0A3M6UTH3,46731.A0A3M6UTW3,46731.A0A3M6UTX3,46731.A0A3M6UUW7,46731.A0A3M6UVZ2,46731.A0A3M6UXB9,46731.A0A3M6UXZ1,46731.A0A3M6UYC1,46731.A0A3M6UYI8,46731.A0A3M6UYS8,46731.A0A3M6UZ57,46731.A0A3M6UZ76,46731.A0A3M6V0I6,46731.A0A3M6V2I4,46731.A0A3M6V2M9,46731.A0A3M6V2Y7,46731.A0A3M6V3Y5,46731.A0A3M6V544,46731.A0A3M6V6P4,46731.A0A3M6VAZ3	pdam_00022847,pdam_00023825,pdam_00023829,pdam_00008984,pdam_00023609,pdam_00011395,pdam_00015452,pdam_00012832,pdam_00012840,pdam_00004319,pdam_00006598,pdam_00006596,pdam_00024990,pdam_00003401,pdam_00003362,pdam_00003354,pdam_00008393,pdam_00008075,pdam_00003995,pdam_00007156,pdam_00008682,pdam_00008718,pdam_00008709,pdam_00009478,pdam_00008704,pdam_00013236,pdam_00012769,pdam_00012263,pdam_00008902,pdam_00006627,pdam_00001292,pdam_00001342,pdam_00001230,pdam_00004931,pdam_00011619,pdam_00004865,pdam_00013372,pdam_00016888,pdam_00001763,pdam_00006876,pdam_00014568,pdam_00001877,pdam_00014944,pdam_00019503,pdam_00006368,pdam_00017047,pdam_00005262,pdam_00010068,pdam_00006080,pdam_00009208,pdam_00009205,pdam_00009296,pdam_00018186,pdam_00012559,pdam_00021506,pdam_00015716,pdam_00013095,pdam_00008410,pdam_00013096,pdam_00004174,pdam_00000668,pdam_00000589,pdam_00021756,pdam_00002205,pdam_00002115,pdam_00005338,pdam_00015371,pdam_00015211,pdam_00011230,pdam_00015309,pdam_00004788,pdam_00006936,pdam_00012616,pdam_00004698,pdam_00024289,pdam_00003762,pdam_00003724,pdam_00024726,pdam_00007954,pdam_00019791,pdam_00019787,pdam_00004238,pdam_00011345,pdam_00016519,pdam_00020612,pdam_00014264,pdam_00014262,pdam_00017068,pdam_00004391,pdam_00000339,pdam_00000445,pdam_00000454,pdam_00000409,pdam_00010727,pdam_00012133,pdam_00022046,pdam_00009309,pdam_00012710,pdam_00007428,pdam_00021809,pdam_00019360,pdam_00018733,pdam_00016049,pdam_00001638,pdam_00004456,pdam_00002414,pdam_00002392,pdam_00021970,pdam_00011066,pdam_00018048,pdam_00008253,pdam_00020974,pdam_00022836,pdam_00000118,pdam_00020103,pdam_00006435,pdam_00009513,pdam_00010794,pdam_00014634,pdam_00014609,pdam_00015654,pdam_00010125,pdam_00010115,pdam_00009090,pdam_00001408,pdam_00007800,pdam_00013732,pdam_00003555
GO Process	GO:0043170	Macromolecule metabolic process	98	4345	0.29	0.76	1.10e-08	46731.A0A3M6T4I7,46731.A0A3M6T5H6,46731.A0A3M6T5Y0,46731.A0A3M6T603,46731.A0A3M6T7D4,46731.A0A3M6T7F8,46731.A0A3M6T859,46731.A0A3M6T8J9,46731.A0A3M6T8R9,46731.A0A3M6T8Z9,46731.A0A3M6TA01,46731.A0A3M6TA59,46731.A0A3M6TA69,46731.A0A3M6TB20,46731.A0A3M6TEY2,46731.A0A3M6TFV3,46731.A0A3M6TG32,46731.A0A3M6TIG2,46731.A0A3M6TIW2,46731.A0A3M6TJ99,46731.A0A3M6TJN8,46731.A0A3M6TKM6,46731.A0A3M6TKZ8,46731.A0A3M6TL27,46731.A0A3M6TL39,46731.A0A3M6TLW2,46731.A0A3M6TLW4,46731.A0A3M6TMP8,46731.A0A3M6TNN2,46731.A0A3M6TP49,46731.A0A3M6TPV9,46731.A0A3M6TPW2,46731.A0A3M6TQS7,46731.A0A3M6TQX8,46731.A0A3M6TR41,46731.A0A3M6TS67,46731.A0A3M6TSS3,46731.A0A3M6TTL3,46731.A0A3M6TTM3,46731.A0A3M6TTW5,46731.A0A3M6TU70,46731.A0A3M6TUA7,46731.A0A3M6TVU3,46731.A0A3M6TW24,46731.A0A3M6TW28,46731.A0A3M6TWG7,46731.A0A3M6TWJ0,46731.A0A3M6TXW0,46731.A0A3M6U0B6,46731.A0A3M6U1I7,46731.A0A3M6U1V1,46731.A0A3M6U2U8,46731.A0A3M6U476,46731.A0A3M6U6Y6,46731.A0A3M6U9P5,46731.A0A3M6U9R5,46731.A0A3M6UCL3,46731.A0A3M6UCV6,46731.A0A3M6UD30,46731.A0A3M6UED5,46731.A0A3M6UEQ9,46731.A0A3M6UES5,46731.A0A3M6UF48,46731.A0A3M6UFV2,46731.A0A3M6UFX3,46731.A0A3M6UH46,46731.A0A3M6UHU7,46731.A0A3M6UHW5,46731.A0A3M6UIB2,46731.A0A3M6UID9,46731.A0A3M6UJ20,46731.A0A3M6UJ97,46731.A0A3M6UJA3,46731.A0A3M6UK08,46731.A0A3M6UKN1,46731.A0A3M6ULW6,46731.A0A3M6UMU5,46731.A0A3M6UNC3,46731.A0A3M6UP13,46731.A0A3M6UPY5,46731.A0A3M6URP1,46731.A0A3M6USJ7,46731.A0A3M6USN2,46731.A0A3M6UTD1,46731.A0A3M6UTH3,46731.A0A3M6UTW3,46731.A0A3M6UTX3,46731.A0A3M6UVZ2,46731.A0A3M6UXB9,46731.A0A3M6UXZ1,46731.A0A3M6UYC1,46731.A0A3M6UYI8,46731.A0A3M6UYS8,46731.A0A3M6UZ76,46731.A0A3M6V2I4,46731.A0A3M6V3Y5,46731.A0A3M6V6P4,46731.A0A3M6VAZ3	pdam_00022847,pdam_00023825,pdam_00023829,pdam_00008984,pdam_00011395,pdam_00015452,pdam_00012840,pdam_00004319,pdam_00006596,pdam_00024990,pdam_00003401,pdam_00003362,pdam_00003354,pdam_00008393,pdam_00007156,pdam_00008682,pdam_00008709,pdam_00013236,pdam_00012769,pdam_00012263,pdam_00008902,pdam_00006627,pdam_00001292,pdam_00001342,pdam_00001230,pdam_00004931,pdam_00011619,pdam_00013372,pdam_00001763,pdam_00006876,pdam_00001877,pdam_00014944,pdam_00019503,pdam_00006368,pdam_00017047,pdam_00005262,pdam_00010068,pdam_00009208,pdam_00009205,pdam_00009296,pdam_00018186,pdam_00021506,pdam_00015716,pdam_00013095,pdam_00008410,pdam_00013096,pdam_00004174,pdam_00000668,pdam_00021756,pdam_00002205,pdam_00002115,pdam_00005338,pdam_00015211,pdam_00015309,pdam_00004788,pdam_00006936,pdam_00012616,pdam_00004698,pdam_00024289,pdam_00003762,pdam_00003724,pdam_00024726,pdam_00007954,pdam_00019791,pdam_00019787,pdam_00011345,pdam_00016519,pdam_00020612,pdam_00014264,pdam_00014262,pdam_00000339,pdam_00000454,pdam_00000409,pdam_00010727,pdam_00012133,pdam_00009309,pdam_00012710,pdam_00007428,pdam_00019360,pdam_00016049,pdam_00004456,pdam_00002414,pdam_00002392,pdam_00021970,pdam_00011066,pdam_00018048,pdam_00008253,pdam_00022836,pdam_00000118,pdam_00020103,pdam_00006435,pdam_00009513,pdam_00010794,pdam_00014609,pdam_00010125,pdam_00001408,pdam_00013732,pdam_00003555
GO Process	GO:0071704	Organic substance metabolic process	120	5898	0.25	0.71	1.10e-08	46731.A0A3M6T4I7,46731.A0A3M6T5H6,46731.A0A3M6T5Y0,46731.A0A3M6T603,46731.A0A3M6T791,46731.A0A3M6T7D4,46731.A0A3M6T7F8,46731.A0A3M6T850,46731.A0A3M6T859,46731.A0A3M6T8J9,46731.A0A3M6T8K9,46731.A0A3M6T8R9,46731.A0A3M6T8Z9,46731.A0A3M6TA01,46731.A0A3M6TA59,46731.A0A3M6TA69,46731.A0A3M6TB20,46731.A0A3M6TE10,46731.A0A3M6TEY2,46731.A0A3M6TFV3,46731.A0A3M6TFY6,46731.A0A3M6TG32,46731.A0A3M6TG89,46731.A0A3M6TG93,46731.A0A3M6TIG2,46731.A0A3M6TIW2,46731.A0A3M6TJ99,46731.A0A3M6TJN8,46731.A0A3M6TKM6,46731.A0A3M6TKZ8,46731.A0A3M6TL27,46731.A0A3M6TL39,46731.A0A3M6TLW2,46731.A0A3M6TLW4,46731.A0A3M6TMP8,46731.A0A3M6TNN2,46731.A0A3M6TP49,46731.A0A3M6TPV9,46731.A0A3M6TPW2,46731.A0A3M6TQS7,46731.A0A3M6TQX8,46731.A0A3M6TR41,46731.A0A3M6TS67,46731.A0A3M6TSS3,46731.A0A3M6TSZ0,46731.A0A3M6TTL3,46731.A0A3M6TTM3,46731.A0A3M6TTW5,46731.A0A3M6TU70,46731.A0A3M6TU90,46731.A0A3M6TUA7,46731.A0A3M6TVU3,46731.A0A3M6TW24,46731.A0A3M6TW28,46731.A0A3M6TWG7,46731.A0A3M6TWJ0,46731.A0A3M6TXW0,46731.A0A3M6TYA4,46731.A0A3M6U0B6,46731.A0A3M6U1I7,46731.A0A3M6U1V1,46731.A0A3M6U2U8,46731.A0A3M6U3B9,46731.A0A3M6U476,46731.A0A3M6U6Y6,46731.A0A3M6U9P5,46731.A0A3M6U9R5,46731.A0A3M6UCL3,46731.A0A3M6UCV6,46731.A0A3M6UD30,46731.A0A3M6UED5,46731.A0A3M6UEQ9,46731.A0A3M6UES5,46731.A0A3M6UF48,46731.A0A3M6UFV2,46731.A0A3M6UFX3,46731.A0A3M6UGA4,46731.A0A3M6UH46,46731.A0A3M6UHU7,46731.A0A3M6UHW5,46731.A0A3M6UIB2,46731.A0A3M6UID9,46731.A0A3M6UIG3,46731.A0A3M6UIR6,46731.A0A3M6UJ20,46731.A0A3M6UJ45,46731.A0A3M6UJ97,46731.A0A3M6UJA3,46731.A0A3M6UK08,46731.A0A3M6UKN1,46731.A0A3M6ULV4,46731.A0A3M6ULW6,46731.A0A3M6UMU5,46731.A0A3M6UNC3,46731.A0A3M6UNF4,46731.A0A3M6UP13,46731.A0A3M6UPR6,46731.A0A3M6UPY5,46731.A0A3M6UQB5,46731.A0A3M6URP1,46731.A0A3M6USJ7,46731.A0A3M6USN2,46731.A0A3M6UTD1,46731.A0A3M6UTH3,46731.A0A3M6UTW3,46731.A0A3M6UTX3,46731.A0A3M6UUW7,46731.A0A3M6UVZ2,46731.A0A3M6UXB9,46731.A0A3M6UXZ1,46731.A0A3M6UYC1,46731.A0A3M6UYI8,46731.A0A3M6UYS8,46731.A0A3M6UZ76,46731.A0A3M6V0I6,46731.A0A3M6V2I4,46731.A0A3M6V2Y7,46731.A0A3M6V3Y5,46731.A0A3M6V6P4,46731.A0A3M6VAZ3	pdam_00022847,pdam_00023825,pdam_00023829,pdam_00008984,pdam_00023609,pdam_00011395,pdam_00015452,pdam_00012832,pdam_00012840,pdam_00004319,pdam_00006598,pdam_00006596,pdam_00024990,pdam_00003401,pdam_00003362,pdam_00003354,pdam_00008393,pdam_00008075,pdam_00007156,pdam_00008682,pdam_00008718,pdam_00008709,pdam_00009478,pdam_00008704,pdam_00013236,pdam_00012769,pdam_00012263,pdam_00008902,pdam_00006627,pdam_00001292,pdam_00001342,pdam_00001230,pdam_00004931,pdam_00011619,pdam_00013372,pdam_00001763,pdam_00006876,pdam_00001877,pdam_00014944,pdam_00019503,pdam_00006368,pdam_00017047,pdam_00005262,pdam_00010068,pdam_00006080,pdam_00009208,pdam_00009205,pdam_00009296,pdam_00018186,pdam_00012559,pdam_00021506,pdam_00015716,pdam_00013095,pdam_00008410,pdam_00013096,pdam_00004174,pdam_00000668,pdam_00000589,pdam_00021756,pdam_00002205,pdam_00002115,pdam_00005338,pdam_00015371,pdam_00015211,pdam_00015309,pdam_00004788,pdam_00006936,pdam_00012616,pdam_00004698,pdam_00024289,pdam_00003762,pdam_00003724,pdam_00024726,pdam_00007954,pdam_00019791,pdam_00019787,pdam_00004238,pdam_00011345,pdam_00016519,pdam_00020612,pdam_00014264,pdam_00014262,pdam_00017068,pdam_00004391,pdam_00000339,pdam_00000445,pdam_00000454,pdam_00000409,pdam_00010727,pdam_00012133,pdam_00022046,pdam_00009309,pdam_00012710,pdam_00007428,pdam_00021809,pdam_00019360,pdam_00018733,pdam_00016049,pdam_00001638,pdam_00004456,pdam_00002414,pdam_00002392,pdam_00021970,pdam_00011066,pdam_00018048,pdam_00008253,pdam_00020974,pdam_00022836,pdam_00000118,pdam_00020103,pdam_00006435,pdam_00009513,pdam_00010794,pdam_00014609,pdam_00015654,pdam_00010125,pdam_00009090,pdam_00001408,pdam_00013732,pdam_00003555
GO Process	GO:0006807	Nitrogen compound metabolic process	107	5002	0.27	0.73	1.23e-08	46731.A0A3M6T4I7,46731.A0A3M6T5H6,46731.A0A3M6T5Y0,46731.A0A3M6T603,46731.A0A3M6T7D4,46731.A0A3M6T7F8,46731.A0A3M6T850,46731.A0A3M6T859,46731.A0A3M6T8J9,46731.A0A3M6T8K9,46731.A0A3M6T8R9,46731.A0A3M6T8Z9,46731.A0A3M6TA01,46731.A0A3M6TA59,46731.A0A3M6TA69,46731.A0A3M6TB20,46731.A0A3M6TE10,46731.A0A3M6TEY2,46731.A0A3M6TFV3,46731.A0A3M6TG32,46731.A0A3M6TG89,46731.A0A3M6TIG2,46731.A0A3M6TIW2,46731.A0A3M6TJ99,46731.A0A3M6TJN8,46731.A0A3M6TKM6,46731.A0A3M6TKZ8,46731.A0A3M6TL27,46731.A0A3M6TL39,46731.A0A3M6TLW2,46731.A0A3M6TLW4,46731.A0A3M6TMP8,46731.A0A3M6TNN2,46731.A0A3M6TP49,46731.A0A3M6TPV9,46731.A0A3M6TPW2,46731.A0A3M6TQS7,46731.A0A3M6TQX8,46731.A0A3M6TR41,46731.A0A3M6TS67,46731.A0A3M6TSS3,46731.A0A3M6TTL3,46731.A0A3M6TTM3,46731.A0A3M6TTW5,46731.A0A3M6TU70,46731.A0A3M6TU90,46731.A0A3M6TUA7,46731.A0A3M6TVU3,46731.A0A3M6TW24,46731.A0A3M6TW28,46731.A0A3M6TWG7,46731.A0A3M6TWJ0,46731.A0A3M6TXW0,46731.A0A3M6U0B6,46731.A0A3M6U1I7,46731.A0A3M6U1V1,46731.A0A3M6U2U8,46731.A0A3M6U476,46731.A0A3M6U6Y6,46731.A0A3M6U9P5,46731.A0A3M6U9R5,46731.A0A3M6UCL3,46731.A0A3M6UCV6,46731.A0A3M6UED5,46731.A0A3M6UEQ9,46731.A0A3M6UES5,46731.A0A3M6UF48,46731.A0A3M6UFV2,46731.A0A3M6UFX3,46731.A0A3M6UGA4,46731.A0A3M6UH46,46731.A0A3M6UHU7,46731.A0A3M6UHW5,46731.A0A3M6UID9,46731.A0A3M6UIR6,46731.A0A3M6UJ20,46731.A0A3M6UJ97,46731.A0A3M6UJA3,46731.A0A3M6UK08,46731.A0A3M6UKN1,46731.A0A3M6ULW6,46731.A0A3M6UMU5,46731.A0A3M6UNC3,46731.A0A3M6UNF4,46731.A0A3M6UP13,46731.A0A3M6UPR6,46731.A0A3M6UPY5,46731.A0A3M6URP1,46731.A0A3M6USJ7,46731.A0A3M6USN2,46731.A0A3M6UTD1,46731.A0A3M6UTH3,46731.A0A3M6UTW3,46731.A0A3M6UTX3,46731.A0A3M6UUW7,46731.A0A3M6UVZ2,46731.A0A3M6UXB9,46731.A0A3M6UXZ1,46731.A0A3M6UYC1,46731.A0A3M6UYI8,46731.A0A3M6UYS8,46731.A0A3M6UZ76,46731.A0A3M6V0I6,46731.A0A3M6V2I4,46731.A0A3M6V3Y5,46731.A0A3M6V6P4,46731.A0A3M6VAZ3	pdam_00022847,pdam_00023825,pdam_00023829,pdam_00008984,pdam_00011395,pdam_00015452,pdam_00012832,pdam_00012840,pdam_00004319,pdam_00006598,pdam_00006596,pdam_00024990,pdam_00003401,pdam_00003362,pdam_00003354,pdam_00008393,pdam_00008075,pdam_00007156,pdam_00008682,pdam_00008709,pdam_00009478,pdam_00013236,pdam_00012769,pdam_00012263,pdam_00008902,pdam_00006627,pdam_00001292,pdam_00001342,pdam_00001230,pdam_00004931,pdam_00011619,pdam_00013372,pdam_00001763,pdam_00006876,pdam_00001877,pdam_00014944,pdam_00019503,pdam_00006368,pdam_00017047,pdam_00005262,pdam_00010068,pdam_00009208,pdam_00009205,pdam_00009296,pdam_00018186,pdam_00012559,pdam_00021506,pdam_00015716,pdam_00013095,pdam_00008410,pdam_00013096,pdam_00004174,pdam_00000668,pdam_00021756,pdam_00002205,pdam_00002115,pdam_00005338,pdam_00015211,pdam_00015309,pdam_00004788,pdam_00006936,pdam_00012616,pdam_00004698,pdam_00003762,pdam_00003724,pdam_00024726,pdam_00007954,pdam_00019791,pdam_00019787,pdam_00004238,pdam_00011345,pdam_00016519,pdam_00020612,pdam_00014262,pdam_00004391,pdam_00000339,pdam_00000454,pdam_00000409,pdam_00010727,pdam_00012133,pdam_00009309,pdam_00012710,pdam_00007428,pdam_00021809,pdam_00019360,pdam_00018733,pdam_00016049,pdam_00004456,pdam_00002414,pdam_00002392,pdam_00021970,pdam_00011066,pdam_00018048,pdam_00008253,pdam_00020974,pdam_00022836,pdam_00000118,pdam_00020103,pdam_00006435,pdam_00009513,pdam_00010794,pdam_00014609,pdam_00015654,pdam_00010125,pdam_00001408,pdam_00013732,pdam_00003555
GO Process	GO:0044237	Cellular metabolic process	102	4764	0.27	0.71	4.04e-08	46731.A0A3M6T4I7,46731.A0A3M6T603,46731.A0A3M6T791,46731.A0A3M6T7D4,46731.A0A3M6T7F8,46731.A0A3M6T850,46731.A0A3M6T859,46731.A0A3M6T8K9,46731.A0A3M6T8R9,46731.A0A3M6T8Z9,46731.A0A3M6TA01,46731.A0A3M6TA59,46731.A0A3M6TA69,46731.A0A3M6TE10,46731.A0A3M6TE62,46731.A0A3M6TEY2,46731.A0A3M6TFV3,46731.A0A3M6TFY6,46731.A0A3M6TG32,46731.A0A3M6TG89,46731.A0A3M6TIG2,46731.A0A3M6TIW2,46731.A0A3M6TJ99,46731.A0A3M6TJN8,46731.A0A3M6TKM6,46731.A0A3M6TKZ8,46731.A0A3M6TL27,46731.A0A3M6TLW2,46731.A0A3M6TLW4,46731.A0A3M6TM07,46731.A0A3M6TMP8,46731.A0A3M6TNN2,46731.A0A3M6TP49,46731.A0A3M6TPQ1,46731.A0A3M6TPV9,46731.A0A3M6TPW2,46731.A0A3M6TQS7,46731.A0A3M6TQX8,46731.A0A3M6TR41,46731.A0A3M6TSS3,46731.A0A3M6TTM3,46731.A0A3M6TU70,46731.A0A3M6TU90,46731.A0A3M6TUA7,46731.A0A3M6TVU3,46731.A0A3M6TW24,46731.A0A3M6TW28,46731.A0A3M6TWG7,46731.A0A3M6TXW0,46731.A0A3M6U0B6,46731.A0A3M6U1I7,46731.A0A3M6U1V1,46731.A0A3M6U2U8,46731.A0A3M6U3B9,46731.A0A3M6U476,46731.A0A3M6U6Y6,46731.A0A3M6U9P5,46731.A0A3M6U9R5,46731.A0A3M6UCV6,46731.A0A3M6UED5,46731.A0A3M6UEQ9,46731.A0A3M6UF48,46731.A0A3M6UFV2,46731.A0A3M6UFX3,46731.A0A3M6UGA4,46731.A0A3M6UH46,46731.A0A3M6UHW5,46731.A0A3M6UID9,46731.A0A3M6UIG3,46731.A0A3M6UIR6,46731.A0A3M6UJ20,46731.A0A3M6UJ97,46731.A0A3M6UJA3,46731.A0A3M6UK08,46731.A0A3M6UKN1,46731.A0A3M6ULV4,46731.A0A3M6ULW6,46731.A0A3M6UMU5,46731.A0A3M6UNF4,46731.A0A3M6UP13,46731.A0A3M6UPR6,46731.A0A3M6UPY5,46731.A0A3M6UQB5,46731.A0A3M6URP1,46731.A0A3M6USN2,46731.A0A3M6UTD1,46731.A0A3M6UTH3,46731.A0A3M6UTW3,46731.A0A3M6UTX3,46731.A0A3M6UUW7,46731.A0A3M6UXZ1,46731.A0A3M6UYC1,46731.A0A3M6UYI8,46731.A0A3M6UYS8,46731.A0A3M6UZ57,46731.A0A3M6UZ76,46731.A0A3M6V0I6,46731.A0A3M6V2M9,46731.A0A3M6V2Y7,46731.A0A3M6V3Y5,46731.A0A3M6V6P4,46731.A0A3M6VAZ3	pdam_00022847,pdam_00008984,pdam_00023609,pdam_00011395,pdam_00015452,pdam_00012832,pdam_00012840,pdam_00006598,pdam_00006596,pdam_00024990,pdam_00003401,pdam_00003362,pdam_00003354,pdam_00008075,pdam_00003995,pdam_00007156,pdam_00008682,pdam_00008718,pdam_00008709,pdam_00009478,pdam_00013236,pdam_00012769,pdam_00012263,pdam_00008902,pdam_00006627,pdam_00001292,pdam_00001342,pdam_00004931,pdam_00011619,pdam_00004865,pdam_00013372,pdam_00001763,pdam_00006876,pdam_00014568,pdam_00001877,pdam_00014944,pdam_00019503,pdam_00006368,pdam_00017047,pdam_00010068,pdam_00009205,pdam_00018186,pdam_00012559,pdam_00021506,pdam_00015716,pdam_00013095,pdam_00008410,pdam_00013096,pdam_00000668,pdam_00021756,pdam_00002205,pdam_00002115,pdam_00005338,pdam_00015371,pdam_00015211,pdam_00015309,pdam_00004788,pdam_00006936,pdam_00004698,pdam_00003762,pdam_00003724,pdam_00007954,pdam_00019791,pdam_00019787,pdam_00004238,pdam_00011345,pdam_00020612,pdam_00014262,pdam_00017068,pdam_00004391,pdam_00000339,pdam_00000454,pdam_00000409,pdam_00010727,pdam_00012133,pdam_00022046,pdam_00009309,pdam_00012710,pdam_00021809,pdam_00019360,pdam_00018733,pdam_00016049,pdam_00001638,pdam_00004456,pdam_00002392,pdam_00021970,pdam_00011066,pdam_00018048,pdam_00008253,pdam_00020974,pdam_00020103,pdam_00006435,pdam_00009513,pdam_00010794,pdam_00014634,pdam_00014609,pdam_00015654,pdam_00010115,pdam_00009090,pdam_00001408,pdam_00013732,pdam_00003555
GO Process	GO:1901564	Organonitrogen compound metabolic process	80	3681	0.28	0.63	5.37e-06	46731.A0A3M6T4I7,46731.A0A3M6T5H6,46731.A0A3M6T5Y0,46731.A0A3M6T603,46731.A0A3M6T7F8,46731.A0A3M6T850,46731.A0A3M6T859,46731.A0A3M6T8J9,46731.A0A3M6T8K9,46731.A0A3M6T8Z9,46731.A0A3M6TA01,46731.A0A3M6TA59,46731.A0A3M6TA69,46731.A0A3M6TB20,46731.A0A3M6TE10,46731.A0A3M6TFV3,46731.A0A3M6TG32,46731.A0A3M6TG89,46731.A0A3M6TJN8,46731.A0A3M6TL27,46731.A0A3M6TL39,46731.A0A3M6TLW2,46731.A0A3M6TLW4,46731.A0A3M6TMP8,46731.A0A3M6TPV9,46731.A0A3M6TQX8,46731.A0A3M6TS67,46731.A0A3M6TSS3,46731.A0A3M6TTL3,46731.A0A3M6TTM3,46731.A0A3M6TTW5,46731.A0A3M6TU70,46731.A0A3M6TU90,46731.A0A3M6TUA7,46731.A0A3M6TVU3,46731.A0A3M6TW28,46731.A0A3M6TWG7,46731.A0A3M6TWJ0,46731.A0A3M6TXW0,46731.A0A3M6U0B6,46731.A0A3M6U1V1,46731.A0A3M6U2U8,46731.A0A3M6U6Y6,46731.A0A3M6UCL3,46731.A0A3M6UED5,46731.A0A3M6UEQ9,46731.A0A3M6UES5,46731.A0A3M6UF48,46731.A0A3M6UFV2,46731.A0A3M6UGA4,46731.A0A3M6UH46,46731.A0A3M6UHU7,46731.A0A3M6UID9,46731.A0A3M6UIR6,46731.A0A3M6UJ20,46731.A0A3M6UJ97,46731.A0A3M6UJA3,46731.A0A3M6UK08,46731.A0A3M6UKN1,46731.A0A3M6ULW6,46731.A0A3M6UMU5,46731.A0A3M6UNC3,46731.A0A3M6UNF4,46731.A0A3M6UP13,46731.A0A3M6UPR6,46731.A0A3M6UPY5,46731.A0A3M6USJ7,46731.A0A3M6USN2,46731.A0A3M6UTD1,46731.A0A3M6UTW3,46731.A0A3M6UTX3,46731.A0A3M6UUW7,46731.A0A3M6UVZ2,46731.A0A3M6UXB9,46731.A0A3M6UYC1,46731.A0A3M6UZ76,46731.A0A3M6V0I6,46731.A0A3M6V2I4,46731.A0A3M6V6P4,46731.A0A3M6VAZ3	pdam_00022847,pdam_00023825,pdam_00023829,pdam_00008984,pdam_00015452,pdam_00012832,pdam_00012840,pdam_00004319,pdam_00006598,pdam_00024990,pdam_00003401,pdam_00003362,pdam_00003354,pdam_00008393,pdam_00008075,pdam_00008682,pdam_00008709,pdam_00009478,pdam_00008902,pdam_00001342,pdam_00001230,pdam_00004931,pdam_00011619,pdam_00013372,pdam_00001877,pdam_00006368,pdam_00005262,pdam_00010068,pdam_00009208,pdam_00009205,pdam_00009296,pdam_00018186,pdam_00012559,pdam_00021506,pdam_00015716,pdam_00008410,pdam_00013096,pdam_00004174,pdam_00000668,pdam_00021756,pdam_00002115,pdam_00005338,pdam_00015309,pdam_00012616,pdam_00003762,pdam_00003724,pdam_00024726,pdam_00007954,pdam_00019791,pdam_00004238,pdam_00011345,pdam_00016519,pdam_00014262,pdam_00004391,pdam_00000339,pdam_00000454,pdam_00000409,pdam_00010727,pdam_00012133,pdam_00009309,pdam_00012710,pdam_00007428,pdam_00021809,pdam_00019360,pdam_00018733,pdam_00016049,pdam_00002414,pdam_00002392,pdam_00021970,pdam_00018048,pdam_00008253,pdam_00020974,pdam_00022836,pdam_00000118,pdam_00006435,pdam_00014609,pdam_00015654,pdam_00010125,pdam_00013732,pdam_00003555
GO Process	GO:0019538	Protein metabolic process	68	2965	0.3	0.63	1.18e-05	46731.A0A3M6T4I7,46731.A0A3M6T5H6,46731.A0A3M6T5Y0,46731.A0A3M6T603,46731.A0A3M6T7F8,46731.A0A3M6T859,46731.A0A3M6T8J9,46731.A0A3M6T8Z9,46731.A0A3M6TA01,46731.A0A3M6TA59,46731.A0A3M6TA69,46731.A0A3M6TB20,46731.A0A3M6TFV3,46731.A0A3M6TG32,46731.A0A3M6TJN8,46731.A0A3M6TL27,46731.A0A3M6TL39,46731.A0A3M6TLW2,46731.A0A3M6TLW4,46731.A0A3M6TMP8,46731.A0A3M6TPV9,46731.A0A3M6TQX8,46731.A0A3M6TS67,46731.A0A3M6TSS3,46731.A0A3M6TTL3,46731.A0A3M6TTM3,46731.A0A3M6TTW5,46731.A0A3M6TU70,46731.A0A3M6TUA7,46731.A0A3M6TVU3,46731.A0A3M6TW28,46731.A0A3M6TWG7,46731.A0A3M6TWJ0,46731.A0A3M6TXW0,46731.A0A3M6U0B6,46731.A0A3M6U1V1,46731.A0A3M6U2U8,46731.A0A3M6U6Y6,46731.A0A3M6UCL3,46731.A0A3M6UED5,46731.A0A3M6UEQ9,46731.A0A3M6UES5,46731.A0A3M6UFV2,46731.A0A3M6UH46,46731.A0A3M6UHU7,46731.A0A3M6UID9,46731.A0A3M6UJ20,46731.A0A3M6UJ97,46731.A0A3M6UJA3,46731.A0A3M6UK08,46731.A0A3M6UKN1,46731.A0A3M6ULW6,46731.A0A3M6UMU5,46731.A0A3M6UNC3,46731.A0A3M6UP13,46731.A0A3M6UPY5,46731.A0A3M6USJ7,46731.A0A3M6USN2,46731.A0A3M6UTD1,46731.A0A3M6UTW3,46731.A0A3M6UTX3,46731.A0A3M6UVZ2,46731.A0A3M6UXB9,46731.A0A3M6UYC1,46731.A0A3M6UZ76,46731.A0A3M6V2I4,46731.A0A3M6V6P4,46731.A0A3M6VAZ3	pdam_00022847,pdam_00023825,pdam_00023829,pdam_00008984,pdam_00015452,pdam_00012840,pdam_00004319,pdam_00024990,pdam_00003401,pdam_00003362,pdam_00003354,pdam_00008393,pdam_00008682,pdam_00008709,pdam_00008902,pdam_00001342,pdam_00001230,pdam_00004931,pdam_00011619,pdam_00013372,pdam_00001877,pdam_00006368,pdam_00005262,pdam_00010068,pdam_00009208,pdam_00009205,pdam_00009296,pdam_00018186,pdam_00021506,pdam_00015716,pdam_00008410,pdam_00013096,pdam_00004174,pdam_00000668,pdam_00021756,pdam_00002115,pdam_00005338,pdam_00015309,pdam_00012616,pdam_00003762,pdam_00003724,pdam_00024726,pdam_00019791,pdam_00011345,pdam_00016519,pdam_00014262,pdam_00000339,pdam_00000454,pdam_00000409,pdam_00010727,pdam_00012133,pdam_00009309,pdam_00012710,pdam_00007428,pdam_00019360,pdam_00016049,pdam_00002414,pdam_00002392,pdam_00021970,pdam_00018048,pdam_00008253,pdam_00022836,pdam_00000118,pdam_00006435,pdam_00014609,pdam_00010125,pdam_00013732,pdam_00003555
GO Process	GO:0031323	Regulation of cellular metabolic process	57	2348	0.32	0.62	2.92e-05	46731.A0A3M6T4E8,46731.A0A3M6T5Y0,46731.A0A3M6T603,46731.A0A3M6T7D4,46731.A0A3M6T7W5,46731.A0A3M6T859,46731.A0A3M6T8R9,46731.A0A3M6TBS6,46731.A0A3M6TBY4,46731.A0A3M6TCC2,46731.A0A3M6TE62,46731.A0A3M6TEY2,46731.A0A3M6TFV3,46731.A0A3M6TIG2,46731.A0A3M6TKM6,46731.A0A3M6TLW2,46731.A0A3M6TLW4,46731.A0A3M6TPN3,46731.A0A3M6TPV9,46731.A0A3M6TQS7,46731.A0A3M6TR41,46731.A0A3M6TRM3,46731.A0A3M6TSS3,46731.A0A3M6TTW5,46731.A0A3M6TU70,46731.A0A3M6TV28,46731.A0A3M6TVU3,46731.A0A3M6TW24,46731.A0A3M6TWG7,46731.A0A3M6TYA4,46731.A0A3M6U001,46731.A0A3M6U1V1,46731.A0A3M6U2U8,46731.A0A3M6U6M4,46731.A0A3M6U6U8,46731.A0A3M6U6Z0,46731.A0A3M6U718,46731.A0A3M6U9P5,46731.A0A3M6UEH8,46731.A0A3M6UF22,46731.A0A3M6UF48,46731.A0A3M6UHC0,46731.A0A3M6UHG6,46731.A0A3M6UHU7,46731.A0A3M6UIB2,46731.A0A3M6UIG3,46731.A0A3M6UJ45,46731.A0A3M6UJA3,46731.A0A3M6UK08,46731.A0A3M6ULW6,46731.A0A3M6UMU5,46731.A0A3M6UNC3,46731.A0A3M6UTH3,46731.A0A3M6UVI4,46731.A0A3M6UZ57,46731.A0A3M6V0P4,46731.A0A3M6V2I4	pdam_00010187,pdam_00023829,pdam_00008984,pdam_00011395,pdam_00011709,pdam_00012840,pdam_00006596,pdam_00016758,pdam_00016757,pdam_00021861,pdam_00003995,pdam_00007156,pdam_00008682,pdam_00013236,pdam_00006627,pdam_00004931,pdam_00011619,pdam_00014959,pdam_00001877,pdam_00019503,pdam_00017047,pdam_00017576,pdam_00010068,pdam_00009296,pdam_00018186,pdam_00021091,pdam_00015716,pdam_00013095,pdam_00013096,pdam_00000589,pdam_00011918,pdam_00002115,pdam_00005338,pdam_00013566,pdam_00011230,pdam_00018217,pdam_00015311,pdam_00004788,pdam_00019064,pdam_00003766,pdam_00007954,pdam_00014588,pdam_00018880,pdam_00016519,pdam_00014264,pdam_00017068,pdam_00000445,pdam_00000409,pdam_00010727,pdam_00009309,pdam_00012710,pdam_00007428,pdam_00011066,pdam_00005000,pdam_00014634,pdam_00015653,pdam_00010125
GO Process	GO:0051641	Cellular localization	37	1191	0.43	0.7	2.92e-05	46731.A0A3M6T422,46731.A0A3M6T7W5,46731.A0A3M6T8G2,46731.A0A3M6TAC9,46731.A0A3M6TCC2,46731.A0A3M6TE18,46731.A0A3M6TE54,46731.A0A3M6TFV3,46731.A0A3M6TG93,46731.A0A3M6TG98,46731.A0A3M6TJT8,46731.A0A3M6TKY8,46731.A0A3M6TM07,46731.A0A3M6TPQ1,46731.A0A3M6TR41,46731.A0A3M6TUX3,46731.A0A3M6TW10,46731.A0A3M6TZ44,46731.A0A3M6U8W0,46731.A0A3M6U9S4,46731.A0A3M6UCC7,46731.A0A3M6UD30,46731.A0A3M6UFT1,46731.A0A3M6UFV2,46731.A0A3M6UIB2,46731.A0A3M6UID9,46731.A0A3M6UM44,46731.A0A3M6USP0,46731.A0A3M6UU20,46731.A0A3M6UV95,46731.A0A3M6UVI4,46731.A0A3M6UY44,46731.A0A3M6UZA8,46731.A0A3M6UZN8,46731.A0A3M6V2C8,46731.A0A3M6V2M9,46731.A0A3M6V835	pdam_00010185,pdam_00011709,pdam_00016618,pdam_00003413,pdam_00021861,pdam_00003991,pdam_00004005,pdam_00008682,pdam_00008704,pdam_00009454,pdam_00019853,pdam_00001226,pdam_00004865,pdam_00014568,pdam_00017047,pdam_00021088,pdam_00023243,pdam_00012402,pdam_00002839,pdam_00004802,pdam_00020063,pdam_00024289,pdam_00013790,pdam_00019791,pdam_00014264,pdam_00014262,pdam_00014102,pdam_00002348,pdam_00008238,pdam_00005769,pdam_00005000,pdam_00006460,pdam_00018163,pdam_00009779,pdam_00019018,pdam_00010115,pdam_00021291
GO Process	GO:0065007	Biological regulation	128	7387	0.18	0.52	2.92e-05	46731.A0A3M6T422,46731.A0A3M6T4E8,46731.A0A3M6T4W5,46731.A0A3M6T5Y0,46731.A0A3M6T603,46731.A0A3M6T771,46731.A0A3M6T7D4,46731.A0A3M6T7F8,46731.A0A3M6T7G3,46731.A0A3M6T7K0,46731.A0A3M6T7W5,46731.A0A3M6T859,46731.A0A3M6T8G2,46731.A0A3M6T8I4,46731.A0A3M6T8R9,46731.A0A3M6T8Z9,46731.A0A3M6TA59,46731.A0A3M6TB20,46731.A0A3M6TBS6,46731.A0A3M6TBY4,46731.A0A3M6TCC2,46731.A0A3M6TE54,46731.A0A3M6TE62,46731.A0A3M6TEH6,46731.A0A3M6TEY2,46731.A0A3M6TFV3,46731.A0A3M6TG32,46731.A0A3M6TG98,46731.A0A3M6TIG2,46731.A0A3M6TJE1,46731.A0A3M6TJN8,46731.A0A3M6TKJ3,46731.A0A3M6TKM6,46731.A0A3M6TKY8,46731.A0A3M6TLR7,46731.A0A3M6TLW2,46731.A0A3M6TLW4,46731.A0A3M6TNR5,46731.A0A3M6TPN3,46731.A0A3M6TPV9,46731.A0A3M6TQS7,46731.A0A3M6TR17,46731.A0A3M6TR41,46731.A0A3M6TRM3,46731.A0A3M6TS23,46731.A0A3M6TS67,46731.A0A3M6TSS3,46731.A0A3M6TSZ0,46731.A0A3M6TT97,46731.A0A3M6TTW5,46731.A0A3M6TU70,46731.A0A3M6TU90,46731.A0A3M6TUA7,46731.A0A3M6TUV9,46731.A0A3M6TUX3,46731.A0A3M6TV28,46731.A0A3M6TVU3,46731.A0A3M6TW24,46731.A0A3M6TWG7,46731.A0A3M6TYA4,46731.A0A3M6U001,46731.A0A3M6U0B6,46731.A0A3M6U0U7,46731.A0A3M6U1V1,46731.A0A3M6U2U8,46731.A0A3M6U409,46731.A0A3M6U4D0,46731.A0A3M6U6M4,46731.A0A3M6U6U8,46731.A0A3M6U6Z0,46731.A0A3M6U718,46731.A0A3M6U857,46731.A0A3M6U8I8,46731.A0A3M6U9P5,46731.A0A3M6UAD5,46731.A0A3M6UAD9,46731.A0A3M6UCC7,46731.A0A3M6UED5,46731.A0A3M6UEH8,46731.A0A3M6UF22,46731.A0A3M6UF48,46731.A0A3M6UFT1,46731.A0A3M6UFV2,46731.A0A3M6UFY0,46731.A0A3M6UGJ6,46731.A0A3M6UH53,46731.A0A3M6UH92,46731.A0A3M6UHC0,46731.A0A3M6UHC3,46731.A0A3M6UHG6,46731.A0A3M6UHU7,46731.A0A3M6UHY7,46731.A0A3M6UIB2,46731.A0A3M6UIG3,46731.A0A3M6UJ45,46731.A0A3M6UJ97,46731.A0A3M6UJA3,46731.A0A3M6UJG5,46731.A0A3M6UK08,46731.A0A3M6UKN1,46731.A0A3M6ULV4,46731.A0A3M6ULW6,46731.A0A3M6UMU5,46731.A0A3M6UNC3,46731.A0A3M6UNE3,46731.A0A3M6UPR6,46731.A0A3M6UPY5,46731.A0A3M6UR13,46731.A0A3M6USJ7,46731.A0A3M6USP0,46731.A0A3M6UTD1,46731.A0A3M6UTH3,46731.A0A3M6UU20,46731.A0A3M6UVH1,46731.A0A3M6UVI4,46731.A0A3M6UXV6,46731.A0A3M6UY44,46731.A0A3M6UYC1,46731.A0A3M6UYS8,46731.A0A3M6UZ57,46731.A0A3M6UZ63,46731.A0A3M6UZ71,46731.A0A3M6UZA8,46731.A0A3M6UZN8,46731.A0A3M6V0P4,46731.A0A3M6V2C8,46731.A0A3M6V2I4,46731.A0A3M6V4G4	pdam_00010185,pdam_00010187,pdam_00005253,pdam_00023829,pdam_00008984,pdam_00023680,pdam_00011395,pdam_00015452,pdam_00023611,pdam_00023608,pdam_00011709,pdam_00012840,pdam_00016618,pdam_00023012,pdam_00006596,pdam_00024990,pdam_00003362,pdam_00008393,pdam_00016758,pdam_00016757,pdam_00021861,pdam_00004005,pdam_00003995,pdam_00008067,pdam_00007156,pdam_00008682,pdam_00008709,pdam_00009454,pdam_00013236,pdam_00016836,pdam_00008902,pdam_00012481,pdam_00006627,pdam_00001226,pdam_00009870,pdam_00004931,pdam_00011619,pdam_00001796,pdam_00014959,pdam_00001877,pdam_00019503,pdam_00006345,pdam_00017047,pdam_00017576,pdam_00002539,pdam_00005262,pdam_00010068,pdam_00006080,pdam_00006037,pdam_00009296,pdam_00018186,pdam_00012559,pdam_00021506,pdam_00023639,pdam_00021088,pdam_00021091,pdam_00015716,pdam_00013095,pdam_00013096,pdam_00000589,pdam_00011918,pdam_00021756,pdam_00021744,pdam_00002115,pdam_00005338,pdam_00011131,pdam_00015203,pdam_00013566,pdam_00011230,pdam_00018217,pdam_00015311,pdam_00008585,pdam_00016657,pdam_00004788,pdam_00009664,pdam_00008754,pdam_00020063,pdam_00003762,pdam_00019064,pdam_00003766,pdam_00007954,pdam_00013790,pdam_00019791,pdam_00013782,pdam_00012222,pdam_00018255,pdam_00022876,pdam_00014588,pdam_00014586,pdam_00018880,pdam_00016519,pdam_00015259,pdam_00014264,pdam_00017068,pdam_00000445,pdam_00000454,pdam_00000409,pdam_00000422,pdam_00010727,pdam_00012133,pdam_00022046,pdam_00009309,pdam_00012710,pdam_00007428,pdam_00007411,pdam_00018733,pdam_00016049,pdam_00012107,pdam_00002414,pdam_00002348,pdam_00021970,pdam_00011066,pdam_00008238,pdam_00021309,pdam_00005000,pdam_00000205,pdam_00006460,pdam_00006435,pdam_00010794,pdam_00014634,pdam_00014621,pdam_00016318,pdam_00018163,pdam_00009779,pdam_00015653,pdam_00019018,pdam_00010125,pdam_00007786
GO Process	GO:0080090	Regulation of primary metabolic process	55	2278	0.32	0.61	4.94e-05	46731.A0A3M6T4E8,46731.A0A3M6T5Y0,46731.A0A3M6T603,46731.A0A3M6T7D4,46731.A0A3M6T859,46731.A0A3M6T8I4,46731.A0A3M6T8R9,46731.A0A3M6TBS6,46731.A0A3M6TEY2,46731.A0A3M6TFV3,46731.A0A3M6TIG2,46731.A0A3M6TKM6,46731.A0A3M6TLW2,46731.A0A3M6TLW4,46731.A0A3M6TPN3,46731.A0A3M6TPV9,46731.A0A3M6TR41,46731.A0A3M6TRM3,46731.A0A3M6TS67,46731.A0A3M6TSS3,46731.A0A3M6TTW5,46731.A0A3M6TU70,46731.A0A3M6TV28,46731.A0A3M6TVU3,46731.A0A3M6TW24,46731.A0A3M6TWG7,46731.A0A3M6TYA4,46731.A0A3M6U001,46731.A0A3M6U1V1,46731.A0A3M6U6M4,46731.A0A3M6U6U8,46731.A0A3M6U6Z0,46731.A0A3M6U718,46731.A0A3M6U9P5,46731.A0A3M6UEH8,46731.A0A3M6UF22,46731.A0A3M6UF48,46731.A0A3M6UHC0,46731.A0A3M6UHG6,46731.A0A3M6UHU7,46731.A0A3M6UIB2,46731.A0A3M6UIG3,46731.A0A3M6UJ45,46731.A0A3M6UJA3,46731.A0A3M6UK08,46731.A0A3M6ULW6,46731.A0A3M6UMU5,46731.A0A3M6UNC3,46731.A0A3M6USJ7,46731.A0A3M6UTH3,46731.A0A3M6UVI4,46731.A0A3M6UZ57,46731.A0A3M6V0P4,46731.A0A3M6V2C8,46731.A0A3M6V2I4	pdam_00010187,pdam_00023829,pdam_00008984,pdam_00011395,pdam_00012840,pdam_00023012,pdam_00006596,pdam_00016758,pdam_00007156,pdam_00008682,pdam_00013236,pdam_00006627,pdam_00004931,pdam_00011619,pdam_00014959,pdam_00001877,pdam_00017047,pdam_00017576,pdam_00005262,pdam_00010068,pdam_00009296,pdam_00018186,pdam_00021091,pdam_00015716,pdam_00013095,pdam_00013096,pdam_00000589,pdam_00011918,pdam_00002115,pdam_00013566,pdam_00011230,pdam_00018217,pdam_00015311,pdam_00004788,pdam_00019064,pdam_00003766,pdam_00007954,pdam_00014588,pdam_00018880,pdam_00016519,pdam_00014264,pdam_00017068,pdam_00000445,pdam_00000409,pdam_00010727,pdam_00009309,pdam_00012710,pdam_00007428,pdam_00002414,pdam_00011066,pdam_00005000,pdam_00014634,pdam_00015653,pdam_00019018,pdam_00010125
GO Process	GO:0051171	Regulation of nitrogen compound metabolic process	54	2228	0.32	0.61	5.41e-05	46731.A0A3M6T4E8,46731.A0A3M6T5Y0,46731.A0A3M6T603,46731.A0A3M6T7D4,46731.A0A3M6T859,46731.A0A3M6T8I4,46731.A0A3M6T8R9,46731.A0A3M6TBS6,46731.A0A3M6TEY2,46731.A0A3M6TFV3,46731.A0A3M6TIG2,46731.A0A3M6TKM6,46731.A0A3M6TLW2,46731.A0A3M6TLW4,46731.A0A3M6TPN3,46731.A0A3M6TPV9,46731.A0A3M6TR41,46731.A0A3M6TRM3,46731.A0A3M6TS67,46731.A0A3M6TSS3,46731.A0A3M6TTW5,46731.A0A3M6TU70,46731.A0A3M6TV28,46731.A0A3M6TVU3,46731.A0A3M6TW24,46731.A0A3M6TWG7,46731.A0A3M6TYA4,46731.A0A3M6U001,46731.A0A3M6U1V1,46731.A0A3M6U6M4,46731.A0A3M6U6U8,46731.A0A3M6U6Z0,46731.A0A3M6U718,46731.A0A3M6U9P5,46731.A0A3M6UEH8,46731.A0A3M6UF22,46731.A0A3M6UF48,46731.A0A3M6UHC0,46731.A0A3M6UHG6,46731.A0A3M6UHU7,46731.A0A3M6UIB2,46731.A0A3M6UIG3,46731.A0A3M6UJ45,46731.A0A3M6UK08,46731.A0A3M6ULW6,46731.A0A3M6UMU5,46731.A0A3M6UNC3,46731.A0A3M6USJ7,46731.A0A3M6UTH3,46731.A0A3M6UVI4,46731.A0A3M6UZ57,46731.A0A3M6V0P4,46731.A0A3M6V2C8,46731.A0A3M6V2I4	pdam_00010187,pdam_00023829,pdam_00008984,pdam_00011395,pdam_00012840,pdam_00023012,pdam_00006596,pdam_00016758,pdam_00007156,pdam_00008682,pdam_00013236,pdam_00006627,pdam_00004931,pdam_00011619,pdam_00014959,pdam_00001877,pdam_00017047,pdam_00017576,pdam_00005262,pdam_00010068,pdam_00009296,pdam_00018186,pdam_00021091,pdam_00015716,pdam_00013095,pdam_00013096,pdam_00000589,pdam_00011918,pdam_00002115,pdam_00013566,pdam_00011230,pdam_00018217,pdam_00015311,pdam_00004788,pdam_00019064,pdam_00003766,pdam_00007954,pdam_00014588,pdam_00018880,pdam_00016519,pdam_00014264,pdam_00017068,pdam_00000445,pdam_00010727,pdam_00009309,pdam_00012710,pdam_00007428,pdam_00002414,pdam_00011066,pdam_00005000,pdam_00014634,pdam_00015653,pdam_00019018,pdam_00010125
GO Process	GO:0050794	Regulation of cellular process	109	6073	0.19	0.51	7.12e-05	46731.A0A3M6T422,46731.A0A3M6T4E8,46731.A0A3M6T4W5,46731.A0A3M6T5Y0,46731.A0A3M6T603,46731.A0A3M6T771,46731.A0A3M6T7D4,46731.A0A3M6T7F8,46731.A0A3M6T7W5,46731.A0A3M6T859,46731.A0A3M6T8G2,46731.A0A3M6T8R9,46731.A0A3M6T8Z9,46731.A0A3M6TA59,46731.A0A3M6TB20,46731.A0A3M6TBS6,46731.A0A3M6TBY4,46731.A0A3M6TCC2,46731.A0A3M6TE54,46731.A0A3M6TE62,46731.A0A3M6TEH6,46731.A0A3M6TEY2,46731.A0A3M6TFV3,46731.A0A3M6TIG2,46731.A0A3M6TJE1,46731.A0A3M6TJN8,46731.A0A3M6TKJ3,46731.A0A3M6TKM6,46731.A0A3M6TKY8,46731.A0A3M6TLW2,46731.A0A3M6TLW4,46731.A0A3M6TNR5,46731.A0A3M6TPN3,46731.A0A3M6TPV9,46731.A0A3M6TQS7,46731.A0A3M6TR41,46731.A0A3M6TRM3,46731.A0A3M6TS23,46731.A0A3M6TS67,46731.A0A3M6TSS3,46731.A0A3M6TSZ0,46731.A0A3M6TTW5,46731.A0A3M6TU70,46731.A0A3M6TU90,46731.A0A3M6TUA7,46731.A0A3M6TUV9,46731.A0A3M6TUX3,46731.A0A3M6TV28,46731.A0A3M6TVU3,46731.A0A3M6TW24,46731.A0A3M6TWG7,46731.A0A3M6TYA4,46731.A0A3M6U001,46731.A0A3M6U0B6,46731.A0A3M6U1V1,46731.A0A3M6U2U8,46731.A0A3M6U409,46731.A0A3M6U6M4,46731.A0A3M6U6U8,46731.A0A3M6U6Z0,46731.A0A3M6U718,46731.A0A3M6U857,46731.A0A3M6U8I8,46731.A0A3M6U9P5,46731.A0A3M6UAD9,46731.A0A3M6UCC7,46731.A0A3M6UED5,46731.A0A3M6UEH8,46731.A0A3M6UF22,46731.A0A3M6UF48,46731.A0A3M6UFT1,46731.A0A3M6UFV2,46731.A0A3M6UFY0,46731.A0A3M6UGJ6,46731.A0A3M6UH53,46731.A0A3M6UHC0,46731.A0A3M6UHC3,46731.A0A3M6UHG6,46731.A0A3M6UHU7,46731.A0A3M6UIB2,46731.A0A3M6UIG3,46731.A0A3M6UJ45,46731.A0A3M6UJA3,46731.A0A3M6UJG5,46731.A0A3M6UK08,46731.A0A3M6UKN1,46731.A0A3M6ULW6,46731.A0A3M6UMU5,46731.A0A3M6UNC3,46731.A0A3M6UNE3,46731.A0A3M6UPY5,46731.A0A3M6UR13,46731.A0A3M6USJ7,46731.A0A3M6UTD1,46731.A0A3M6UTH3,46731.A0A3M6UU20,46731.A0A3M6UVI4,46731.A0A3M6UXV6,46731.A0A3M6UY44,46731.A0A3M6UYC1,46731.A0A3M6UYS8,46731.A0A3M6UZ57,46731.A0A3M6UZ71,46731.A0A3M6UZA8,46731.A0A3M6UZN8,46731.A0A3M6V0P4,46731.A0A3M6V2C8,46731.A0A3M6V2I4,46731.A0A3M6V4G4	pdam_00010185,pdam_00010187,pdam_00005253,pdam_00023829,pdam_00008984,pdam_00023680,pdam_00011395,pdam_00015452,pdam_00011709,pdam_00012840,pdam_00016618,pdam_00006596,pdam_00024990,pdam_00003362,pdam_00008393,pdam_00016758,pdam_00016757,pdam_00021861,pdam_00004005,pdam_00003995,pdam_00008067,pdam_00007156,pdam_00008682,pdam_00013236,pdam_00016836,pdam_00008902,pdam_00012481,pdam_00006627,pdam_00001226,pdam_00004931,pdam_00011619,pdam_00001796,pdam_00014959,pdam_00001877,pdam_00019503,pdam_00017047,pdam_00017576,pdam_00002539,pdam_00005262,pdam_00010068,pdam_00006080,pdam_00009296,pdam_00018186,pdam_00012559,pdam_00021506,pdam_00023639,pdam_00021088,pdam_00021091,pdam_00015716,pdam_00013095,pdam_00013096,pdam_00000589,pdam_00011918,pdam_00021756,pdam_00002115,pdam_00005338,pdam_00011131,pdam_00013566,pdam_00011230,pdam_00018217,pdam_00015311,pdam_00008585,pdam_00016657,pdam_00004788,pdam_00008754,pdam_00020063,pdam_00003762,pdam_00019064,pdam_00003766,pdam_00007954,pdam_00013790,pdam_00019791,pdam_00013782,pdam_00012222,pdam_00018255,pdam_00014588,pdam_00014586,pdam_00018880,pdam_00016519,pdam_00014264,pdam_00017068,pdam_00000445,pdam_00000409,pdam_00000422,pdam_00010727,pdam_00012133,pdam_00009309,pdam_00012710,pdam_00007428,pdam_00007411,pdam_00016049,pdam_00012107,pdam_00002414,pdam_00021970,pdam_00011066,pdam_00008238,pdam_00005000,pdam_00000205,pdam_00006460,pdam_00006435,pdam_00010794,pdam_00014634,pdam_00016318,pdam_00018163,pdam_00009779,pdam_00015653,pdam_00019018,pdam_00010125,pdam_00007786
GO Process	GO:0019222	Regulation of metabolic process	62	2800	0.28	0.56	0.00011	46731.A0A3M6T4E8,46731.A0A3M6T5Y0,46731.A0A3M6T603,46731.A0A3M6T7D4,46731.A0A3M6T7W5,46731.A0A3M6T859,46731.A0A3M6T8I4,46731.A0A3M6T8R9,46731.A0A3M6TBS6,46731.A0A3M6TBY4,46731.A0A3M6TCC2,46731.A0A3M6TE62,46731.A0A3M6TEY2,46731.A0A3M6TFV3,46731.A0A3M6TIG2,46731.A0A3M6TJN8,46731.A0A3M6TKM6,46731.A0A3M6TLW2,46731.A0A3M6TLW4,46731.A0A3M6TPN3,46731.A0A3M6TPV9,46731.A0A3M6TQS7,46731.A0A3M6TR41,46731.A0A3M6TRM3,46731.A0A3M6TS67,46731.A0A3M6TSS3,46731.A0A3M6TTW5,46731.A0A3M6TU70,46731.A0A3M6TV28,46731.A0A3M6TVU3,46731.A0A3M6TW24,46731.A0A3M6TWG7,46731.A0A3M6TYA4,46731.A0A3M6U001,46731.A0A3M6U1V1,46731.A0A3M6U2U8,46731.A0A3M6U6M4,46731.A0A3M6U6U8,46731.A0A3M6U6Z0,46731.A0A3M6U718,46731.A0A3M6U9P5,46731.A0A3M6UEH8,46731.A0A3M6UF22,46731.A0A3M6UF48,46731.A0A3M6UHC0,46731.A0A3M6UHG6,46731.A0A3M6UHU7,46731.A0A3M6UIB2,46731.A0A3M6UIG3,46731.A0A3M6UJ45,46731.A0A3M6UJA3,46731.A0A3M6UK08,46731.A0A3M6ULW6,46731.A0A3M6UMU5,46731.A0A3M6UNC3,46731.A0A3M6USJ7,46731.A0A3M6UTH3,46731.A0A3M6UVI4,46731.A0A3M6UZ57,46731.A0A3M6V0P4,46731.A0A3M6V2C8,46731.A0A3M6V2I4	pdam_00010187,pdam_00023829,pdam_00008984,pdam_00011395,pdam_00011709,pdam_00012840,pdam_00023012,pdam_00006596,pdam_00016758,pdam_00016757,pdam_00021861,pdam_00003995,pdam_00007156,pdam_00008682,pdam_00013236,pdam_00008902,pdam_00006627,pdam_00004931,pdam_00011619,pdam_00014959,pdam_00001877,pdam_00019503,pdam_00017047,pdam_00017576,pdam_00005262,pdam_00010068,pdam_00009296,pdam_00018186,pdam_00021091,pdam_00015716,pdam_00013095,pdam_00013096,pdam_00000589,pdam_00011918,pdam_00002115,pdam_00005338,pdam_00013566,pdam_00011230,pdam_00018217,pdam_00015311,pdam_00004788,pdam_00019064,pdam_00003766,pdam_00007954,pdam_00014588,pdam_00018880,pdam_00016519,pdam_00014264,pdam_00017068,pdam_00000445,pdam_00000409,pdam_00010727,pdam_00009309,pdam_00012710,pdam_00007428,pdam_00002414,pdam_00011066,pdam_00005000,pdam_00014634,pdam_00015653,pdam_00019018,pdam_00010125
GO Process	GO:0043412	Macromolecule modification	50	2047	0.33	0.58	0.00011	46731.A0A3M6T4I7,46731.A0A3M6T5Y0,46731.A0A3M6T7F8,46731.A0A3M6T8J9,46731.A0A3M6T8Z9,46731.A0A3M6TA59,46731.A0A3M6TB20,46731.A0A3M6TJN8,46731.A0A3M6TL39,46731.A0A3M6TLW2,46731.A0A3M6TLW4,46731.A0A3M6TPV9,46731.A0A3M6TQX8,46731.A0A3M6TS67,46731.A0A3M6TSS3,46731.A0A3M6TTL3,46731.A0A3M6TTW5,46731.A0A3M6TU70,46731.A0A3M6TUA7,46731.A0A3M6TVU3,46731.A0A3M6TWG7,46731.A0A3M6TWJ0,46731.A0A3M6TXW0,46731.A0A3M6U0B6,46731.A0A3M6U1V1,46731.A0A3M6U2U8,46731.A0A3M6U476,46731.A0A3M6U6Y6,46731.A0A3M6UED5,46731.A0A3M6UEQ9,46731.A0A3M6UHU7,46731.A0A3M6UJ20,46731.A0A3M6UJ97,46731.A0A3M6UJA3,46731.A0A3M6UK08,46731.A0A3M6UKN1,46731.A0A3M6ULW6,46731.A0A3M6UNC3,46731.A0A3M6UP13,46731.A0A3M6UPY5,46731.A0A3M6USJ7,46731.A0A3M6UTD1,46731.A0A3M6UTH3,46731.A0A3M6UTX3,46731.A0A3M6UXB9,46731.A0A3M6UYC1,46731.A0A3M6UZ76,46731.A0A3M6V2I4,46731.A0A3M6V3Y5,46731.A0A3M6V6P4	pdam_00022847,pdam_00023829,pdam_00015452,pdam_00004319,pdam_00024990,pdam_00003362,pdam_00008393,pdam_00008902,pdam_00001230,pdam_00004931,pdam_00011619,pdam_00001877,pdam_00006368,pdam_00005262,pdam_00010068,pdam_00009208,pdam_00009296,pdam_00018186,pdam_00021506,pdam_00015716,pdam_00013096,pdam_00004174,pdam_00000668,pdam_00021756,pdam_00002115,pdam_00005338,pdam_00015211,pdam_00015309,pdam_00003762,pdam_00003724,pdam_00016519,pdam_00000339,pdam_00000454,pdam_00000409,pdam_00010727,pdam_00012133,pdam_00009309,pdam_00007428,pdam_00019360,pdam_00016049,pdam_00002414,pdam_00021970,pdam_00011066,pdam_00008253,pdam_00000118,pdam_00006435,pdam_00014609,pdam_00010125,pdam_00001408,pdam_00013732
GO Process	GO:0036211	Protein modification process	47	1892	0.33	0.58	0.00016	46731.A0A3M6T4I7,46731.A0A3M6T5Y0,46731.A0A3M6T7F8,46731.A0A3M6T8J9,46731.A0A3M6T8Z9,46731.A0A3M6TA59,46731.A0A3M6TB20,46731.A0A3M6TJN8,46731.A0A3M6TL39,46731.A0A3M6TLW2,46731.A0A3M6TLW4,46731.A0A3M6TPV9,46731.A0A3M6TQX8,46731.A0A3M6TS67,46731.A0A3M6TSS3,46731.A0A3M6TTL3,46731.A0A3M6TTW5,46731.A0A3M6TU70,46731.A0A3M6TUA7,46731.A0A3M6TVU3,46731.A0A3M6TWG7,46731.A0A3M6TWJ0,46731.A0A3M6TXW0,46731.A0A3M6U0B6,46731.A0A3M6U1V1,46731.A0A3M6U2U8,46731.A0A3M6U6Y6,46731.A0A3M6UED5,46731.A0A3M6UEQ9,46731.A0A3M6UHU7,46731.A0A3M6UJ20,46731.A0A3M6UJ97,46731.A0A3M6UJA3,46731.A0A3M6UK08,46731.A0A3M6UKN1,46731.A0A3M6ULW6,46731.A0A3M6UNC3,46731.A0A3M6UP13,46731.A0A3M6UPY5,46731.A0A3M6USJ7,46731.A0A3M6UTD1,46731.A0A3M6UTX3,46731.A0A3M6UXB9,46731.A0A3M6UYC1,46731.A0A3M6UZ76,46731.A0A3M6V2I4,46731.A0A3M6V6P4	pdam_00022847,pdam_00023829,pdam_00015452,pdam_00004319,pdam_00024990,pdam_00003362,pdam_00008393,pdam_00008902,pdam_00001230,pdam_00004931,pdam_00011619,pdam_00001877,pdam_00006368,pdam_00005262,pdam_00010068,pdam_00009208,pdam_00009296,pdam_00018186,pdam_00021506,pdam_00015716,pdam_00013096,pdam_00004174,pdam_00000668,pdam_00021756,pdam_00002115,pdam_00005338,pdam_00015309,pdam_00003762,pdam_00003724,pdam_00016519,pdam_00000339,pdam_00000454,pdam_00000409,pdam_00010727,pdam_00012133,pdam_00009309,pdam_00007428,pdam_00019360,pdam_00016049,pdam_00002414,pdam_00021970,pdam_00008253,pdam_00000118,pdam_00006435,pdam_00014609,pdam_00010125,pdam_00013732
GO Process	GO:0060255	Regulation of macromolecule metabolic process	57	2515	0.29	0.55	0.00016	46731.A0A3M6T4E8,46731.A0A3M6T5Y0,46731.A0A3M6T603,46731.A0A3M6T7D4,46731.A0A3M6T859,46731.A0A3M6T8I4,46731.A0A3M6T8R9,46731.A0A3M6TBS6,46731.A0A3M6TBY4,46731.A0A3M6TCC2,46731.A0A3M6TEY2,46731.A0A3M6TFV3,46731.A0A3M6TIG2,46731.A0A3M6TJN8,46731.A0A3M6TKM6,46731.A0A3M6TLW2,46731.A0A3M6TLW4,46731.A0A3M6TPN3,46731.A0A3M6TPV9,46731.A0A3M6TR41,46731.A0A3M6TRM3,46731.A0A3M6TS67,46731.A0A3M6TSS3,46731.A0A3M6TTW5,46731.A0A3M6TU70,46731.A0A3M6TV28,46731.A0A3M6TVU3,46731.A0A3M6TW24,46731.A0A3M6TWG7,46731.A0A3M6TYA4,46731.A0A3M6U001,46731.A0A3M6U1V1,46731.A0A3M6U6M4,46731.A0A3M6U6U8,46731.A0A3M6U6Z0,46731.A0A3M6U718,46731.A0A3M6U9P5,46731.A0A3M6UEH8,46731.A0A3M6UF22,46731.A0A3M6UF48,46731.A0A3M6UHC0,46731.A0A3M6UHG6,46731.A0A3M6UHU7,46731.A0A3M6UIB2,46731.A0A3M6UIG3,46731.A0A3M6UJ45,46731.A0A3M6UK08,46731.A0A3M6ULW6,46731.A0A3M6UMU5,46731.A0A3M6UNC3,46731.A0A3M6USJ7,46731.A0A3M6UTH3,46731.A0A3M6UVI4,46731.A0A3M6UZ57,46731.A0A3M6V0P4,46731.A0A3M6V2C8,46731.A0A3M6V2I4	pdam_00010187,pdam_00023829,pdam_00008984,pdam_00011395,pdam_00012840,pdam_00023012,pdam_00006596,pdam_00016758,pdam_00016757,pdam_00021861,pdam_00007156,pdam_00008682,pdam_00013236,pdam_00008902,pdam_00006627,pdam_00004931,pdam_00011619,pdam_00014959,pdam_00001877,pdam_00017047,pdam_00017576,pdam_00005262,pdam_00010068,pdam_00009296,pdam_00018186,pdam_00021091,pdam_00015716,pdam_00013095,pdam_00013096,pdam_00000589,pdam_00011918,pdam_00002115,pdam_00013566,pdam_00011230,pdam_00018217,pdam_00015311,pdam_00004788,pdam_00019064,pdam_00003766,pdam_00007954,pdam_00014588,pdam_00018880,pdam_00016519,pdam_00014264,pdam_00017068,pdam_00000445,pdam_00010727,pdam_00009309,pdam_00012710,pdam_00007428,pdam_00002414,pdam_00011066,pdam_00005000,pdam_00014634,pdam_00015653,pdam_00019018,pdam_00010125
GO Process	GO:0046907	Intracellular transport	25	691	0.5	0.67	0.00017	46731.A0A3M6T7W5,46731.A0A3M6T8G2,46731.A0A3M6TCC2,46731.A0A3M6TE18,46731.A0A3M6TFV3,46731.A0A3M6TG98,46731.A0A3M6TJT8,46731.A0A3M6TM07,46731.A0A3M6TPQ1,46731.A0A3M6TUX3,46731.A0A3M6TW10,46731.A0A3M6TZ44,46731.A0A3M6U8W0,46731.A0A3M6U9S4,46731.A0A3M6UCC7,46731.A0A3M6UD30,46731.A0A3M6UFT1,46731.A0A3M6UIB2,46731.A0A3M6UID9,46731.A0A3M6USP0,46731.A0A3M6UU20,46731.A0A3M6UV95,46731.A0A3M6UZA8,46731.A0A3M6V2C8,46731.A0A3M6V2M9	pdam_00011709,pdam_00016618,pdam_00021861,pdam_00003991,pdam_00008682,pdam_00009454,pdam_00019853,pdam_00004865,pdam_00014568,pdam_00021088,pdam_00023243,pdam_00012402,pdam_00002839,pdam_00004802,pdam_00020063,pdam_00024289,pdam_00013790,pdam_00014264,pdam_00014262,pdam_00002348,pdam_00008238,pdam_00005769,pdam_00018163,pdam_00019018,pdam_00010115
GO Process	GO:0048518	Positive regulation of biological process	48	1978	0.32	0.56	0.00019	46731.A0A3M6T5Y0,46731.A0A3M6T7D4,46731.A0A3M6T859,46731.A0A3M6T8R9,46731.A0A3M6TB20,46731.A0A3M6TBY4,46731.A0A3M6TE54,46731.A0A3M6TEY2,46731.A0A3M6TG98,46731.A0A3M6TIG2,46731.A0A3M6TJN8,46731.A0A3M6TKJ3,46731.A0A3M6TKM6,46731.A0A3M6TLW2,46731.A0A3M6TLW4,46731.A0A3M6TPN3,46731.A0A3M6TQS7,46731.A0A3M6TR41,46731.A0A3M6TRM3,46731.A0A3M6TS67,46731.A0A3M6TSS3,46731.A0A3M6TTW5,46731.A0A3M6TU70,46731.A0A3M6TVU3,46731.A0A3M6TW24,46731.A0A3M6TWG7,46731.A0A3M6TYA4,46731.A0A3M6U001,46731.A0A3M6U1V1,46731.A0A3M6U2U8,46731.A0A3M6U6U8,46731.A0A3M6U6Z0,46731.A0A3M6UEH8,46731.A0A3M6UF22,46731.A0A3M6UFT1,46731.A0A3M6UFV2,46731.A0A3M6UHC0,46731.A0A3M6UHG6,46731.A0A3M6UK08,46731.A0A3M6ULW6,46731.A0A3M6UNC3,46731.A0A3M6UPY5,46731.A0A3M6UYS8,46731.A0A3M6UZ71,46731.A0A3M6UZN8,46731.A0A3M6V0P4,46731.A0A3M6V2C8,46731.A0A3M6V4G4	pdam_00023829,pdam_00011395,pdam_00012840,pdam_00006596,pdam_00008393,pdam_00016757,pdam_00004005,pdam_00007156,pdam_00009454,pdam_00013236,pdam_00008902,pdam_00012481,pdam_00006627,pdam_00004931,pdam_00011619,pdam_00014959,pdam_00019503,pdam_00017047,pdam_00017576,pdam_00005262,pdam_00010068,pdam_00009296,pdam_00018186,pdam_00015716,pdam_00013095,pdam_00013096,pdam_00000589,pdam_00011918,pdam_00002115,pdam_00005338,pdam_00011230,pdam_00018217,pdam_00019064,pdam_00003766,pdam_00013790,pdam_00019791,pdam_00014588,pdam_00018880,pdam_00010727,pdam_00009309,pdam_00007428,pdam_00016049,pdam_00010794,pdam_00016318,pdam_00009779,pdam_00015653,pdam_00019018,pdam_00007786
GO Process	GO:0051649	Establishment of localization in cell	27	799	0.47	0.65	0.00019	46731.A0A3M6T7W5,46731.A0A3M6T8G2,46731.A0A3M6TCC2,46731.A0A3M6TE18,46731.A0A3M6TE54,46731.A0A3M6TFV3,46731.A0A3M6TG98,46731.A0A3M6TJT8,46731.A0A3M6TM07,46731.A0A3M6TPQ1,46731.A0A3M6TUX3,46731.A0A3M6TW10,46731.A0A3M6TZ44,46731.A0A3M6U8W0,46731.A0A3M6U9S4,46731.A0A3M6UCC7,46731.A0A3M6UD30,46731.A0A3M6UFT1,46731.A0A3M6UIB2,46731.A0A3M6UID9,46731.A0A3M6USP0,46731.A0A3M6UU20,46731.A0A3M6UV95,46731.A0A3M6UY44,46731.A0A3M6UZA8,46731.A0A3M6V2C8,46731.A0A3M6V2M9	pdam_00011709,pdam_00016618,pdam_00021861,pdam_00003991,pdam_00004005,pdam_00008682,pdam_00009454,pdam_00019853,pdam_00004865,pdam_00014568,pdam_00021088,pdam_00023243,pdam_00012402,pdam_00002839,pdam_00004802,pdam_00020063,pdam_00024289,pdam_00013790,pdam_00014264,pdam_00014262,pdam_00002348,pdam_00008238,pdam_00005769,pdam_00006460,pdam_00018163,pdam_00019018,pdam_00010115
GO Process	GO:0019219	Regulation of nucleobase-containing compound metabolic process	41	1592	0.35	0.56	0.00029	46731.A0A3M6T4E8,46731.A0A3M6T5Y0,46731.A0A3M6T8R9,46731.A0A3M6TBS6,46731.A0A3M6TEY2,46731.A0A3M6TFV3,46731.A0A3M6TIG2,46731.A0A3M6TKM6,46731.A0A3M6TLW2,46731.A0A3M6TLW4,46731.A0A3M6TPN3,46731.A0A3M6TR41,46731.A0A3M6TSS3,46731.A0A3M6TTW5,46731.A0A3M6TU70,46731.A0A3M6TV28,46731.A0A3M6TVU3,46731.A0A3M6TW24,46731.A0A3M6TWG7,46731.A0A3M6U001,46731.A0A3M6U1V1,46731.A0A3M6U6M4,46731.A0A3M6U6U8,46731.A0A3M6U6Z0,46731.A0A3M6U718,46731.A0A3M6U9P5,46731.A0A3M6UEH8,46731.A0A3M6UF22,46731.A0A3M6UF48,46731.A0A3M6UHC0,46731.A0A3M6UHG6,46731.A0A3M6UHU7,46731.A0A3M6UIG3,46731.A0A3M6UJ45,46731.A0A3M6UK08,46731.A0A3M6UNC3,46731.A0A3M6UTH3,46731.A0A3M6UVI4,46731.A0A3M6UZ57,46731.A0A3M6V0P4,46731.A0A3M6V2I4	pdam_00010187,pdam_00023829,pdam_00006596,pdam_00016758,pdam_00007156,pdam_00008682,pdam_00013236,pdam_00006627,pdam_00004931,pdam_00011619,pdam_00014959,pdam_00017047,pdam_00010068,pdam_00009296,pdam_00018186,pdam_00021091,pdam_00015716,pdam_00013095,pdam_00013096,pdam_00011918,pdam_00002115,pdam_00013566,pdam_00011230,pdam_00018217,pdam_00015311,pdam_00004788,pdam_00019064,pdam_00003766,pdam_00007954,pdam_00014588,pdam_00018880,pdam_00016519,pdam_00017068,pdam_00000445,pdam_00010727,pdam_00007428,pdam_00011066,pdam_00005000,pdam_00014634,pdam_00015653,pdam_00010125
GO Process	GO:0034641	Cellular nitrogen compound metabolic process	51	2203	0.3	0.54	0.00029	46731.A0A3M6T603,46731.A0A3M6T7D4,46731.A0A3M6T859,46731.A0A3M6T8K9,46731.A0A3M6T8R9,46731.A0A3M6TA01,46731.A0A3M6TA69,46731.A0A3M6TEY2,46731.A0A3M6TFV3,46731.A0A3M6TG32,46731.A0A3M6TG89,46731.A0A3M6TIG2,46731.A0A3M6TIW2,46731.A0A3M6TJ99,46731.A0A3M6TKM6,46731.A0A3M6TKZ8,46731.A0A3M6TL27,46731.A0A3M6TLW2,46731.A0A3M6TLW4,46731.A0A3M6TMP8,46731.A0A3M6TNN2,46731.A0A3M6TP49,46731.A0A3M6TPW2,46731.A0A3M6TQS7,46731.A0A3M6TR41,46731.A0A3M6TSS3,46731.A0A3M6TU90,46731.A0A3M6TW24,46731.A0A3M6TW28,46731.A0A3M6U1I7,46731.A0A3M6U476,46731.A0A3M6U9P5,46731.A0A3M6U9R5,46731.A0A3M6UCV6,46731.A0A3M6UF48,46731.A0A3M6UFX3,46731.A0A3M6UGA4,46731.A0A3M6UHW5,46731.A0A3M6UID9,46731.A0A3M6UIR6,46731.A0A3M6UK08,46731.A0A3M6UMU5,46731.A0A3M6UPR6,46731.A0A3M6URP1,46731.A0A3M6UTH3,46731.A0A3M6UTW3,46731.A0A3M6UUW7,46731.A0A3M6UXZ1,46731.A0A3M6UYI8,46731.A0A3M6UYS8,46731.A0A3M6V0I6	pdam_00008984,pdam_00011395,pdam_00012840,pdam_00006598,pdam_00006596,pdam_00003401,pdam_00003354,pdam_00007156,pdam_00008682,pdam_00008709,pdam_00009478,pdam_00013236,pdam_00012769,pdam_00012263,pdam_00006627,pdam_00001292,pdam_00001342,pdam_00004931,pdam_00011619,pdam_00013372,pdam_00001763,pdam_00006876,pdam_00014944,pdam_00019503,pdam_00017047,pdam_00010068,pdam_00012559,pdam_00013095,pdam_00008410,pdam_00002205,pdam_00015211,pdam_00004788,pdam_00006936,pdam_00004698,pdam_00007954,pdam_00019787,pdam_00004238,pdam_00020612,pdam_00014262,pdam_00004391,pdam_00010727,pdam_00012710,pdam_00018733,pdam_00004456,pdam_00011066,pdam_00018048,pdam_00020974,pdam_00020103,pdam_00009513,pdam_00010794,pdam_00015654
GO Process	GO:0051128	Regulation of cellular component organization	22	588	0.51	0.64	0.00037	46731.A0A3M6T4E8,46731.A0A3M6T5Y0,46731.A0A3M6T8R9,46731.A0A3M6TB20,46731.A0A3M6TCC2,46731.A0A3M6TE54,46731.A0A3M6TE62,46731.A0A3M6TKJ3,46731.A0A3M6TLW4,46731.A0A3M6TSS3,46731.A0A3M6TSZ0,46731.A0A3M6U2U8,46731.A0A3M6U6Z0,46731.A0A3M6U857,46731.A0A3M6UAD9,46731.A0A3M6UFT1,46731.A0A3M6UIB2,46731.A0A3M6UR13,46731.A0A3M6UU20,46731.A0A3M6UZA8,46731.A0A3M6UZN8,46731.A0A3M6V2C8	pdam_00010187,pdam_00023829,pdam_00006596,pdam_00008393,pdam_00021861,pdam_00004005,pdam_00003995,pdam_00012481,pdam_00011619,pdam_00010068,pdam_00006080,pdam_00005338,pdam_00018217,pdam_00008585,pdam_00008754,pdam_00013790,pdam_00014264,pdam_00012107,pdam_00008238,pdam_00018163,pdam_00009779,pdam_00019018
GO Process	GO:0006810	Transport	54	2439	0.28	0.51	0.00045	46731.A0A3M6T4W5,46731.A0A3M6T7G3,46731.A0A3M6T7K0,46731.A0A3M6T7W5,46731.A0A3M6T8G2,46731.A0A3M6TAC9,46731.A0A3M6TB20,46731.A0A3M6TCC2,46731.A0A3M6TE18,46731.A0A3M6TFV3,46731.A0A3M6TG93,46731.A0A3M6TG98,46731.A0A3M6TJT8,46731.A0A3M6TM07,46731.A0A3M6TPQ1,46731.A0A3M6TR17,46731.A0A3M6TR41,46731.A0A3M6TSY9,46731.A0A3M6TSZ0,46731.A0A3M6TT97,46731.A0A3M6TUX3,46731.A0A3M6TW10,46731.A0A3M6TZ44,46731.A0A3M6U4D0,46731.A0A3M6U4W1,46731.A0A3M6U8I0,46731.A0A3M6U8W0,46731.A0A3M6U9S4,46731.A0A3M6UAD5,46731.A0A3M6UCC7,46731.A0A3M6UD30,46731.A0A3M6UFT1,46731.A0A3M6UFV2,46731.A0A3M6UFY0,46731.A0A3M6UGJ6,46731.A0A3M6UH92,46731.A0A3M6UIB2,46731.A0A3M6UID9,46731.A0A3M6UJE5,46731.A0A3M6UM44,46731.A0A3M6UQJ9,46731.A0A3M6USP0,46731.A0A3M6UU20,46731.A0A3M6UU80,46731.A0A3M6UV95,46731.A0A3M6UXV6,46731.A0A3M6UY44,46731.A0A3M6UYS8,46731.A0A3M6UZ71,46731.A0A3M6UZA8,46731.A0A3M6UZN8,46731.A0A3M6V2C8,46731.A0A3M6V2M9,46731.A0A3M6V835	pdam_00005253,pdam_00023611,pdam_00023608,pdam_00011709,pdam_00016618,pdam_00003413,pdam_00008393,pdam_00021861,pdam_00003991,pdam_00008682,pdam_00008704,pdam_00009454,pdam_00019853,pdam_00004865,pdam_00014568,pdam_00006345,pdam_00017047,pdam_00002746,pdam_00006080,pdam_00006037,pdam_00021088,pdam_00023243,pdam_00012402,pdam_00015203,pdam_00001606,pdam_00009107,pdam_00002839,pdam_00004802,pdam_00009664,pdam_00020063,pdam_00024289,pdam_00013790,pdam_00019791,pdam_00013782,pdam_00012222,pdam_00022876,pdam_00014264,pdam_00014262,pdam_00000479,pdam_00014102,pdam_00001649,pdam_00002348,pdam_00008238,pdam_00017945,pdam_00005769,pdam_00000205,pdam_00006460,pdam_00010794,pdam_00016318,pdam_00018163,pdam_00009779,pdam_00019018,pdam_00010115,pdam_00021291
GO Process	GO:0008104	Protein localization	27	846	0.44	0.59	0.00045	46731.A0A3M6T422,46731.A0A3M6T8G2,46731.A0A3M6TAC9,46731.A0A3M6TCC2,46731.A0A3M6TE18,46731.A0A3M6TG93,46731.A0A3M6TG98,46731.A0A3M6TKY8,46731.A0A3M6TM07,46731.A0A3M6TPQ1,46731.A0A3M6TR41,46731.A0A3M6TZ44,46731.A0A3M6U8W0,46731.A0A3M6U9S4,46731.A0A3M6UCC7,46731.A0A3M6UFT1,46731.A0A3M6UFV2,46731.A0A3M6UIB2,46731.A0A3M6UID9,46731.A0A3M6UM44,46731.A0A3M6USP0,46731.A0A3M6UV95,46731.A0A3M6UVI4,46731.A0A3M6UZA8,46731.A0A3M6UZN8,46731.A0A3M6V2M9,46731.A0A3M6V835	pdam_00010185,pdam_00016618,pdam_00003413,pdam_00021861,pdam_00003991,pdam_00008704,pdam_00009454,pdam_00001226,pdam_00004865,pdam_00014568,pdam_00017047,pdam_00012402,pdam_00002839,pdam_00004802,pdam_00020063,pdam_00013790,pdam_00019791,pdam_00014264,pdam_00014262,pdam_00014102,pdam_00002348,pdam_00005769,pdam_00005000,pdam_00018163,pdam_00009779,pdam_00010115,pdam_00021291
GO Process	GO:0051234	Establishment of localization	55	2511	0.28	0.51	0.00045	46731.A0A3M6T4W5,46731.A0A3M6T7G3,46731.A0A3M6T7K0,46731.A0A3M6T7W5,46731.A0A3M6T8G2,46731.A0A3M6TAC9,46731.A0A3M6TB20,46731.A0A3M6TCC2,46731.A0A3M6TE18,46731.A0A3M6TE54,46731.A0A3M6TFV3,46731.A0A3M6TG93,46731.A0A3M6TG98,46731.A0A3M6TJT8,46731.A0A3M6TM07,46731.A0A3M6TPQ1,46731.A0A3M6TR17,46731.A0A3M6TR41,46731.A0A3M6TSY9,46731.A0A3M6TSZ0,46731.A0A3M6TT97,46731.A0A3M6TUX3,46731.A0A3M6TW10,46731.A0A3M6TZ44,46731.A0A3M6U4D0,46731.A0A3M6U4W1,46731.A0A3M6U8I0,46731.A0A3M6U8W0,46731.A0A3M6U9S4,46731.A0A3M6UAD5,46731.A0A3M6UCC7,46731.A0A3M6UD30,46731.A0A3M6UFT1,46731.A0A3M6UFV2,46731.A0A3M6UFY0,46731.A0A3M6UGJ6,46731.A0A3M6UH92,46731.A0A3M6UIB2,46731.A0A3M6UID9,46731.A0A3M6UJE5,46731.A0A3M6UM44,46731.A0A3M6UQJ9,46731.A0A3M6USP0,46731.A0A3M6UU20,46731.A0A3M6UU80,46731.A0A3M6UV95,46731.A0A3M6UXV6,46731.A0A3M6UY44,46731.A0A3M6UYS8,46731.A0A3M6UZ71,46731.A0A3M6UZA8,46731.A0A3M6UZN8,46731.A0A3M6V2C8,46731.A0A3M6V2M9,46731.A0A3M6V835	pdam_00005253,pdam_00023611,pdam_00023608,pdam_00011709,pdam_00016618,pdam_00003413,pdam_00008393,pdam_00021861,pdam_00003991,pdam_00004005,pdam_00008682,pdam_00008704,pdam_00009454,pdam_00019853,pdam_00004865,pdam_00014568,pdam_00006345,pdam_00017047,pdam_00002746,pdam_00006080,pdam_00006037,pdam_00021088,pdam_00023243,pdam_00012402,pdam_00015203,pdam_00001606,pdam_00009107,pdam_00002839,pdam_00004802,pdam_00009664,pdam_00020063,pdam_00024289,pdam_00013790,pdam_00019791,pdam_00013782,pdam_00012222,pdam_00022876,pdam_00014264,pdam_00014262,pdam_00000479,pdam_00014102,pdam_00001649,pdam_00002348,pdam_00008238,pdam_00017945,pdam_00005769,pdam_00000205,pdam_00006460,pdam_00010794,pdam_00016318,pdam_00018163,pdam_00009779,pdam_00019018,pdam_00010115,pdam_00021291
GO Process	GO:0033036	Macromolecule localization	30	1011	0.41	0.57	0.00046	46731.A0A3M6T422,46731.A0A3M6T8G2,46731.A0A3M6TAC9,46731.A0A3M6TCC2,46731.A0A3M6TE18,46731.A0A3M6TG93,46731.A0A3M6TG98,46731.A0A3M6TKY8,46731.A0A3M6TM07,46731.A0A3M6TPQ1,46731.A0A3M6TR41,46731.A0A3M6TSZ0,46731.A0A3M6TZ44,46731.A0A3M6U8W0,46731.A0A3M6U9S4,46731.A0A3M6UCC7,46731.A0A3M6UD30,46731.A0A3M6UFT1,46731.A0A3M6UFV2,46731.A0A3M6UIB2,46731.A0A3M6UID9,46731.A0A3M6UJE5,46731.A0A3M6UM44,46731.A0A3M6USP0,46731.A0A3M6UV95,46731.A0A3M6UVI4,46731.A0A3M6UZA8,46731.A0A3M6UZN8,46731.A0A3M6V2M9,46731.A0A3M6V835	pdam_00010185,pdam_00016618,pdam_00003413,pdam_00021861,pdam_00003991,pdam_00008704,pdam_00009454,pdam_00001226,pdam_00004865,pdam_00014568,pdam_00017047,pdam_00006080,pdam_00012402,pdam_00002839,pdam_00004802,pdam_00020063,pdam_00024289,pdam_00013790,pdam_00019791,pdam_00014264,pdam_00014262,pdam_00000479,pdam_00014102,pdam_00002348,pdam_00005769,pdam_00005000,pdam_00018163,pdam_00009779,pdam_00010115,pdam_00021291
GO Process	GO:0033043	Regulation of organelle organization	16	336	0.62	0.67	0.00046	46731.A0A3M6T4E8,46731.A0A3M6T5Y0,46731.A0A3M6T8R9,46731.A0A3M6TCC2,46731.A0A3M6TE54,46731.A0A3M6TE62,46731.A0A3M6TKJ3,46731.A0A3M6TLW4,46731.A0A3M6TSZ0,46731.A0A3M6U6Z0,46731.A0A3M6U857,46731.A0A3M6UAD9,46731.A0A3M6UFT1,46731.A0A3M6UU20,46731.A0A3M6UZA8,46731.A0A3M6V2C8	pdam_00010187,pdam_00023829,pdam_00006596,pdam_00021861,pdam_00004005,pdam_00003995,pdam_00012481,pdam_00011619,pdam_00006080,pdam_00018217,pdam_00008585,pdam_00008754,pdam_00013790,pdam_00008238,pdam_00018163,pdam_00019018
GO Process	GO:0050789	Regulation of biological process	113	6695	0.17	0.45	0.00046	46731.A0A3M6T422,46731.A0A3M6T4E8,46731.A0A3M6T4W5,46731.A0A3M6T5Y0,46731.A0A3M6T603,46731.A0A3M6T771,46731.A0A3M6T7D4,46731.A0A3M6T7F8,46731.A0A3M6T7W5,46731.A0A3M6T859,46731.A0A3M6T8G2,46731.A0A3M6T8I4,46731.A0A3M6T8R9,46731.A0A3M6T8Z9,46731.A0A3M6TA59,46731.A0A3M6TB20,46731.A0A3M6TBS6,46731.A0A3M6TBY4,46731.A0A3M6TCC2,46731.A0A3M6TE54,46731.A0A3M6TE62,46731.A0A3M6TEH6,46731.A0A3M6TEY2,46731.A0A3M6TFV3,46731.A0A3M6TG98,46731.A0A3M6TIG2,46731.A0A3M6TJE1,46731.A0A3M6TJN8,46731.A0A3M6TKJ3,46731.A0A3M6TKM6,46731.A0A3M6TKY8,46731.A0A3M6TLW2,46731.A0A3M6TLW4,46731.A0A3M6TNR5,46731.A0A3M6TPN3,46731.A0A3M6TPV9,46731.A0A3M6TQS7,46731.A0A3M6TR41,46731.A0A3M6TRM3,46731.A0A3M6TS23,46731.A0A3M6TS67,46731.A0A3M6TSS3,46731.A0A3M6TSZ0,46731.A0A3M6TTW5,46731.A0A3M6TU70,46731.A0A3M6TU90,46731.A0A3M6TUA7,46731.A0A3M6TUV9,46731.A0A3M6TUX3,46731.A0A3M6TV28,46731.A0A3M6TVU3,46731.A0A3M6TW24,46731.A0A3M6TWG7,46731.A0A3M6TYA4,46731.A0A3M6U001,46731.A0A3M6U0B6,46731.A0A3M6U1V1,46731.A0A3M6U2U8,46731.A0A3M6U409,46731.A0A3M6U4D0,46731.A0A3M6U6M4,46731.A0A3M6U6U8,46731.A0A3M6U6Z0,46731.A0A3M6U718,46731.A0A3M6U857,46731.A0A3M6U8I8,46731.A0A3M6U9P5,46731.A0A3M6UAD9,46731.A0A3M6UCC7,46731.A0A3M6UED5,46731.A0A3M6UEH8,46731.A0A3M6UF22,46731.A0A3M6UF48,46731.A0A3M6UFT1,46731.A0A3M6UFV2,46731.A0A3M6UFY0,46731.A0A3M6UGJ6,46731.A0A3M6UH53,46731.A0A3M6UHC0,46731.A0A3M6UHC3,46731.A0A3M6UHG6,46731.A0A3M6UHU7,46731.A0A3M6UIB2,46731.A0A3M6UIG3,46731.A0A3M6UJ45,46731.A0A3M6UJA3,46731.A0A3M6UJG5,46731.A0A3M6UK08,46731.A0A3M6UKN1,46731.A0A3M6ULW6,46731.A0A3M6UMU5,46731.A0A3M6UNC3,46731.A0A3M6UNE3,46731.A0A3M6UPY5,46731.A0A3M6UR13,46731.A0A3M6USJ7,46731.A0A3M6UTD1,46731.A0A3M6UTH3,46731.A0A3M6UU20,46731.A0A3M6UVI4,46731.A0A3M6UXV6,46731.A0A3M6UY44,46731.A0A3M6UYC1,46731.A0A3M6UYS8,46731.A0A3M6UZ57,46731.A0A3M6UZ63,46731.A0A3M6UZ71,46731.A0A3M6UZA8,46731.A0A3M6UZN8,46731.A0A3M6V0P4,46731.A0A3M6V2C8,46731.A0A3M6V2I4,46731.A0A3M6V4G4	pdam_00010185,pdam_00010187,pdam_00005253,pdam_00023829,pdam_00008984,pdam_00023680,pdam_00011395,pdam_00015452,pdam_00011709,pdam_00012840,pdam_00016618,pdam_00023012,pdam_00006596,pdam_00024990,pdam_00003362,pdam_00008393,pdam_00016758,pdam_00016757,pdam_00021861,pdam_00004005,pdam_00003995,pdam_00008067,pdam_00007156,pdam_00008682,pdam_00009454,pdam_00013236,pdam_00016836,pdam_00008902,pdam_00012481,pdam_00006627,pdam_00001226,pdam_00004931,pdam_00011619,pdam_00001796,pdam_00014959,pdam_00001877,pdam_00019503,pdam_00017047,pdam_00017576,pdam_00002539,pdam_00005262,pdam_00010068,pdam_00006080,pdam_00009296,pdam_00018186,pdam_00012559,pdam_00021506,pdam_00023639,pdam_00021088,pdam_00021091,pdam_00015716,pdam_00013095,pdam_00013096,pdam_00000589,pdam_00011918,pdam_00021756,pdam_00002115,pdam_00005338,pdam_00011131,pdam_00015203,pdam_00013566,pdam_00011230,pdam_00018217,pdam_00015311,pdam_00008585,pdam_00016657,pdam_00004788,pdam_00008754,pdam_00020063,pdam_00003762,pdam_00019064,pdam_00003766,pdam_00007954,pdam_00013790,pdam_00019791,pdam_00013782,pdam_00012222,pdam_00018255,pdam_00014588,pdam_00014586,pdam_00018880,pdam_00016519,pdam_00014264,pdam_00017068,pdam_00000445,pdam_00000409,pdam_00000422,pdam_00010727,pdam_00012133,pdam_00009309,pdam_00012710,pdam_00007428,pdam_00007411,pdam_00016049,pdam_00012107,pdam_00002414,pdam_00021970,pdam_00011066,pdam_00008238,pdam_00005000,pdam_00000205,pdam_00006460,pdam_00006435,pdam_00010794,pdam_00014634,pdam_00014621,pdam_00016318,pdam_00018163,pdam_00009779,pdam_00015653,pdam_00019018,pdam_00010125,pdam_00007786
GO Process	GO:0048523	Negative regulation of cellular process	34	1248	0.37	0.55	0.00054	46731.A0A3M6T5Y0,46731.A0A3M6TCC2,46731.A0A3M6TE62,46731.A0A3M6TFV3,46731.A0A3M6TKM6,46731.A0A3M6TPV9,46731.A0A3M6TQS7,46731.A0A3M6TR41,46731.A0A3M6TRM3,46731.A0A3M6TS23,46731.A0A3M6TSS3,46731.A0A3M6TSZ0,46731.A0A3M6TU70,46731.A0A3M6TW24,46731.A0A3M6U001,46731.A0A3M6U718,46731.A0A3M6U857,46731.A0A3M6U9P5,46731.A0A3M6UAD9,46731.A0A3M6UF22,46731.A0A3M6UGJ6,46731.A0A3M6UHC0,46731.A0A3M6UHU7,46731.A0A3M6UJ45,46731.A0A3M6UK08,46731.A0A3M6UNE3,46731.A0A3M6UR13,46731.A0A3M6USJ7,46731.A0A3M6UTD1,46731.A0A3M6UU20,46731.A0A3M6UVI4,46731.A0A3M6UYS8,46731.A0A3M6V2C8,46731.A0A3M6V4G4	pdam_00023829,pdam_00021861,pdam_00003995,pdam_00008682,pdam_00006627,pdam_00001877,pdam_00019503,pdam_00017047,pdam_00017576,pdam_00002539,pdam_00010068,pdam_00006080,pdam_00018186,pdam_00013095,pdam_00011918,pdam_00015311,pdam_00008585,pdam_00004788,pdam_00008754,pdam_00003766,pdam_00012222,pdam_00014588,pdam_00016519,pdam_00000445,pdam_00010727,pdam_00007411,pdam_00012107,pdam_00002414,pdam_00021970,pdam_00008238,pdam_00005000,pdam_00010794,pdam_00019018,pdam_00007786
GO Process	GO:0051179	Localization	58	2748	0.26	0.49	0.00059	46731.A0A3M6T422,46731.A0A3M6T4W5,46731.A0A3M6T7G3,46731.A0A3M6T7K0,46731.A0A3M6T7W5,46731.A0A3M6T8G2,46731.A0A3M6TAC9,46731.A0A3M6TB20,46731.A0A3M6TCC2,46731.A0A3M6TE18,46731.A0A3M6TE54,46731.A0A3M6TFV3,46731.A0A3M6TG93,46731.A0A3M6TG98,46731.A0A3M6TJT8,46731.A0A3M6TKY8,46731.A0A3M6TM07,46731.A0A3M6TPQ1,46731.A0A3M6TR17,46731.A0A3M6TR41,46731.A0A3M6TSY9,46731.A0A3M6TSZ0,46731.A0A3M6TT97,46731.A0A3M6TUX3,46731.A0A3M6TW10,46731.A0A3M6TZ44,46731.A0A3M6U4D0,46731.A0A3M6U4W1,46731.A0A3M6U8I0,46731.A0A3M6U8W0,46731.A0A3M6U9S4,46731.A0A3M6UAD5,46731.A0A3M6UCC7,46731.A0A3M6UD30,46731.A0A3M6UFT1,46731.A0A3M6UFV2,46731.A0A3M6UFY0,46731.A0A3M6UGJ6,46731.A0A3M6UH92,46731.A0A3M6UIB2,46731.A0A3M6UID9,46731.A0A3M6UJE5,46731.A0A3M6UM44,46731.A0A3M6UQJ9,46731.A0A3M6USP0,46731.A0A3M6UU20,46731.A0A3M6UU80,46731.A0A3M6UV95,46731.A0A3M6UVI4,46731.A0A3M6UXV6,46731.A0A3M6UY44,46731.A0A3M6UYS8,46731.A0A3M6UZ71,46731.A0A3M6UZA8,46731.A0A3M6UZN8,46731.A0A3M6V2C8,46731.A0A3M6V2M9,46731.A0A3M6V835	pdam_00010185,pdam_00005253,pdam_00023611,pdam_00023608,pdam_00011709,pdam_00016618,pdam_00003413,pdam_00008393,pdam_00021861,pdam_00003991,pdam_00004005,pdam_00008682,pdam_00008704,pdam_00009454,pdam_00019853,pdam_00001226,pdam_00004865,pdam_00014568,pdam_00006345,pdam_00017047,pdam_00002746,pdam_00006080,pdam_00006037,pdam_00021088,pdam_00023243,pdam_00012402,pdam_00015203,pdam_00001606,pdam_00009107,pdam_00002839,pdam_00004802,pdam_00009664,pdam_00020063,pdam_00024289,pdam_00013790,pdam_00019791,pdam_00013782,pdam_00012222,pdam_00022876,pdam_00014264,pdam_00014262,pdam_00000479,pdam_00014102,pdam_00001649,pdam_00002348,pdam_00008238,pdam_00017945,pdam_00005769,pdam_00005000,pdam_00000205,pdam_00006460,pdam_00010794,pdam_00016318,pdam_00018163,pdam_00009779,pdam_00019018,pdam_00010115,pdam_00021291
GO Process	GO:0016043	Cellular component organization	56	2628	0.27	0.49	0.00066	46731.A0A3M6T5Y0,46731.A0A3M6T603,46731.A0A3M6T8R9,46731.A0A3M6TA69,46731.A0A3M6TAC9,46731.A0A3M6TCR8,46731.A0A3M6TE54,46731.A0A3M6TEV3,46731.A0A3M6TFV3,46731.A0A3M6TFZ0,46731.A0A3M6TIE9,46731.A0A3M6TIW2,46731.A0A3M6TJT8,46731.A0A3M6TKJ3,46731.A0A3M6TLW4,46731.A0A3M6TM07,46731.A0A3M6TPQ1,46731.A0A3M6TQS7,46731.A0A3M6TSZ0,46731.A0A3M6TU54,46731.A0A3M6TVU3,46731.A0A3M6TW10,46731.A0A3M6TWG7,46731.A0A3M6TZ44,46731.A0A3M6U001,46731.A0A3M6U0L4,46731.A0A3M6U1V1,46731.A0A3M6U240,46731.A0A3M6U574,46731.A0A3M6U6Z0,46731.A0A3M6U718,46731.A0A3M6U7D5,46731.A0A3M6U857,46731.A0A3M6U9R5,46731.A0A3M6UAD9,46731.A0A3M6UCC7,46731.A0A3M6UCV6,46731.A0A3M6UED5,46731.A0A3M6UHW5,46731.A0A3M6UHY7,46731.A0A3M6UID9,46731.A0A3M6UK08,46731.A0A3M6UKN1,46731.A0A3M6UMU5,46731.A0A3M6UPY5,46731.A0A3M6USP0,46731.A0A3M6UTD1,46731.A0A3M6UU20,46731.A0A3M6UV95,46731.A0A3M6UZ71,46731.A0A3M6UZA8,46731.A0A3M6UZN8,46731.A0A3M6V2C8,46731.A0A3M6V2M9,46731.A0A3M6V4J9,46731.A0A3M6V4Z0	pdam_00023829,pdam_00008984,pdam_00006596,pdam_00003354,pdam_00003413,pdam_00017598,pdam_00004005,pdam_00022019,pdam_00008682,pdam_00008719,pdam_00003288,pdam_00012769,pdam_00019853,pdam_00012481,pdam_00011619,pdam_00004865,pdam_00014568,pdam_00019503,pdam_00006080,pdam_00012546,pdam_00015716,pdam_00023243,pdam_00013096,pdam_00012402,pdam_00011918,pdam_00022817,pdam_00002115,pdam_00013597,pdam_00001600,pdam_00018217,pdam_00015311,pdam_00017441,pdam_00008585,pdam_00006936,pdam_00008754,pdam_00020063,pdam_00004698,pdam_00003762,pdam_00020612,pdam_00015259,pdam_00014262,pdam_00010727,pdam_00012133,pdam_00012710,pdam_00016049,pdam_00002348,pdam_00021970,pdam_00008238,pdam_00005769,pdam_00016318,pdam_00018163,pdam_00009779,pdam_00019018,pdam_00010115,pdam_00003494,pdam_00003487
GO Process	GO:0071840	Cellular component organization or biogenesis	59	2840	0.26	0.48	0.00073	46731.A0A3M6T5Y0,46731.A0A3M6T603,46731.A0A3M6T8R9,46731.A0A3M6TA69,46731.A0A3M6TAC9,46731.A0A3M6TCR8,46731.A0A3M6TE54,46731.A0A3M6TEV3,46731.A0A3M6TFV3,46731.A0A3M6TFZ0,46731.A0A3M6TIE9,46731.A0A3M6TIW2,46731.A0A3M6TJT8,46731.A0A3M6TKJ3,46731.A0A3M6TL27,46731.A0A3M6TLW4,46731.A0A3M6TM07,46731.A0A3M6TPQ1,46731.A0A3M6TQS7,46731.A0A3M6TSZ0,46731.A0A3M6TU54,46731.A0A3M6TVU3,46731.A0A3M6TW10,46731.A0A3M6TWG7,46731.A0A3M6TZ44,46731.A0A3M6U001,46731.A0A3M6U0L4,46731.A0A3M6U1V1,46731.A0A3M6U240,46731.A0A3M6U574,46731.A0A3M6U6Z0,46731.A0A3M6U718,46731.A0A3M6U7D5,46731.A0A3M6U857,46731.A0A3M6U9R5,46731.A0A3M6UAD9,46731.A0A3M6UCC7,46731.A0A3M6UCV6,46731.A0A3M6UED5,46731.A0A3M6UHW5,46731.A0A3M6UHY7,46731.A0A3M6UID9,46731.A0A3M6UK08,46731.A0A3M6UKN1,46731.A0A3M6UMU5,46731.A0A3M6UPY5,46731.A0A3M6USP0,46731.A0A3M6UTD1,46731.A0A3M6UU20,46731.A0A3M6UV95,46731.A0A3M6UXZ1,46731.A0A3M6UZ71,46731.A0A3M6UZA8,46731.A0A3M6UZN8,46731.A0A3M6V2C8,46731.A0A3M6V2M9,46731.A0A3M6V4J9,46731.A0A3M6V4Z0,46731.A0A3M6V6P4	pdam_00023829,pdam_00008984,pdam_00006596,pdam_00003354,pdam_00003413,pdam_00017598,pdam_00004005,pdam_00022019,pdam_00008682,pdam_00008719,pdam_00003288,pdam_00012769,pdam_00019853,pdam_00012481,pdam_00001342,pdam_00011619,pdam_00004865,pdam_00014568,pdam_00019503,pdam_00006080,pdam_00012546,pdam_00015716,pdam_00023243,pdam_00013096,pdam_00012402,pdam_00011918,pdam_00022817,pdam_00002115,pdam_00013597,pdam_00001600,pdam_00018217,pdam_00015311,pdam_00017441,pdam_00008585,pdam_00006936,pdam_00008754,pdam_00020063,pdam_00004698,pdam_00003762,pdam_00020612,pdam_00015259,pdam_00014262,pdam_00010727,pdam_00012133,pdam_00012710,pdam_00016049,pdam_00002348,pdam_00021970,pdam_00008238,pdam_00005769,pdam_00020103,pdam_00016318,pdam_00018163,pdam_00009779,pdam_00019018,pdam_00010115,pdam_00003494,pdam_00003487,pdam_00013732
GO Process	GO:0006996	Organelle organization	42	1760	0.32	0.5	0.00085	46731.A0A3M6T5Y0,46731.A0A3M6T8R9,46731.A0A3M6TAC9,46731.A0A3M6TCR8,46731.A0A3M6TE54,46731.A0A3M6TEV3,46731.A0A3M6TFZ0,46731.A0A3M6TJT8,46731.A0A3M6TKJ3,46731.A0A3M6TLW4,46731.A0A3M6TM07,46731.A0A3M6TPQ1,46731.A0A3M6TQS7,46731.A0A3M6TSZ0,46731.A0A3M6TU54,46731.A0A3M6TVU3,46731.A0A3M6TWG7,46731.A0A3M6U001,46731.A0A3M6U1V1,46731.A0A3M6U574,46731.A0A3M6U6Z0,46731.A0A3M6U718,46731.A0A3M6U7D5,46731.A0A3M6U857,46731.A0A3M6UAD9,46731.A0A3M6UCC7,46731.A0A3M6UCV6,46731.A0A3M6UHW5,46731.A0A3M6UHY7,46731.A0A3M6UID9,46731.A0A3M6UKN1,46731.A0A3M6UPY5,46731.A0A3M6USP0,46731.A0A3M6UTD1,46731.A0A3M6UU20,46731.A0A3M6UV95,46731.A0A3M6UZA8,46731.A0A3M6UZN8,46731.A0A3M6V2C8,46731.A0A3M6V2M9,46731.A0A3M6V4J9,46731.A0A3M6V4Z0	pdam_00023829,pdam_00006596,pdam_00003413,pdam_00017598,pdam_00004005,pdam_00022019,pdam_00008719,pdam_00019853,pdam_00012481,pdam_00011619,pdam_00004865,pdam_00014568,pdam_00019503,pdam_00006080,pdam_00012546,pdam_00015716,pdam_00013096,pdam_00011918,pdam_00002115,pdam_00001600,pdam_00018217,pdam_00015311,pdam_00017441,pdam_00008585,pdam_00008754,pdam_00020063,pdam_00004698,pdam_00020612,pdam_00015259,pdam_00014262,pdam_00012133,pdam_00016049,pdam_00002348,pdam_00021970,pdam_00008238,pdam_00005769,pdam_00018163,pdam_00009779,pdam_00019018,pdam_00010115,pdam_00003494,pdam_00003487
GO Process	GO:0010556	Regulation of macromolecule biosynthetic process	39	1596	0.33	0.5	0.0011	46731.A0A3M6T5Y0,46731.A0A3M6T603,46731.A0A3M6T7D4,46731.A0A3M6T859,46731.A0A3M6T8R9,46731.A0A3M6TBS6,46731.A0A3M6TEY2,46731.A0A3M6TIG2,46731.A0A3M6TKM6,46731.A0A3M6TLW2,46731.A0A3M6TLW4,46731.A0A3M6TPN3,46731.A0A3M6TSS3,46731.A0A3M6TTW5,46731.A0A3M6TU70,46731.A0A3M6TV28,46731.A0A3M6TVU3,46731.A0A3M6TW24,46731.A0A3M6TWG7,46731.A0A3M6TYA4,46731.A0A3M6U001,46731.A0A3M6U1V1,46731.A0A3M6U6U8,46731.A0A3M6U6Z0,46731.A0A3M6U718,46731.A0A3M6UEH8,46731.A0A3M6UF22,46731.A0A3M6UHC0,46731.A0A3M6UHG6,46731.A0A3M6UHU7,46731.A0A3M6UIB2,46731.A0A3M6UIG3,46731.A0A3M6UK08,46731.A0A3M6UMU5,46731.A0A3M6UNC3,46731.A0A3M6UVI4,46731.A0A3M6UZ57,46731.A0A3M6V0P4,46731.A0A3M6V2I4	pdam_00023829,pdam_00008984,pdam_00011395,pdam_00012840,pdam_00006596,pdam_00016758,pdam_00007156,pdam_00013236,pdam_00006627,pdam_00004931,pdam_00011619,pdam_00014959,pdam_00010068,pdam_00009296,pdam_00018186,pdam_00021091,pdam_00015716,pdam_00013095,pdam_00013096,pdam_00000589,pdam_00011918,pdam_00002115,pdam_00011230,pdam_00018217,pdam_00015311,pdam_00019064,pdam_00003766,pdam_00014588,pdam_00018880,pdam_00016519,pdam_00014264,pdam_00017068,pdam_00010727,pdam_00012710,pdam_00007428,pdam_00005000,pdam_00014634,pdam_00015653,pdam_00010125
GO Process	GO:0044271	Cellular nitrogen compound biosynthetic process	24	758	0.44	0.54	0.0012	46731.A0A3M6T603,46731.A0A3M6T859,46731.A0A3M6T8K9,46731.A0A3M6T8R9,46731.A0A3M6TA69,46731.A0A3M6TFV3,46731.A0A3M6TG89,46731.A0A3M6TIG2,46731.A0A3M6TKZ8,46731.A0A3M6TL27,46731.A0A3M6TLW2,46731.A0A3M6TMP8,46731.A0A3M6TPW2,46731.A0A3M6TQS7,46731.A0A3M6TSS3,46731.A0A3M6TU90,46731.A0A3M6TW28,46731.A0A3M6U1I7,46731.A0A3M6UGA4,46731.A0A3M6UK08,46731.A0A3M6UMU5,46731.A0A3M6UPR6,46731.A0A3M6UTW3,46731.A0A3M6UUW7	pdam_00008984,pdam_00012840,pdam_00006598,pdam_00006596,pdam_00003354,pdam_00008682,pdam_00009478,pdam_00013236,pdam_00001292,pdam_00001342,pdam_00004931,pdam_00013372,pdam_00014944,pdam_00019503,pdam_00010068,pdam_00012559,pdam_00008410,pdam_00002205,pdam_00004238,pdam_00010727,pdam_00012710,pdam_00018733,pdam_00018048,pdam_00020974
GO Process	GO:0051173	Positive regulation of nitrogen compound metabolic process	27	917	0.41	0.53	0.0012	46731.A0A3M6T5Y0,46731.A0A3M6T7D4,46731.A0A3M6T8R9,46731.A0A3M6TIG2,46731.A0A3M6TKM6,46731.A0A3M6TLW2,46731.A0A3M6TLW4,46731.A0A3M6TPN3,46731.A0A3M6TRM3,46731.A0A3M6TS67,46731.A0A3M6TSS3,46731.A0A3M6TU70,46731.A0A3M6TVU3,46731.A0A3M6TW24,46731.A0A3M6TWG7,46731.A0A3M6TYA4,46731.A0A3M6U001,46731.A0A3M6U1V1,46731.A0A3M6U6Z0,46731.A0A3M6UEH8,46731.A0A3M6UF22,46731.A0A3M6UHG6,46731.A0A3M6UK08,46731.A0A3M6ULW6,46731.A0A3M6UNC3,46731.A0A3M6V0P4,46731.A0A3M6V2C8	pdam_00023829,pdam_00011395,pdam_00006596,pdam_00013236,pdam_00006627,pdam_00004931,pdam_00011619,pdam_00014959,pdam_00017576,pdam_00005262,pdam_00010068,pdam_00018186,pdam_00015716,pdam_00013095,pdam_00013096,pdam_00000589,pdam_00011918,pdam_00002115,pdam_00018217,pdam_00019064,pdam_00003766,pdam_00018880,pdam_00010727,pdam_00009309,pdam_00007428,pdam_00015653,pdam_00019018
GO Process	GO:0051254	Positive regulation of RNA metabolic process	19	509	0.51	0.57	0.0012	46731.A0A3M6T5Y0,46731.A0A3M6T8R9,46731.A0A3M6TIG2,46731.A0A3M6TKM6,46731.A0A3M6TLW2,46731.A0A3M6TLW4,46731.A0A3M6TPN3,46731.A0A3M6TU70,46731.A0A3M6TVU3,46731.A0A3M6TW24,46731.A0A3M6TWG7,46731.A0A3M6U001,46731.A0A3M6U6Z0,46731.A0A3M6UEH8,46731.A0A3M6UF22,46731.A0A3M6UHG6,46731.A0A3M6UK08,46731.A0A3M6UNC3,46731.A0A3M6V0P4	pdam_00023829,pdam_00006596,pdam_00013236,pdam_00006627,pdam_00004931,pdam_00011619,pdam_00014959,pdam_00018186,pdam_00015716,pdam_00013095,pdam_00013096,pdam_00011918,pdam_00018217,pdam_00019064,pdam_00003766,pdam_00018880,pdam_00010727,pdam_00007428,pdam_00015653
GO Process	GO:0010604	Positive regulation of macromolecule metabolic process	28	980	0.4	0.52	0.0013	46731.A0A3M6T5Y0,46731.A0A3M6T7D4,46731.A0A3M6T8R9,46731.A0A3M6TBY4,46731.A0A3M6TIG2,46731.A0A3M6TKM6,46731.A0A3M6TLW2,46731.A0A3M6TLW4,46731.A0A3M6TPN3,46731.A0A3M6TR41,46731.A0A3M6TRM3,46731.A0A3M6TS67,46731.A0A3M6TSS3,46731.A0A3M6TU70,46731.A0A3M6TVU3,46731.A0A3M6TW24,46731.A0A3M6TWG7,46731.A0A3M6U001,46731.A0A3M6U1V1,46731.A0A3M6U6Z0,46731.A0A3M6UEH8,46731.A0A3M6UF22,46731.A0A3M6UHG6,46731.A0A3M6UK08,46731.A0A3M6ULW6,46731.A0A3M6UNC3,46731.A0A3M6V0P4,46731.A0A3M6V2C8	pdam_00023829,pdam_00011395,pdam_00006596,pdam_00016757,pdam_00013236,pdam_00006627,pdam_00004931,pdam_00011619,pdam_00014959,pdam_00017047,pdam_00017576,pdam_00005262,pdam_00010068,pdam_00018186,pdam_00015716,pdam_00013095,pdam_00013096,pdam_00011918,pdam_00002115,pdam_00018217,pdam_00019064,pdam_00003766,pdam_00018880,pdam_00010727,pdam_00009309,pdam_00007428,pdam_00015653,pdam_00019018
GO Process	GO:0031326	Regulation of cellular biosynthetic process	39	1618	0.32	0.49	0.0013	46731.A0A3M6T5Y0,46731.A0A3M6T603,46731.A0A3M6T7D4,46731.A0A3M6T859,46731.A0A3M6T8R9,46731.A0A3M6TBS6,46731.A0A3M6TEY2,46731.A0A3M6TIG2,46731.A0A3M6TKM6,46731.A0A3M6TLW2,46731.A0A3M6TLW4,46731.A0A3M6TPN3,46731.A0A3M6TSS3,46731.A0A3M6TTW5,46731.A0A3M6TU70,46731.A0A3M6TV28,46731.A0A3M6TVU3,46731.A0A3M6TW24,46731.A0A3M6TWG7,46731.A0A3M6TYA4,46731.A0A3M6U001,46731.A0A3M6U1V1,46731.A0A3M6U6U8,46731.A0A3M6U6Z0,46731.A0A3M6U718,46731.A0A3M6UEH8,46731.A0A3M6UF22,46731.A0A3M6UHC0,46731.A0A3M6UHG6,46731.A0A3M6UHU7,46731.A0A3M6UIB2,46731.A0A3M6UIG3,46731.A0A3M6UK08,46731.A0A3M6UMU5,46731.A0A3M6UNC3,46731.A0A3M6UVI4,46731.A0A3M6UZ57,46731.A0A3M6V0P4,46731.A0A3M6V2I4	pdam_00023829,pdam_00008984,pdam_00011395,pdam_00012840,pdam_00006596,pdam_00016758,pdam_00007156,pdam_00013236,pdam_00006627,pdam_00004931,pdam_00011619,pdam_00014959,pdam_00010068,pdam_00009296,pdam_00018186,pdam_00021091,pdam_00015716,pdam_00013095,pdam_00013096,pdam_00000589,pdam_00011918,pdam_00002115,pdam_00011230,pdam_00018217,pdam_00015311,pdam_00019064,pdam_00003766,pdam_00014588,pdam_00018880,pdam_00016519,pdam_00014264,pdam_00017068,pdam_00010727,pdam_00012710,pdam_00007428,pdam_00005000,pdam_00014634,pdam_00015653,pdam_00010125
GO Process	GO:0048522	Positive regulation of cellular process	41	1741	0.31	0.48	0.0013	46731.A0A3M6T5Y0,46731.A0A3M6T7D4,46731.A0A3M6T859,46731.A0A3M6T8R9,46731.A0A3M6TB20,46731.A0A3M6TBY4,46731.A0A3M6TE54,46731.A0A3M6TEY2,46731.A0A3M6TIG2,46731.A0A3M6TKJ3,46731.A0A3M6TKM6,46731.A0A3M6TLW2,46731.A0A3M6TLW4,46731.A0A3M6TPN3,46731.A0A3M6TQS7,46731.A0A3M6TRM3,46731.A0A3M6TSS3,46731.A0A3M6TTW5,46731.A0A3M6TU70,46731.A0A3M6TVU3,46731.A0A3M6TW24,46731.A0A3M6TWG7,46731.A0A3M6TYA4,46731.A0A3M6U001,46731.A0A3M6U1V1,46731.A0A3M6U2U8,46731.A0A3M6U6Z0,46731.A0A3M6UEH8,46731.A0A3M6UF22,46731.A0A3M6UFT1,46731.A0A3M6UHC0,46731.A0A3M6UHG6,46731.A0A3M6UK08,46731.A0A3M6ULW6,46731.A0A3M6UNC3,46731.A0A3M6UPY5,46731.A0A3M6UYS8,46731.A0A3M6UZN8,46731.A0A3M6V0P4,46731.A0A3M6V2C8,46731.A0A3M6V4G4	pdam_00023829,pdam_00011395,pdam_00012840,pdam_00006596,pdam_00008393,pdam_00016757,pdam_00004005,pdam_00007156,pdam_00013236,pdam_00012481,pdam_00006627,pdam_00004931,pdam_00011619,pdam_00014959,pdam_00019503,pdam_00017576,pdam_00010068,pdam_00009296,pdam_00018186,pdam_00015716,pdam_00013095,pdam_00013096,pdam_00000589,pdam_00011918,pdam_00002115,pdam_00005338,pdam_00018217,pdam_00019064,pdam_00003766,pdam_00013790,pdam_00014588,pdam_00018880,pdam_00010727,pdam_00009309,pdam_00007428,pdam_00016049,pdam_00010794,pdam_00009779,pdam_00015653,pdam_00019018,pdam_00007786
GO Process	GO:0010467	Gene expression	32	1210	0.36	0.5	0.0014	46731.A0A3M6T603,46731.A0A3M6T7D4,46731.A0A3M6T859,46731.A0A3M6T8R9,46731.A0A3M6TA01,46731.A0A3M6TEY2,46731.A0A3M6TFV3,46731.A0A3M6TIG2,46731.A0A3M6TIW2,46731.A0A3M6TJ99,46731.A0A3M6TKZ8,46731.A0A3M6TL27,46731.A0A3M6TLW2,46731.A0A3M6TMP8,46731.A0A3M6TNN2,46731.A0A3M6TP49,46731.A0A3M6TPW2,46731.A0A3M6TTL3,46731.A0A3M6TW28,46731.A0A3M6U1I7,46731.A0A3M6U476,46731.A0A3M6U9P5,46731.A0A3M6U9R5,46731.A0A3M6UD30,46731.A0A3M6UIB2,46731.A0A3M6UID9,46731.A0A3M6UK08,46731.A0A3M6UMU5,46731.A0A3M6UTW3,46731.A0A3M6UTX3,46731.A0A3M6UXZ1,46731.A0A3M6UYS8	pdam_00008984,pdam_00011395,pdam_00012840,pdam_00006596,pdam_00003401,pdam_00007156,pdam_00008682,pdam_00013236,pdam_00012769,pdam_00012263,pdam_00001292,pdam_00001342,pdam_00004931,pdam_00013372,pdam_00001763,pdam_00006876,pdam_00014944,pdam_00009208,pdam_00008410,pdam_00002205,pdam_00015211,pdam_00004788,pdam_00006936,pdam_00024289,pdam_00014264,pdam_00014262,pdam_00010727,pdam_00012710,pdam_00018048,pdam_00008253,pdam_00020103,pdam_00010794
GO Process	GO:0031328	Positive regulation of cellular biosynthetic process	19	524	0.5	0.55	0.0015	46731.A0A3M6T5Y0,46731.A0A3M6T7D4,46731.A0A3M6T8R9,46731.A0A3M6TIG2,46731.A0A3M6TLW2,46731.A0A3M6TLW4,46731.A0A3M6TPN3,46731.A0A3M6TU70,46731.A0A3M6TVU3,46731.A0A3M6TWG7,46731.A0A3M6TYA4,46731.A0A3M6U001,46731.A0A3M6U6Z0,46731.A0A3M6UEH8,46731.A0A3M6UF22,46731.A0A3M6UHG6,46731.A0A3M6UK08,46731.A0A3M6UNC3,46731.A0A3M6V0P4	pdam_00023829,pdam_00011395,pdam_00006596,pdam_00013236,pdam_00004931,pdam_00011619,pdam_00014959,pdam_00018186,pdam_00015716,pdam_00013096,pdam_00000589,pdam_00011918,pdam_00018217,pdam_00019064,pdam_00003766,pdam_00018880,pdam_00010727,pdam_00007428,pdam_00015653
GO Process	GO:0045944	Positive regulation of transcription by RNA polymerase II	14	299	0.61	0.59	0.0015	46731.A0A3M6T8R9,46731.A0A3M6TIG2,46731.A0A3M6TLW2,46731.A0A3M6TLW4,46731.A0A3M6TPN3,46731.A0A3M6TVU3,46731.A0A3M6TWG7,46731.A0A3M6U6Z0,46731.A0A3M6UEH8,46731.A0A3M6UF22,46731.A0A3M6UHG6,46731.A0A3M6UK08,46731.A0A3M6UNC3,46731.A0A3M6V0P4	pdam_00006596,pdam_00013236,pdam_00004931,pdam_00011619,pdam_00014959,pdam_00015716,pdam_00013096,pdam_00018217,pdam_00019064,pdam_00003766,pdam_00018880,pdam_00010727,pdam_00007428,pdam_00015653
GO Process	GO:0045935	Positive regulation of nucleobase-containing compound metabolic process	20	578	0.48	0.54	0.0017	46731.A0A3M6T5Y0,46731.A0A3M6T8R9,46731.A0A3M6TIG2,46731.A0A3M6TKM6,46731.A0A3M6TLW2,46731.A0A3M6TLW4,46731.A0A3M6TPN3,46731.A0A3M6TU70,46731.A0A3M6TVU3,46731.A0A3M6TW24,46731.A0A3M6TWG7,46731.A0A3M6U001,46731.A0A3M6U1V1,46731.A0A3M6U6Z0,46731.A0A3M6UEH8,46731.A0A3M6UF22,46731.A0A3M6UHG6,46731.A0A3M6UK08,46731.A0A3M6UNC3,46731.A0A3M6V0P4	pdam_00023829,pdam_00006596,pdam_00013236,pdam_00006627,pdam_00004931,pdam_00011619,pdam_00014959,pdam_00018186,pdam_00015716,pdam_00013095,pdam_00013096,pdam_00011918,pdam_00002115,pdam_00018217,pdam_00019064,pdam_00003766,pdam_00018880,pdam_00010727,pdam_00007428,pdam_00015653
GO Process	GO:0044249	Cellular biosynthetic process	34	1365	0.34	0.47	0.0022	46731.A0A3M6T603,46731.A0A3M6T850,46731.A0A3M6T859,46731.A0A3M6T8K9,46731.A0A3M6T8R9,46731.A0A3M6TA69,46731.A0A3M6TE10,46731.A0A3M6TFV3,46731.A0A3M6TFY6,46731.A0A3M6TG89,46731.A0A3M6TIG2,46731.A0A3M6TKZ8,46731.A0A3M6TL27,46731.A0A3M6TLW2,46731.A0A3M6TMP8,46731.A0A3M6TPW2,46731.A0A3M6TQS7,46731.A0A3M6TSS3,46731.A0A3M6TTM3,46731.A0A3M6TU90,46731.A0A3M6TW28,46731.A0A3M6TXW0,46731.A0A3M6U1I7,46731.A0A3M6U3B9,46731.A0A3M6U6Y6,46731.A0A3M6UGA4,46731.A0A3M6UH46,46731.A0A3M6UK08,46731.A0A3M6UMU5,46731.A0A3M6UNF4,46731.A0A3M6UPR6,46731.A0A3M6UTW3,46731.A0A3M6UTX3,46731.A0A3M6UUW7	pdam_00008984,pdam_00012832,pdam_00012840,pdam_00006598,pdam_00006596,pdam_00003354,pdam_00008075,pdam_00008682,pdam_00008718,pdam_00009478,pdam_00013236,pdam_00001292,pdam_00001342,pdam_00004931,pdam_00013372,pdam_00014944,pdam_00019503,pdam_00010068,pdam_00009205,pdam_00012559,pdam_00008410,pdam_00000668,pdam_00002205,pdam_00015371,pdam_00015309,pdam_00004238,pdam_00011345,pdam_00010727,pdam_00012710,pdam_00021809,pdam_00018733,pdam_00018048,pdam_00008253,pdam_00020974
GO Process	GO:0045893	Positive regulation of transcription, DNA-templated	17	453	0.51	0.52	0.0025	46731.A0A3M6T5Y0,46731.A0A3M6T8R9,46731.A0A3M6TIG2,46731.A0A3M6TLW2,46731.A0A3M6TLW4,46731.A0A3M6TPN3,46731.A0A3M6TU70,46731.A0A3M6TVU3,46731.A0A3M6TWG7,46731.A0A3M6U001,46731.A0A3M6U6Z0,46731.A0A3M6UEH8,46731.A0A3M6UF22,46731.A0A3M6UHG6,46731.A0A3M6UK08,46731.A0A3M6UNC3,46731.A0A3M6V0P4	pdam_00023829,pdam_00006596,pdam_00013236,pdam_00004931,pdam_00011619,pdam_00014959,pdam_00018186,pdam_00015716,pdam_00013096,pdam_00011918,pdam_00018217,pdam_00019064,pdam_00003766,pdam_00018880,pdam_00010727,pdam_00007428,pdam_00015653
GO Process	GO:0009893	Positive regulation of metabolic process	31	1214	0.35	0.46	0.0030	46731.A0A3M6T5Y0,46731.A0A3M6T7D4,46731.A0A3M6T8R9,46731.A0A3M6TBY4,46731.A0A3M6TIG2,46731.A0A3M6TJN8,46731.A0A3M6TKM6,46731.A0A3M6TLW2,46731.A0A3M6TLW4,46731.A0A3M6TPN3,46731.A0A3M6TR41,46731.A0A3M6TRM3,46731.A0A3M6TS67,46731.A0A3M6TSS3,46731.A0A3M6TU70,46731.A0A3M6TVU3,46731.A0A3M6TW24,46731.A0A3M6TWG7,46731.A0A3M6TYA4,46731.A0A3M6U001,46731.A0A3M6U1V1,46731.A0A3M6U2U8,46731.A0A3M6U6Z0,46731.A0A3M6UEH8,46731.A0A3M6UF22,46731.A0A3M6UHG6,46731.A0A3M6UK08,46731.A0A3M6ULW6,46731.A0A3M6UNC3,46731.A0A3M6V0P4,46731.A0A3M6V2C8	pdam_00023829,pdam_00011395,pdam_00006596,pdam_00016757,pdam_00013236,pdam_00008902,pdam_00006627,pdam_00004931,pdam_00011619,pdam_00014959,pdam_00017047,pdam_00017576,pdam_00005262,pdam_00010068,pdam_00018186,pdam_00015716,pdam_00013095,pdam_00013096,pdam_00000589,pdam_00011918,pdam_00002115,pdam_00005338,pdam_00018217,pdam_00019064,pdam_00003766,pdam_00018880,pdam_00010727,pdam_00009309,pdam_00007428,pdam_00015653,pdam_00019018
GO Process	GO:0010557	Positive regulation of macromolecule biosynthetic process	18	516	0.48	0.49	0.0034	46731.A0A3M6T5Y0,46731.A0A3M6T7D4,46731.A0A3M6T8R9,46731.A0A3M6TIG2,46731.A0A3M6TLW2,46731.A0A3M6TLW4,46731.A0A3M6TPN3,46731.A0A3M6TU70,46731.A0A3M6TVU3,46731.A0A3M6TWG7,46731.A0A3M6U001,46731.A0A3M6U6Z0,46731.A0A3M6UEH8,46731.A0A3M6UF22,46731.A0A3M6UHG6,46731.A0A3M6UK08,46731.A0A3M6UNC3,46731.A0A3M6V0P4	pdam_00023829,pdam_00011395,pdam_00006596,pdam_00013236,pdam_00004931,pdam_00011619,pdam_00014959,pdam_00018186,pdam_00015716,pdam_00013096,pdam_00011918,pdam_00018217,pdam_00019064,pdam_00003766,pdam_00018880,pdam_00010727,pdam_00007428,pdam_00015653
GO Process	GO:0051252	Regulation of RNA metabolic process	35	1472	0.32	0.43	0.0037	46731.A0A3M6T5Y0,46731.A0A3M6T8R9,46731.A0A3M6TBS6,46731.A0A3M6TEY2,46731.A0A3M6TFV3,46731.A0A3M6TIG2,46731.A0A3M6TKM6,46731.A0A3M6TLW2,46731.A0A3M6TLW4,46731.A0A3M6TPN3,46731.A0A3M6TR41,46731.A0A3M6TTW5,46731.A0A3M6TU70,46731.A0A3M6TV28,46731.A0A3M6TVU3,46731.A0A3M6TW24,46731.A0A3M6TWG7,46731.A0A3M6U001,46731.A0A3M6U1V1,46731.A0A3M6U6U8,46731.A0A3M6U6Z0,46731.A0A3M6U718,46731.A0A3M6UEH8,46731.A0A3M6UF22,46731.A0A3M6UHC0,46731.A0A3M6UHG6,46731.A0A3M6UHU7,46731.A0A3M6UIG3,46731.A0A3M6UK08,46731.A0A3M6UNC3,46731.A0A3M6UTH3,46731.A0A3M6UVI4,46731.A0A3M6UZ57,46731.A0A3M6V0P4,46731.A0A3M6V2I4	pdam_00023829,pdam_00006596,pdam_00016758,pdam_00007156,pdam_00008682,pdam_00013236,pdam_00006627,pdam_00004931,pdam_00011619,pdam_00014959,pdam_00017047,pdam_00009296,pdam_00018186,pdam_00021091,pdam_00015716,pdam_00013095,pdam_00013096,pdam_00011918,pdam_00002115,pdam_00011230,pdam_00018217,pdam_00015311,pdam_00019064,pdam_00003766,pdam_00014588,pdam_00018880,pdam_00016519,pdam_00017068,pdam_00010727,pdam_00007428,pdam_00011066,pdam_00005000,pdam_00014634,pdam_00015653,pdam_00010125
GO Process	GO:0048519	Negative regulation of biological process	35	1477	0.31	0.43	0.0039	46731.A0A3M6T5Y0,46731.A0A3M6TCC2,46731.A0A3M6TE62,46731.A0A3M6TEY2,46731.A0A3M6TFV3,46731.A0A3M6TKM6,46731.A0A3M6TPV9,46731.A0A3M6TQS7,46731.A0A3M6TR41,46731.A0A3M6TRM3,46731.A0A3M6TS23,46731.A0A3M6TSS3,46731.A0A3M6TSZ0,46731.A0A3M6TU70,46731.A0A3M6TW24,46731.A0A3M6U001,46731.A0A3M6U718,46731.A0A3M6U857,46731.A0A3M6U9P5,46731.A0A3M6UAD9,46731.A0A3M6UF22,46731.A0A3M6UGJ6,46731.A0A3M6UHC0,46731.A0A3M6UHU7,46731.A0A3M6UJ45,46731.A0A3M6UK08,46731.A0A3M6UNE3,46731.A0A3M6UR13,46731.A0A3M6USJ7,46731.A0A3M6UTD1,46731.A0A3M6UU20,46731.A0A3M6UVI4,46731.A0A3M6UYS8,46731.A0A3M6V2C8,46731.A0A3M6V4G4	pdam_00023829,pdam_00021861,pdam_00003995,pdam_00007156,pdam_00008682,pdam_00006627,pdam_00001877,pdam_00019503,pdam_00017047,pdam_00017576,pdam_00002539,pdam_00010068,pdam_00006080,pdam_00018186,pdam_00013095,pdam_00011918,pdam_00015311,pdam_00008585,pdam_00004788,pdam_00008754,pdam_00003766,pdam_00012222,pdam_00014588,pdam_00016519,pdam_00000445,pdam_00010727,pdam_00007411,pdam_00012107,pdam_00002414,pdam_00021970,pdam_00008238,pdam_00005000,pdam_00010794,pdam_00019018,pdam_00007786
GO Process	GO:0044260	Cellular macromolecule metabolic process	39	1730	0.29	0.42	0.0040	46731.A0A3M6T4I7,46731.A0A3M6T603,46731.A0A3M6T859,46731.A0A3M6T8R9,46731.A0A3M6TA69,46731.A0A3M6TFV3,46731.A0A3M6TKM6,46731.A0A3M6TL27,46731.A0A3M6TLW4,46731.A0A3M6TMP8,46731.A0A3M6TQS7,46731.A0A3M6TQX8,46731.A0A3M6TR41,46731.A0A3M6TTM3,46731.A0A3M6TVU3,46731.A0A3M6TW24,46731.A0A3M6TW28,46731.A0A3M6TWG7,46731.A0A3M6TXW0,46731.A0A3M6U1V1,46731.A0A3M6U476,46731.A0A3M6U6Y6,46731.A0A3M6UCV6,46731.A0A3M6UEQ9,46731.A0A3M6UFV2,46731.A0A3M6UFX3,46731.A0A3M6UHW5,46731.A0A3M6UJ20,46731.A0A3M6UMU5,46731.A0A3M6UP13,46731.A0A3M6UPY5,46731.A0A3M6URP1,46731.A0A3M6USN2,46731.A0A3M6UTH3,46731.A0A3M6UTW3,46731.A0A3M6UYI8,46731.A0A3M6V3Y5,46731.A0A3M6V6P4,46731.A0A3M6VAZ3	pdam_00022847,pdam_00008984,pdam_00012840,pdam_00006596,pdam_00003354,pdam_00008682,pdam_00006627,pdam_00001342,pdam_00011619,pdam_00013372,pdam_00019503,pdam_00006368,pdam_00017047,pdam_00009205,pdam_00015716,pdam_00013095,pdam_00008410,pdam_00013096,pdam_00000668,pdam_00002115,pdam_00015211,pdam_00015309,pdam_00004698,pdam_00003724,pdam_00019791,pdam_00019787,pdam_00020612,pdam_00000339,pdam_00012710,pdam_00019360,pdam_00016049,pdam_00004456,pdam_00002392,pdam_00011066,pdam_00018048,pdam_00009513,pdam_00001408,pdam_00013732,pdam_00003555
GO Process	GO:1901576	Organic substance biosynthetic process	34	1419	0.32	0.43	0.0040	46731.A0A3M6T603,46731.A0A3M6T850,46731.A0A3M6T859,46731.A0A3M6T8K9,46731.A0A3M6T8R9,46731.A0A3M6TA69,46731.A0A3M6TE10,46731.A0A3M6TFV3,46731.A0A3M6TFY6,46731.A0A3M6TG89,46731.A0A3M6TIG2,46731.A0A3M6TKZ8,46731.A0A3M6TL27,46731.A0A3M6TLW2,46731.A0A3M6TMP8,46731.A0A3M6TPW2,46731.A0A3M6TQS7,46731.A0A3M6TSS3,46731.A0A3M6TTM3,46731.A0A3M6TU90,46731.A0A3M6TW28,46731.A0A3M6TXW0,46731.A0A3M6U1I7,46731.A0A3M6U3B9,46731.A0A3M6U6Y6,46731.A0A3M6UGA4,46731.A0A3M6UH46,46731.A0A3M6UK08,46731.A0A3M6UMU5,46731.A0A3M6UNF4,46731.A0A3M6UPR6,46731.A0A3M6UTW3,46731.A0A3M6UTX3,46731.A0A3M6UUW7	pdam_00008984,pdam_00012832,pdam_00012840,pdam_00006598,pdam_00006596,pdam_00003354,pdam_00008075,pdam_00008682,pdam_00008718,pdam_00009478,pdam_00013236,pdam_00001292,pdam_00001342,pdam_00004931,pdam_00013372,pdam_00014944,pdam_00019503,pdam_00010068,pdam_00009205,pdam_00012559,pdam_00008410,pdam_00000668,pdam_00002205,pdam_00015371,pdam_00015309,pdam_00004238,pdam_00011345,pdam_00010727,pdam_00012710,pdam_00021809,pdam_00018733,pdam_00018048,pdam_00008253,pdam_00020974
GO Process	GO:0048878	Chemical homeostasis	13	302	0.57	0.49	0.0050	46731.A0A3M6T7G3,46731.A0A3M6T7K0,46731.A0A3M6TR17,46731.A0A3M6TS23,46731.A0A3M6TSZ0,46731.A0A3M6TT97,46731.A0A3M6UAD5,46731.A0A3M6UGJ6,46731.A0A3M6UH92,46731.A0A3M6UPR6,46731.A0A3M6UXV6,46731.A0A3M6UYS8,46731.A0A3M6V2C8	pdam_00023611,pdam_00023608,pdam_00006345,pdam_00002539,pdam_00006080,pdam_00006037,pdam_00009664,pdam_00012222,pdam_00022876,pdam_00018733,pdam_00000205,pdam_00010794,pdam_00019018
GO Process	GO:0010468	Regulation of gene expression	42	1952	0.27	0.4	0.0054	46731.A0A3M6T5Y0,46731.A0A3M6T603,46731.A0A3M6T7D4,46731.A0A3M6T859,46731.A0A3M6T8R9,46731.A0A3M6TBS6,46731.A0A3M6TBY4,46731.A0A3M6TEY2,46731.A0A3M6TIG2,46731.A0A3M6TJN8,46731.A0A3M6TKM6,46731.A0A3M6TLW2,46731.A0A3M6TLW4,46731.A0A3M6TPN3,46731.A0A3M6TR41,46731.A0A3M6TSS3,46731.A0A3M6TTW5,46731.A0A3M6TU70,46731.A0A3M6TV28,46731.A0A3M6TVU3,46731.A0A3M6TW24,46731.A0A3M6TWG7,46731.A0A3M6U001,46731.A0A3M6U1V1,46731.A0A3M6U6U8,46731.A0A3M6U6Z0,46731.A0A3M6U718,46731.A0A3M6UEH8,46731.A0A3M6UF22,46731.A0A3M6UHC0,46731.A0A3M6UHG6,46731.A0A3M6UHU7,46731.A0A3M6UIB2,46731.A0A3M6UIG3,46731.A0A3M6UK08,46731.A0A3M6UMU5,46731.A0A3M6UNC3,46731.A0A3M6UTH3,46731.A0A3M6UVI4,46731.A0A3M6UZ57,46731.A0A3M6V0P4,46731.A0A3M6V2I4	pdam_00023829,pdam_00008984,pdam_00011395,pdam_00012840,pdam_00006596,pdam_00016758,pdam_00016757,pdam_00007156,pdam_00013236,pdam_00008902,pdam_00006627,pdam_00004931,pdam_00011619,pdam_00014959,pdam_00017047,pdam_00010068,pdam_00009296,pdam_00018186,pdam_00021091,pdam_00015716,pdam_00013095,pdam_00013096,pdam_00011918,pdam_00002115,pdam_00011230,pdam_00018217,pdam_00015311,pdam_00019064,pdam_00003766,pdam_00014588,pdam_00018880,pdam_00016519,pdam_00014264,pdam_00017068,pdam_00010727,pdam_00012710,pdam_00007428,pdam_00011066,pdam_00005000,pdam_00014634,pdam_00015653,pdam_00010125
GO Process	GO:0031325	Positive regulation of cellular metabolic process	27	1041	0.35	0.42	0.0066	46731.A0A3M6T5Y0,46731.A0A3M6T7D4,46731.A0A3M6T8R9,46731.A0A3M6TBY4,46731.A0A3M6TIG2,46731.A0A3M6TKM6,46731.A0A3M6TLW2,46731.A0A3M6TLW4,46731.A0A3M6TPN3,46731.A0A3M6TRM3,46731.A0A3M6TSS3,46731.A0A3M6TU70,46731.A0A3M6TVU3,46731.A0A3M6TW24,46731.A0A3M6TWG7,46731.A0A3M6TYA4,46731.A0A3M6U001,46731.A0A3M6U1V1,46731.A0A3M6U2U8,46731.A0A3M6U6Z0,46731.A0A3M6UEH8,46731.A0A3M6UF22,46731.A0A3M6UHG6,46731.A0A3M6UK08,46731.A0A3M6ULW6,46731.A0A3M6UNC3,46731.A0A3M6V0P4	pdam_00023829,pdam_00011395,pdam_00006596,pdam_00016757,pdam_00013236,pdam_00006627,pdam_00004931,pdam_00011619,pdam_00014959,pdam_00017576,pdam_00010068,pdam_00018186,pdam_00015716,pdam_00013095,pdam_00013096,pdam_00000589,pdam_00011918,pdam_00002115,pdam_00005338,pdam_00018217,pdam_00019064,pdam_00003766,pdam_00018880,pdam_00010727,pdam_00009309,pdam_00007428,pdam_00015653
GO Process	GO:0034248	Regulation of cellular amide metabolic process	11	232	0.62	0.47	0.0077	46731.A0A3M6T603,46731.A0A3M6T7D4,46731.A0A3M6T859,46731.A0A3M6TEY2,46731.A0A3M6TKM6,46731.A0A3M6TSS3,46731.A0A3M6TW24,46731.A0A3M6TYA4,46731.A0A3M6UIB2,46731.A0A3M6UIG3,46731.A0A3M6UMU5	pdam_00008984,pdam_00011395,pdam_00012840,pdam_00007156,pdam_00006627,pdam_00010068,pdam_00013095,pdam_00000589,pdam_00014264,pdam_00017068,pdam_00012710
GO Process	GO:0051246	Regulation of protein metabolic process	22	774	0.39	0.41	0.0082	46731.A0A3M6T603,46731.A0A3M6T7D4,46731.A0A3M6T859,46731.A0A3M6T8I4,46731.A0A3M6TEY2,46731.A0A3M6TKM6,46731.A0A3M6TLW4,46731.A0A3M6TPV9,46731.A0A3M6TRM3,46731.A0A3M6TS67,46731.A0A3M6TSS3,46731.A0A3M6TU70,46731.A0A3M6TW24,46731.A0A3M6UF48,46731.A0A3M6UIB2,46731.A0A3M6UIG3,46731.A0A3M6ULW6,46731.A0A3M6UMU5,46731.A0A3M6USJ7,46731.A0A3M6UVI4,46731.A0A3M6V2C8,46731.A0A3M6V2I4	pdam_00008984,pdam_00011395,pdam_00012840,pdam_00023012,pdam_00007156,pdam_00006627,pdam_00011619,pdam_00001877,pdam_00017576,pdam_00005262,pdam_00010068,pdam_00018186,pdam_00013095,pdam_00007954,pdam_00014264,pdam_00017068,pdam_00009309,pdam_00012710,pdam_00002414,pdam_00005000,pdam_00019018,pdam_00010125
GO Process	GO:0050801	Ion homeostasis	11	237	0.61	0.46	0.0087	46731.A0A3M6T7G3,46731.A0A3M6T7K0,46731.A0A3M6TR17,46731.A0A3M6TT97,46731.A0A3M6UAD5,46731.A0A3M6UGJ6,46731.A0A3M6UH92,46731.A0A3M6UPR6,46731.A0A3M6UXV6,46731.A0A3M6UYS8,46731.A0A3M6V2C8	pdam_00023611,pdam_00023608,pdam_00006345,pdam_00006037,pdam_00009664,pdam_00012222,pdam_00022876,pdam_00018733,pdam_00000205,pdam_00010794,pdam_00019018
GO Process	GO:0006793	Phosphorus metabolic process	30	1260	0.32	0.38	0.0108	46731.A0A3M6T7F8,46731.A0A3M6T850,46731.A0A3M6T8K9,46731.A0A3M6T8Z9,46731.A0A3M6TA59,46731.A0A3M6TA69,46731.A0A3M6TG89,46731.A0A3M6TJN8,46731.A0A3M6TLW2,46731.A0A3M6TPV9,46731.A0A3M6TSS3,46731.A0A3M6TU70,46731.A0A3M6TU90,46731.A0A3M6TUA7,46731.A0A3M6U0B6,46731.A0A3M6U2U8,46731.A0A3M6U3B9,46731.A0A3M6UED5,46731.A0A3M6UF48,46731.A0A3M6UH46,46731.A0A3M6UJ97,46731.A0A3M6UJA3,46731.A0A3M6UKN1,46731.A0A3M6ULW6,46731.A0A3M6UTD1,46731.A0A3M6UUW7,46731.A0A3M6UYC1,46731.A0A3M6UZ76,46731.A0A3M6V0I6,46731.A0A3M6V2Y7	pdam_00015452,pdam_00012832,pdam_00006598,pdam_00024990,pdam_00003362,pdam_00003354,pdam_00009478,pdam_00008902,pdam_00004931,pdam_00001877,pdam_00010068,pdam_00018186,pdam_00012559,pdam_00021506,pdam_00021756,pdam_00005338,pdam_00015371,pdam_00003762,pdam_00007954,pdam_00011345,pdam_00000454,pdam_00000409,pdam_00012133,pdam_00009309,pdam_00021970,pdam_00020974,pdam_00006435,pdam_00014609,pdam_00015654,pdam_00009090
GO Process	GO:0046483	Heterocycle metabolic process	38	1771	0.27	0.36	0.0116	46731.A0A3M6T7D4,46731.A0A3M6T859,46731.A0A3M6T8R9,46731.A0A3M6TA69,46731.A0A3M6TEY2,46731.A0A3M6TG89,46731.A0A3M6TIG2,46731.A0A3M6TIW2,46731.A0A3M6TJ99,46731.A0A3M6TKM6,46731.A0A3M6TKZ8,46731.A0A3M6TLW2,46731.A0A3M6TLW4,46731.A0A3M6TNN2,46731.A0A3M6TP49,46731.A0A3M6TPW2,46731.A0A3M6TQS7,46731.A0A3M6TR41,46731.A0A3M6TU90,46731.A0A3M6TW24,46731.A0A3M6U1I7,46731.A0A3M6U476,46731.A0A3M6U9P5,46731.A0A3M6U9R5,46731.A0A3M6UCV6,46731.A0A3M6UF48,46731.A0A3M6UFX3,46731.A0A3M6UH46,46731.A0A3M6UHW5,46731.A0A3M6UK08,46731.A0A3M6URP1,46731.A0A3M6UTH3,46731.A0A3M6UTX3,46731.A0A3M6UUW7,46731.A0A3M6UXZ1,46731.A0A3M6UYI8,46731.A0A3M6UYS8,46731.A0A3M6V0I6	pdam_00011395,pdam_00012840,pdam_00006596,pdam_00003354,pdam_00007156,pdam_00009478,pdam_00013236,pdam_00012769,pdam_00012263,pdam_00006627,pdam_00001292,pdam_00004931,pdam_00011619,pdam_00001763,pdam_00006876,pdam_00014944,pdam_00019503,pdam_00017047,pdam_00012559,pdam_00013095,pdam_00002205,pdam_00015211,pdam_00004788,pdam_00006936,pdam_00004698,pdam_00007954,pdam_00019787,pdam_00011345,pdam_00020612,pdam_00010727,pdam_00004456,pdam_00011066,pdam_00008253,pdam_00020974,pdam_00020103,pdam_00009513,pdam_00010794,pdam_00015654
GO Process	GO:0071705	Nitrogen compound transport	22	810	0.37	0.37	0.0143	46731.A0A3M6T8G2,46731.A0A3M6TAC9,46731.A0A3M6TE18,46731.A0A3M6TG93,46731.A0A3M6TM07,46731.A0A3M6TR41,46731.A0A3M6TSY9,46731.A0A3M6TZ44,46731.A0A3M6U8I0,46731.A0A3M6U9S4,46731.A0A3M6UD30,46731.A0A3M6UFT1,46731.A0A3M6UFV2,46731.A0A3M6UIB2,46731.A0A3M6UID9,46731.A0A3M6UM44,46731.A0A3M6USP0,46731.A0A3M6UU20,46731.A0A3M6UU80,46731.A0A3M6UV95,46731.A0A3M6V2M9,46731.A0A3M6V835	pdam_00016618,pdam_00003413,pdam_00003991,pdam_00008704,pdam_00004865,pdam_00017047,pdam_00002746,pdam_00012402,pdam_00009107,pdam_00004802,pdam_00024289,pdam_00013790,pdam_00019791,pdam_00014264,pdam_00014262,pdam_00014102,pdam_00002348,pdam_00008238,pdam_00017945,pdam_00005769,pdam_00010115,pdam_00021291
GO Process	GO:0006473	Protein acetylation	6	72	0.86	0.45	0.0159	46731.A0A3M6T5Y0,46731.A0A3M6TLW4,46731.A0A3M6TSS3,46731.A0A3M6TTL3,46731.A0A3M6UNC3,46731.A0A3M6V2I4	pdam_00023829,pdam_00011619,pdam_00010068,pdam_00009208,pdam_00007428,pdam_00010125
GO Process	GO:0042592	Homeostatic process	14	397	0.49	0.39	0.0169	46731.A0A3M6T7G3,46731.A0A3M6T7K0,46731.A0A3M6TG32,46731.A0A3M6TR17,46731.A0A3M6TS23,46731.A0A3M6TSZ0,46731.A0A3M6TT97,46731.A0A3M6UAD5,46731.A0A3M6UGJ6,46731.A0A3M6UH92,46731.A0A3M6UPR6,46731.A0A3M6UXV6,46731.A0A3M6UYS8,46731.A0A3M6V2C8	pdam_00023611,pdam_00023608,pdam_00008709,pdam_00006345,pdam_00002539,pdam_00006080,pdam_00006037,pdam_00009664,pdam_00012222,pdam_00022876,pdam_00018733,pdam_00000205,pdam_00010794,pdam_00019018
GO Process	GO:0006139	Nucleobase-containing compound metabolic process	36	1684	0.27	0.34	0.0174	46731.A0A3M6T7D4,46731.A0A3M6T859,46731.A0A3M6T8R9,46731.A0A3M6TA69,46731.A0A3M6TEY2,46731.A0A3M6TG89,46731.A0A3M6TIG2,46731.A0A3M6TIW2,46731.A0A3M6TJ99,46731.A0A3M6TKM6,46731.A0A3M6TKZ8,46731.A0A3M6TLW2,46731.A0A3M6TLW4,46731.A0A3M6TNN2,46731.A0A3M6TP49,46731.A0A3M6TPW2,46731.A0A3M6TQS7,46731.A0A3M6TR41,46731.A0A3M6TU90,46731.A0A3M6TW24,46731.A0A3M6U1I7,46731.A0A3M6U476,46731.A0A3M6U9P5,46731.A0A3M6U9R5,46731.A0A3M6UCV6,46731.A0A3M6UF48,46731.A0A3M6UFX3,46731.A0A3M6UHW5,46731.A0A3M6UK08,46731.A0A3M6URP1,46731.A0A3M6UTH3,46731.A0A3M6UUW7,46731.A0A3M6UXZ1,46731.A0A3M6UYI8,46731.A0A3M6UYS8,46731.A0A3M6V0I6	pdam_00011395,pdam_00012840,pdam_00006596,pdam_00003354,pdam_00007156,pdam_00009478,pdam_00013236,pdam_00012769,pdam_00012263,pdam_00006627,pdam_00001292,pdam_00004931,pdam_00011619,pdam_00001763,pdam_00006876,pdam_00014944,pdam_00019503,pdam_00017047,pdam_00012559,pdam_00013095,pdam_00002205,pdam_00015211,pdam_00004788,pdam_00006936,pdam_00004698,pdam_00007954,pdam_00019787,pdam_00020612,pdam_00010727,pdam_00004456,pdam_00011066,pdam_00020974,pdam_00020103,pdam_00009513,pdam_00010794,pdam_00015654
GO Process	GO:0016192	Vesicle-mediated transport	18	605	0.41	0.37	0.0174	46731.A0A3M6T7W5,46731.A0A3M6TB20,46731.A0A3M6TCC2,46731.A0A3M6TE18,46731.A0A3M6TG93,46731.A0A3M6TJT8,46731.A0A3M6TM07,46731.A0A3M6TPQ1,46731.A0A3M6TR41,46731.A0A3M6TZ44,46731.A0A3M6U4D0,46731.A0A3M6U8W0,46731.A0A3M6U9S4,46731.A0A3M6UFY0,46731.A0A3M6UY44,46731.A0A3M6UZN8,46731.A0A3M6V2M9,46731.A0A3M6V835	pdam_00011709,pdam_00008393,pdam_00021861,pdam_00003991,pdam_00008704,pdam_00019853,pdam_00004865,pdam_00014568,pdam_00017047,pdam_00012402,pdam_00015203,pdam_00002839,pdam_00004802,pdam_00013782,pdam_00006460,pdam_00009779,pdam_00010115,pdam_00021291
GO Process	GO:0071702	Organic substance transport	25	999	0.34	0.35	0.0174	46731.A0A3M6T8G2,46731.A0A3M6TAC9,46731.A0A3M6TE18,46731.A0A3M6TG93,46731.A0A3M6TM07,46731.A0A3M6TR41,46731.A0A3M6TSY9,46731.A0A3M6TSZ0,46731.A0A3M6TZ44,46731.A0A3M6U8I0,46731.A0A3M6U9S4,46731.A0A3M6UD30,46731.A0A3M6UFT1,46731.A0A3M6UFV2,46731.A0A3M6UH92,46731.A0A3M6UIB2,46731.A0A3M6UID9,46731.A0A3M6UJE5,46731.A0A3M6UM44,46731.A0A3M6USP0,46731.A0A3M6UU20,46731.A0A3M6UU80,46731.A0A3M6UV95,46731.A0A3M6V2M9,46731.A0A3M6V835	pdam_00016618,pdam_00003413,pdam_00003991,pdam_00008704,pdam_00004865,pdam_00017047,pdam_00002746,pdam_00006080,pdam_00012402,pdam_00009107,pdam_00004802,pdam_00024289,pdam_00013790,pdam_00019791,pdam_00022876,pdam_00014264,pdam_00014262,pdam_00000479,pdam_00014102,pdam_00002348,pdam_00008238,pdam_00017945,pdam_00005769,pdam_00010115,pdam_00021291
GO Process	GO:0006796	Phosphate-containing compound metabolic process	29	1244	0.31	0.35	0.0175	46731.A0A3M6T7F8,46731.A0A3M6T850,46731.A0A3M6T8K9,46731.A0A3M6T8Z9,46731.A0A3M6TA59,46731.A0A3M6TG89,46731.A0A3M6TJN8,46731.A0A3M6TLW2,46731.A0A3M6TPV9,46731.A0A3M6TSS3,46731.A0A3M6TU70,46731.A0A3M6TU90,46731.A0A3M6TUA7,46731.A0A3M6U0B6,46731.A0A3M6U2U8,46731.A0A3M6U3B9,46731.A0A3M6UED5,46731.A0A3M6UF48,46731.A0A3M6UH46,46731.A0A3M6UJ97,46731.A0A3M6UJA3,46731.A0A3M6UKN1,46731.A0A3M6ULW6,46731.A0A3M6UTD1,46731.A0A3M6UUW7,46731.A0A3M6UYC1,46731.A0A3M6UZ76,46731.A0A3M6V0I6,46731.A0A3M6V2Y7	pdam_00015452,pdam_00012832,pdam_00006598,pdam_00024990,pdam_00003362,pdam_00009478,pdam_00008902,pdam_00004931,pdam_00001877,pdam_00010068,pdam_00018186,pdam_00012559,pdam_00021506,pdam_00021756,pdam_00005338,pdam_00015371,pdam_00003762,pdam_00007954,pdam_00011345,pdam_00000454,pdam_00000409,pdam_00012133,pdam_00009309,pdam_00021970,pdam_00020974,pdam_00006435,pdam_00014609,pdam_00015654,pdam_00009090
GO Process	GO:0031329	Regulation of cellular catabolic process	10	219	0.6	0.4	0.0175	46731.A0A3M6TE62,46731.A0A3M6TEY2,46731.A0A3M6TKM6,46731.A0A3M6TQS7,46731.A0A3M6TR41,46731.A0A3M6TV28,46731.A0A3M6TW24,46731.A0A3M6UIG3,46731.A0A3M6ULW6,46731.A0A3M6UVI4	pdam_00003995,pdam_00007156,pdam_00006627,pdam_00019503,pdam_00017047,pdam_00021091,pdam_00013095,pdam_00017068,pdam_00009309,pdam_00005000
GO Process	GO:0043244	Regulation of protein-containing complex disassembly	5	49	0.95	0.43	0.0199	46731.A0A3M6T5Y0,46731.A0A3M6TE62,46731.A0A3M6TSZ0,46731.A0A3M6U857,46731.A0A3M6UIB2	pdam_00023829,pdam_00003995,pdam_00006080,pdam_00008585,pdam_00014264
GO Process	GO:1901566	Organonitrogen compound biosynthetic process	23	895	0.35	0.35	0.0199	46731.A0A3M6T603,46731.A0A3M6T850,46731.A0A3M6T859,46731.A0A3M6T8K9,46731.A0A3M6TA69,46731.A0A3M6TE10,46731.A0A3M6TFV3,46731.A0A3M6TG89,46731.A0A3M6TL27,46731.A0A3M6TMP8,46731.A0A3M6TSS3,46731.A0A3M6TTM3,46731.A0A3M6TU90,46731.A0A3M6TW28,46731.A0A3M6TXW0,46731.A0A3M6U6Y6,46731.A0A3M6UGA4,46731.A0A3M6UH46,46731.A0A3M6UMU5,46731.A0A3M6UNF4,46731.A0A3M6UPR6,46731.A0A3M6UTW3,46731.A0A3M6UUW7	pdam_00008984,pdam_00012832,pdam_00012840,pdam_00006598,pdam_00003354,pdam_00008075,pdam_00008682,pdam_00009478,pdam_00001342,pdam_00013372,pdam_00010068,pdam_00009205,pdam_00012559,pdam_00008410,pdam_00000668,pdam_00015309,pdam_00004238,pdam_00011345,pdam_00012710,pdam_00021809,pdam_00018733,pdam_00018048,pdam_00020974
GO Process	GO:0032968	Positive regulation of transcription elongation from RNA polymerase II promoter	3	10	1.42	0.46	0.0204	46731.A0A3M6TIG2,46731.A0A3M6TLW2,46731.A0A3M6UK08	pdam_00013236,pdam_00004931,pdam_00010727
GO Process	GO:1901360	Organic cyclic compound metabolic process	39	1912	0.25	0.32	0.0218	46731.A0A3M6T7D4,46731.A0A3M6T859,46731.A0A3M6T8R9,46731.A0A3M6TA69,46731.A0A3M6TEY2,46731.A0A3M6TG89,46731.A0A3M6TIG2,46731.A0A3M6TIW2,46731.A0A3M6TJ99,46731.A0A3M6TKM6,46731.A0A3M6TKZ8,46731.A0A3M6TLW2,46731.A0A3M6TLW4,46731.A0A3M6TNN2,46731.A0A3M6TP49,46731.A0A3M6TPW2,46731.A0A3M6TQS7,46731.A0A3M6TR41,46731.A0A3M6TSZ0,46731.A0A3M6TU90,46731.A0A3M6TW24,46731.A0A3M6U1I7,46731.A0A3M6U476,46731.A0A3M6U9P5,46731.A0A3M6U9R5,46731.A0A3M6UCV6,46731.A0A3M6UF48,46731.A0A3M6UFX3,46731.A0A3M6UH46,46731.A0A3M6UHW5,46731.A0A3M6UK08,46731.A0A3M6URP1,46731.A0A3M6UTH3,46731.A0A3M6UTX3,46731.A0A3M6UUW7,46731.A0A3M6UXZ1,46731.A0A3M6UYI8,46731.A0A3M6UYS8,46731.A0A3M6V0I6	pdam_00011395,pdam_00012840,pdam_00006596,pdam_00003354,pdam_00007156,pdam_00009478,pdam_00013236,pdam_00012769,pdam_00012263,pdam_00006627,pdam_00001292,pdam_00004931,pdam_00011619,pdam_00001763,pdam_00006876,pdam_00014944,pdam_00019503,pdam_00017047,pdam_00006080,pdam_00012559,pdam_00013095,pdam_00002205,pdam_00015211,pdam_00004788,pdam_00006936,pdam_00004698,pdam_00007954,pdam_00019787,pdam_00011345,pdam_00020612,pdam_00010727,pdam_00004456,pdam_00011066,pdam_00008253,pdam_00020974,pdam_00020103,pdam_00009513,pdam_00010794,pdam_00015654
GO Process	GO:0055080	Cation homeostasis	10	228	0.58	0.38	0.0220	46731.A0A3M6T7G3,46731.A0A3M6T7K0,46731.A0A3M6TR17,46731.A0A3M6TT97,46731.A0A3M6UGJ6,46731.A0A3M6UH92,46731.A0A3M6UPR6,46731.A0A3M6UXV6,46731.A0A3M6UYS8,46731.A0A3M6V2C8	pdam_00023611,pdam_00023608,pdam_00006345,pdam_00006037,pdam_00012222,pdam_00022876,pdam_00018733,pdam_00000205,pdam_00010794,pdam_00019018
GO Process	GO:0006357	Regulation of transcription by RNA polymerase II	23	906	0.34	0.34	0.0221	46731.A0A3M6T5Y0,46731.A0A3M6T8R9,46731.A0A3M6TBS6,46731.A0A3M6TIG2,46731.A0A3M6TLW2,46731.A0A3M6TLW4,46731.A0A3M6TPN3,46731.A0A3M6TV28,46731.A0A3M6TVU3,46731.A0A3M6TWG7,46731.A0A3M6U001,46731.A0A3M6U6Z0,46731.A0A3M6UEH8,46731.A0A3M6UF22,46731.A0A3M6UHC0,46731.A0A3M6UHG6,46731.A0A3M6UHU7,46731.A0A3M6UK08,46731.A0A3M6UNC3,46731.A0A3M6UVI4,46731.A0A3M6UZ57,46731.A0A3M6V0P4,46731.A0A3M6V2I4	pdam_00023829,pdam_00006596,pdam_00016758,pdam_00013236,pdam_00004931,pdam_00011619,pdam_00014959,pdam_00021091,pdam_00015716,pdam_00013096,pdam_00011918,pdam_00018217,pdam_00019064,pdam_00003766,pdam_00014588,pdam_00018880,pdam_00016519,pdam_00010727,pdam_00007428,pdam_00005000,pdam_00014634,pdam_00015653,pdam_00010125
GO Process	GO:0016570	Histone modification	9	191	0.61	0.37	0.0253	46731.A0A3M6T5Y0,46731.A0A3M6TLW4,46731.A0A3M6TVU3,46731.A0A3M6TWG7,46731.A0A3M6U1V1,46731.A0A3M6UHU7,46731.A0A3M6UK08,46731.A0A3M6UNC3,46731.A0A3M6V2I4	pdam_00023829,pdam_00011619,pdam_00015716,pdam_00013096,pdam_00002115,pdam_00016519,pdam_00010727,pdam_00007428,pdam_00010125
GO Process	GO:0015031	Protein transport	17	580	0.41	0.34	0.0265	46731.A0A3M6T8G2,46731.A0A3M6TAC9,46731.A0A3M6TE18,46731.A0A3M6TG93,46731.A0A3M6TM07,46731.A0A3M6TR41,46731.A0A3M6TZ44,46731.A0A3M6U9S4,46731.A0A3M6UFT1,46731.A0A3M6UFV2,46731.A0A3M6UIB2,46731.A0A3M6UID9,46731.A0A3M6UM44,46731.A0A3M6USP0,46731.A0A3M6UV95,46731.A0A3M6V2M9,46731.A0A3M6V835	pdam_00016618,pdam_00003413,pdam_00003991,pdam_00008704,pdam_00004865,pdam_00017047,pdam_00012402,pdam_00004802,pdam_00013790,pdam_00019791,pdam_00014264,pdam_00014262,pdam_00014102,pdam_00002348,pdam_00005769,pdam_00010115,pdam_00021291
GO Process	GO:0018130	Heterocycle biosynthetic process	14	427	0.46	0.34	0.0284	46731.A0A3M6T8R9,46731.A0A3M6TA69,46731.A0A3M6TG89,46731.A0A3M6TIG2,46731.A0A3M6TKZ8,46731.A0A3M6TLW2,46731.A0A3M6TPW2,46731.A0A3M6TQS7,46731.A0A3M6TU90,46731.A0A3M6U1I7,46731.A0A3M6UH46,46731.A0A3M6UK08,46731.A0A3M6UTX3,46731.A0A3M6UUW7	pdam_00006596,pdam_00003354,pdam_00009478,pdam_00013236,pdam_00001292,pdam_00004931,pdam_00014944,pdam_00019503,pdam_00012559,pdam_00002205,pdam_00011345,pdam_00010727,pdam_00008253,pdam_00020974
GO Process	GO:0044248	Cellular catabolic process	24	990	0.32	0.32	0.0299	46731.A0A3M6T4I7,46731.A0A3M6T8K9,46731.A0A3M6TE62,46731.A0A3M6TG32,46731.A0A3M6TKM6,46731.A0A3M6TM07,46731.A0A3M6TPQ1,46731.A0A3M6TQX8,46731.A0A3M6TR41,46731.A0A3M6TW24,46731.A0A3M6UEQ9,46731.A0A3M6UFV2,46731.A0A3M6UIG3,46731.A0A3M6UIR6,46731.A0A3M6UJ20,46731.A0A3M6UJA3,46731.A0A3M6UP13,46731.A0A3M6UPR6,46731.A0A3M6UPY5,46731.A0A3M6USN2,46731.A0A3M6UUW7,46731.A0A3M6V2M9,46731.A0A3M6V6P4,46731.A0A3M6VAZ3	pdam_00022847,pdam_00006598,pdam_00003995,pdam_00008709,pdam_00006627,pdam_00004865,pdam_00014568,pdam_00006368,pdam_00017047,pdam_00013095,pdam_00003724,pdam_00019791,pdam_00017068,pdam_00004391,pdam_00000339,pdam_00000409,pdam_00019360,pdam_00018733,pdam_00016049,pdam_00002392,pdam_00020974,pdam_00010115,pdam_00013732,pdam_00003555
GO Process	GO:0043242	Negative regulation of protein-containing complex disassembly	4	31	1.05	0.39	0.0313	46731.A0A3M6T5Y0,46731.A0A3M6TE62,46731.A0A3M6TSZ0,46731.A0A3M6U857	pdam_00023829,pdam_00003995,pdam_00006080,pdam_00008585
GO Process	GO:0048583	Regulation of response to stimulus	24	994	0.32	0.31	0.0313	46731.A0A3M6T5Y0,46731.A0A3M6T859,46731.A0A3M6T8R9,46731.A0A3M6TE54,46731.A0A3M6TEY2,46731.A0A3M6TLW4,46731.A0A3M6TPV9,46731.A0A3M6TS23,46731.A0A3M6TSS3,46731.A0A3M6TTW5,46731.A0A3M6TU70,46731.A0A3M6U2U8,46731.A0A3M6UCC7,46731.A0A3M6UED5,46731.A0A3M6UF48,46731.A0A3M6UK08,46731.A0A3M6ULW6,46731.A0A3M6UNC3,46731.A0A3M6UPY5,46731.A0A3M6UTD1,46731.A0A3M6UU20,46731.A0A3M6UVI4,46731.A0A3M6UYS8,46731.A0A3M6V2C8	pdam_00023829,pdam_00012840,pdam_00006596,pdam_00004005,pdam_00007156,pdam_00011619,pdam_00001877,pdam_00002539,pdam_00010068,pdam_00009296,pdam_00018186,pdam_00005338,pdam_00020063,pdam_00003762,pdam_00007954,pdam_00010727,pdam_00009309,pdam_00007428,pdam_00016049,pdam_00021970,pdam_00008238,pdam_00005000,pdam_00010794,pdam_00019018
GO Process	GO:0009059	Macromolecule biosynthetic process	20	767	0.36	0.31	0.0349	46731.A0A3M6T603,46731.A0A3M6T859,46731.A0A3M6T8R9,46731.A0A3M6TA69,46731.A0A3M6TFV3,46731.A0A3M6TIG2,46731.A0A3M6TKZ8,46731.A0A3M6TL27,46731.A0A3M6TLW2,46731.A0A3M6TMP8,46731.A0A3M6TPW2,46731.A0A3M6TQS7,46731.A0A3M6TTM3,46731.A0A3M6TW28,46731.A0A3M6TXW0,46731.A0A3M6U1I7,46731.A0A3M6U6Y6,46731.A0A3M6UK08,46731.A0A3M6UMU5,46731.A0A3M6UTW3	pdam_00008984,pdam_00012840,pdam_00006596,pdam_00003354,pdam_00008682,pdam_00013236,pdam_00001292,pdam_00001342,pdam_00004931,pdam_00013372,pdam_00014944,pdam_00019503,pdam_00009205,pdam_00008410,pdam_00000668,pdam_00002205,pdam_00015309,pdam_00010727,pdam_00012710,pdam_00018048
GO Process	GO:0061013	Regulation of mRNA catabolic process	5	59	0.87	0.36	0.0380	46731.A0A3M6TEY2,46731.A0A3M6TKM6,46731.A0A3M6TR41,46731.A0A3M6TV28,46731.A0A3M6TW24	pdam_00007156,pdam_00006627,pdam_00017047,pdam_00021091,pdam_00013095
GO Process	GO:0006903	Vesicle targeting	3	14	1.27	0.37	0.0408	46731.A0A3M6TCC2,46731.A0A3M6TZ44,46731.A0A3M6V2M9	pdam_00021861,pdam_00012402,pdam_00010115
GO Process	GO:0010608	Post-transcriptional regulation of gene expression	10	254	0.53	0.32	0.0431	46731.A0A3M6T603,46731.A0A3M6T7D4,46731.A0A3M6T859,46731.A0A3M6TEY2,46731.A0A3M6TKM6,46731.A0A3M6TV28,46731.A0A3M6TW24,46731.A0A3M6UIB2,46731.A0A3M6UIG3,46731.A0A3M6UMU5	pdam_00008984,pdam_00011395,pdam_00012840,pdam_00007156,pdam_00006627,pdam_00021091,pdam_00013095,pdam_00014264,pdam_00017068,pdam_00012710
GO Process	GO:0043603	Cellular amide metabolic process	15	503	0.41	0.3	0.0431	46731.A0A3M6T603,46731.A0A3M6T859,46731.A0A3M6T8K9,46731.A0A3M6TA01,46731.A0A3M6TFV3,46731.A0A3M6TG32,46731.A0A3M6TL27,46731.A0A3M6TMP8,46731.A0A3M6TW28,46731.A0A3M6UID9,46731.A0A3M6UIR6,46731.A0A3M6UMU5,46731.A0A3M6UPR6,46731.A0A3M6UTW3,46731.A0A3M6V0I6	pdam_00008984,pdam_00012840,pdam_00006598,pdam_00003401,pdam_00008682,pdam_00008709,pdam_00001342,pdam_00013372,pdam_00008410,pdam_00014262,pdam_00004391,pdam_00012710,pdam_00018733,pdam_00018048,pdam_00015654
GO Process	GO:0006355	Regulation of transcription, DNA-templated	29	1339	0.28	0.28	0.0438	46731.A0A3M6T5Y0,46731.A0A3M6T8R9,46731.A0A3M6TBS6,46731.A0A3M6TIG2,46731.A0A3M6TKM6,46731.A0A3M6TLW2,46731.A0A3M6TLW4,46731.A0A3M6TPN3,46731.A0A3M6TTW5,46731.A0A3M6TU70,46731.A0A3M6TV28,46731.A0A3M6TVU3,46731.A0A3M6TWG7,46731.A0A3M6U001,46731.A0A3M6U1V1,46731.A0A3M6U6U8,46731.A0A3M6U6Z0,46731.A0A3M6U718,46731.A0A3M6UEH8,46731.A0A3M6UF22,46731.A0A3M6UHC0,46731.A0A3M6UHG6,46731.A0A3M6UHU7,46731.A0A3M6UK08,46731.A0A3M6UNC3,46731.A0A3M6UVI4,46731.A0A3M6UZ57,46731.A0A3M6V0P4,46731.A0A3M6V2I4	pdam_00023829,pdam_00006596,pdam_00016758,pdam_00013236,pdam_00006627,pdam_00004931,pdam_00011619,pdam_00014959,pdam_00009296,pdam_00018186,pdam_00021091,pdam_00015716,pdam_00013096,pdam_00011918,pdam_00002115,pdam_00011230,pdam_00018217,pdam_00015311,pdam_00019064,pdam_00003766,pdam_00014588,pdam_00018880,pdam_00016519,pdam_00010727,pdam_00007428,pdam_00005000,pdam_00014634,pdam_00015653,pdam_00010125
GO Process	GO:0031324	Negative regulation of cellular metabolic process	16	559	0.4	0.3	0.0438	46731.A0A3M6TCC2,46731.A0A3M6TE62,46731.A0A3M6TFV3,46731.A0A3M6TKM6,46731.A0A3M6TPV9,46731.A0A3M6TQS7,46731.A0A3M6TR41,46731.A0A3M6TW24,46731.A0A3M6U001,46731.A0A3M6U718,46731.A0A3M6U9P5,46731.A0A3M6UF22,46731.A0A3M6UHC0,46731.A0A3M6UHU7,46731.A0A3M6UK08,46731.A0A3M6UVI4	pdam_00021861,pdam_00003995,pdam_00008682,pdam_00006627,pdam_00001877,pdam_00019503,pdam_00017047,pdam_00013095,pdam_00011918,pdam_00015311,pdam_00004788,pdam_00003766,pdam_00014588,pdam_00016519,pdam_00010727,pdam_00005000
GO Process	GO:0090304	Nucleic acid metabolic process	30	1412	0.27	0.28	0.0444	46731.A0A3M6T7D4,46731.A0A3M6T859,46731.A0A3M6T8R9,46731.A0A3M6TEY2,46731.A0A3M6TIG2,46731.A0A3M6TIW2,46731.A0A3M6TJ99,46731.A0A3M6TKM6,46731.A0A3M6TKZ8,46731.A0A3M6TLW2,46731.A0A3M6TLW4,46731.A0A3M6TNN2,46731.A0A3M6TP49,46731.A0A3M6TPW2,46731.A0A3M6TQS7,46731.A0A3M6TR41,46731.A0A3M6TW24,46731.A0A3M6U1I7,46731.A0A3M6U476,46731.A0A3M6U9P5,46731.A0A3M6U9R5,46731.A0A3M6UCV6,46731.A0A3M6UFX3,46731.A0A3M6UHW5,46731.A0A3M6UK08,46731.A0A3M6URP1,46731.A0A3M6UTH3,46731.A0A3M6UXZ1,46731.A0A3M6UYI8,46731.A0A3M6UYS8	pdam_00011395,pdam_00012840,pdam_00006596,pdam_00007156,pdam_00013236,pdam_00012769,pdam_00012263,pdam_00006627,pdam_00001292,pdam_00004931,pdam_00011619,pdam_00001763,pdam_00006876,pdam_00014944,pdam_00019503,pdam_00017047,pdam_00013095,pdam_00002205,pdam_00015211,pdam_00004788,pdam_00006936,pdam_00004698,pdam_00019787,pdam_00020612,pdam_00010727,pdam_00004456,pdam_00011066,pdam_00020103,pdam_00009513,pdam_00010794
GO Function	GO:0005488	Binding	186	10210	0.2	0.73	1.23e-12	46731.A0A3M6T422,46731.A0A3M6T4E8,46731.A0A3M6T4I7,46731.A0A3M6T4P0,46731.A0A3M6T5Y0,46731.A0A3M6T603,46731.A0A3M6T6A4,46731.A0A3M6T771,46731.A0A3M6T791,46731.A0A3M6T7D4,46731.A0A3M6T859,46731.A0A3M6T8G2,46731.A0A3M6T8J9,46731.A0A3M6T8K3,46731.A0A3M6T8R9,46731.A0A3M6T8Z9,46731.A0A3M6TA15,46731.A0A3M6TA59,46731.A0A3M6TA69,46731.A0A3M6TA98,46731.A0A3M6TAC9,46731.A0A3M6TAG1,46731.A0A3M6TB20,46731.A0A3M6TBE9,46731.A0A3M6TBS6,46731.A0A3M6TCC2,46731.A0A3M6TCR8,46731.A0A3M6TE10,46731.A0A3M6TE18,46731.A0A3M6TE54,46731.A0A3M6TEH6,46731.A0A3M6TEV3,46731.A0A3M6TEY2,46731.A0A3M6TFV3,46731.A0A3M6TFZ0,46731.A0A3M6TG32,46731.A0A3M6TG89,46731.A0A3M6TG93,46731.A0A3M6TG98,46731.A0A3M6TI01,46731.A0A3M6TIG2,46731.A0A3M6TJ99,46731.A0A3M6TJE1,46731.A0A3M6TJN8,46731.A0A3M6TKJ3,46731.A0A3M6TKK7,46731.A0A3M6TKM6,46731.A0A3M6TKY8,46731.A0A3M6TKZ8,46731.A0A3M6TLR7,46731.A0A3M6TLW2,46731.A0A3M6TLW4,46731.A0A3M6TM07,46731.A0A3M6TMP8,46731.A0A3M6TNN2,46731.A0A3M6TNR5,46731.A0A3M6TP49,46731.A0A3M6TPN3,46731.A0A3M6TPV9,46731.A0A3M6TPW2,46731.A0A3M6TQS7,46731.A0A3M6TR17,46731.A0A3M6TR41,46731.A0A3M6TRK5,46731.A0A3M6TRM3,46731.A0A3M6TS23,46731.A0A3M6TS67,46731.A0A3M6TSS3,46731.A0A3M6TSZ0,46731.A0A3M6TTW5,46731.A0A3M6TU54,46731.A0A3M6TU70,46731.A0A3M6TU90,46731.A0A3M6TUA7,46731.A0A3M6TUV9,46731.A0A3M6TUX3,46731.A0A3M6TV28,46731.A0A3M6TVI9,46731.A0A3M6TVU3,46731.A0A3M6TW10,46731.A0A3M6TW24,46731.A0A3M6TWG7,46731.A0A3M6TXW0,46731.A0A3M6TYA4,46731.A0A3M6TZ44,46731.A0A3M6U0B6,46731.A0A3M6U0L4,46731.A0A3M6U1I7,46731.A0A3M6U1V1,46731.A0A3M6U240,46731.A0A3M6U2U8,46731.A0A3M6U375,46731.A0A3M6U379,46731.A0A3M6U4D0,46731.A0A3M6U4W1,46731.A0A3M6U6H3,46731.A0A3M6U6M4,46731.A0A3M6U6U8,46731.A0A3M6U6Y6,46731.A0A3M6U6Z0,46731.A0A3M6U718,46731.A0A3M6U7C6,46731.A0A3M6U7D5,46731.A0A3M6U857,46731.A0A3M6U8I8,46731.A0A3M6U8U6,46731.A0A3M6U9P5,46731.A0A3M6U9R5,46731.A0A3M6U9S4,46731.A0A3M6UA49,46731.A0A3M6UAD9,46731.A0A3M6UAJ1,46731.A0A3M6UCL3,46731.A0A3M6UCV6,46731.A0A3M6UD30,46731.A0A3M6UED5,46731.A0A3M6UEH8,46731.A0A3M6UEY3,46731.A0A3M6UF22,46731.A0A3M6UFT1,46731.A0A3M6UFV2,46731.A0A3M6UFX3,46731.A0A3M6UFY0,46731.A0A3M6UGA4,46731.A0A3M6UH46,46731.A0A3M6UH53,46731.A0A3M6UHC0,46731.A0A3M6UHG6,46731.A0A3M6UHW5,46731.A0A3M6UHY7,46731.A0A3M6UIB2,46731.A0A3M6UID9,46731.A0A3M6UIG3,46731.A0A3M6UIR4,46731.A0A3M6UJ45,46731.A0A3M6UJA3,46731.A0A3M6UJE5,46731.A0A3M6UJG5,46731.A0A3M6UK08,46731.A0A3M6UKN1,46731.A0A3M6UKW5,46731.A0A3M6ULV4,46731.A0A3M6ULW6,46731.A0A3M6UMU5,46731.A0A3M6UNC3,46731.A0A3M6UNE3,46731.A0A3M6UNF4,46731.A0A3M6UPH7,46731.A0A3M6UPN1,46731.A0A3M6UPR6,46731.A0A3M6UPY5,46731.A0A3M6UQB5,46731.A0A3M6UQJ9,46731.A0A3M6UR13,46731.A0A3M6URP1,46731.A0A3M6USJ7,46731.A0A3M6USP0,46731.A0A3M6UTD1,46731.A0A3M6UTH3,46731.A0A3M6UTW3,46731.A0A3M6UTX3,46731.A0A3M6UUW7,46731.A0A3M6UV88,46731.A0A3M6UV95,46731.A0A3M6UVI4,46731.A0A3M6UXB9,46731.A0A3M6UY44,46731.A0A3M6UYC1,46731.A0A3M6UYI8,46731.A0A3M6UYS8,46731.A0A3M6UZ57,46731.A0A3M6UZ63,46731.A0A3M6UZA8,46731.A0A3M6UZN8,46731.A0A3M6V0I6,46731.A0A3M6V0P4,46731.A0A3M6V1L8,46731.A0A3M6V2C8,46731.A0A3M6V2I4,46731.A0A3M6V2M9,46731.A0A3M6V3Y5,46731.A0A3M6V4G4,46731.A0A3M6V4J9,46731.A0A3M6V4Z0,46731.A0A3M6V835,46731.A0A3M6VAZ3	pdam_00010185,pdam_00010187,pdam_00022847,pdam_00003837,pdam_00023829,pdam_00008984,pdam_00001004,pdam_00023680,pdam_00023609,pdam_00011395,pdam_00012840,pdam_00016618,pdam_00004319,pdam_00004294,pdam_00006596,pdam_00024990,pdam_00003396,pdam_00003362,pdam_00003354,pdam_00005535,pdam_00003413,pdam_00003409,pdam_00008393,pdam_00005938,pdam_00016758,pdam_00021861,pdam_00017598,pdam_00008075,pdam_00003991,pdam_00004005,pdam_00008067,pdam_00022019,pdam_00007156,pdam_00008682,pdam_00008719,pdam_00008709,pdam_00009478,pdam_00008704,pdam_00009454,pdam_00011563,pdam_00013236,pdam_00012263,pdam_00016836,pdam_00008902,pdam_00012481,pdam_00012482,pdam_00006627,pdam_00001226,pdam_00001292,pdam_00009870,pdam_00004931,pdam_00011619,pdam_00004865,pdam_00013372,pdam_00001763,pdam_00001796,pdam_00006876,pdam_00014959,pdam_00001877,pdam_00014944,pdam_00019503,pdam_00006345,pdam_00017047,pdam_00022980,pdam_00017576,pdam_00002539,pdam_00005262,pdam_00010068,pdam_00006080,pdam_00009296,pdam_00012546,pdam_00018186,pdam_00012559,pdam_00021506,pdam_00023639,pdam_00021088,pdam_00021091,pdam_00015715,pdam_00015716,pdam_00023243,pdam_00013095,pdam_00013096,pdam_00000668,pdam_00000589,pdam_00012402,pdam_00021756,pdam_00022817,pdam_00002205,pdam_00002115,pdam_00013597,pdam_00005338,pdam_00002599,pdam_00002605,pdam_00015203,pdam_00001606,pdam_00005840,pdam_00013566,pdam_00011230,pdam_00015309,pdam_00018217,pdam_00015311,pdam_00003047,pdam_00017441,pdam_00008585,pdam_00016657,pdam_00023068,pdam_00004788,pdam_00006936,pdam_00004802,pdam_00025802,pdam_00008754,pdam_00009225,pdam_00012616,pdam_00004698,pdam_00024289,pdam_00003762,pdam_00019064,pdam_00004742,pdam_00003766,pdam_00013790,pdam_00019791,pdam_00019787,pdam_00013782,pdam_00004238,pdam_00011345,pdam_00018255,pdam_00014588,pdam_00018880,pdam_00020612,pdam_00015259,pdam_00014264,pdam_00014262,pdam_00017068,pdam_00004404,pdam_00000445,pdam_00000409,pdam_00000479,pdam_00000422,pdam_00010727,pdam_00012133,pdam_00021780,pdam_00022046,pdam_00009309,pdam_00012710,pdam_00007428,pdam_00007411,pdam_00021809,pdam_00022890,pdam_00001647,pdam_00018733,pdam_00016049,pdam_00001638,pdam_00001649,pdam_00012107,pdam_00004456,pdam_00002414,pdam_00002348,pdam_00021970,pdam_00011066,pdam_00018048,pdam_00008253,pdam_00020974,pdam_00025195,pdam_00005769,pdam_00005000,pdam_00000118,pdam_00006460,pdam_00006435,pdam_00009513,pdam_00010794,pdam_00014634,pdam_00014621,pdam_00018163,pdam_00009779,pdam_00015654,pdam_00015653,pdam_00015660,pdam_00019018,pdam_00010125,pdam_00010115,pdam_00001408,pdam_00007786,pdam_00003494,pdam_00003487,pdam_00021291,pdam_00003555
GO Function	GO:0005515	Protein binding	78	3422	0.3	0.67	1.83e-06	46731.A0A3M6T422,46731.A0A3M6T771,46731.A0A3M6T7D4,46731.A0A3M6T8G2,46731.A0A3M6T8K3,46731.A0A3M6T8R9,46731.A0A3M6TA69,46731.A0A3M6TAC9,46731.A0A3M6TCC2,46731.A0A3M6TCR8,46731.A0A3M6TE54,46731.A0A3M6TEV3,46731.A0A3M6TIG2,46731.A0A3M6TJE1,46731.A0A3M6TKM6,46731.A0A3M6TLW2,46731.A0A3M6TNR5,46731.A0A3M6TPN3,46731.A0A3M6TPV9,46731.A0A3M6TPW2,46731.A0A3M6TR41,46731.A0A3M6TSS3,46731.A0A3M6TSZ0,46731.A0A3M6TU54,46731.A0A3M6TU70,46731.A0A3M6TUX3,46731.A0A3M6TVU3,46731.A0A3M6TW10,46731.A0A3M6TYA4,46731.A0A3M6TZ44,46731.A0A3M6U0L4,46731.A0A3M6U2U8,46731.A0A3M6U375,46731.A0A3M6U4D0,46731.A0A3M6U4W1,46731.A0A3M6U6M4,46731.A0A3M6U718,46731.A0A3M6U7D5,46731.A0A3M6U857,46731.A0A3M6U8I8,46731.A0A3M6U8U6,46731.A0A3M6U9S4,46731.A0A3M6UAD9,46731.A0A3M6UED5,46731.A0A3M6UEH8,46731.A0A3M6UF22,46731.A0A3M6UFV2,46731.A0A3M6UFY0,46731.A0A3M6UHC0,46731.A0A3M6UHG6,46731.A0A3M6UIB2,46731.A0A3M6UJ45,46731.A0A3M6UJG5,46731.A0A3M6UK08,46731.A0A3M6UKW5,46731.A0A3M6UNC3,46731.A0A3M6UNF4,46731.A0A3M6UPY5,46731.A0A3M6UQJ9,46731.A0A3M6UR13,46731.A0A3M6URP1,46731.A0A3M6USP0,46731.A0A3M6UV95,46731.A0A3M6UVI4,46731.A0A3M6UY44,46731.A0A3M6UYS8,46731.A0A3M6UZ57,46731.A0A3M6UZA8,46731.A0A3M6UZN8,46731.A0A3M6V0P4,46731.A0A3M6V2C8,46731.A0A3M6V2I4,46731.A0A3M6V2M9,46731.A0A3M6V4G4,46731.A0A3M6V4J9,46731.A0A3M6V4Z0,46731.A0A3M6V835,46731.A0A3M6VAZ3	pdam_00010185,pdam_00023680,pdam_00011395,pdam_00016618,pdam_00004294,pdam_00006596,pdam_00003354,pdam_00003413,pdam_00021861,pdam_00017598,pdam_00004005,pdam_00022019,pdam_00013236,pdam_00016836,pdam_00006627,pdam_00004931,pdam_00001796,pdam_00014959,pdam_00001877,pdam_00014944,pdam_00017047,pdam_00010068,pdam_00006080,pdam_00012546,pdam_00018186,pdam_00021088,pdam_00015716,pdam_00023243,pdam_00000589,pdam_00012402,pdam_00022817,pdam_00005338,pdam_00002599,pdam_00015203,pdam_00001606,pdam_00013566,pdam_00015311,pdam_00017441,pdam_00008585,pdam_00016657,pdam_00023068,pdam_00004802,pdam_00008754,pdam_00003762,pdam_00019064,pdam_00003766,pdam_00019791,pdam_00013782,pdam_00014588,pdam_00018880,pdam_00014264,pdam_00000445,pdam_00000422,pdam_00010727,pdam_00021780,pdam_00007428,pdam_00021809,pdam_00016049,pdam_00001649,pdam_00012107,pdam_00004456,pdam_00002348,pdam_00005769,pdam_00005000,pdam_00006460,pdam_00010794,pdam_00014634,pdam_00018163,pdam_00009779,pdam_00015653,pdam_00019018,pdam_00010125,pdam_00010115,pdam_00007786,pdam_00003494,pdam_00003487,pdam_00021291,pdam_00003555
GO Function	GO:0097159	Organic cyclic compound binding	75	4175	0.19	0.3	0.0256	46731.A0A3M6T603,46731.A0A3M6T6A4,46731.A0A3M6T791,46731.A0A3M6T7D4,46731.A0A3M6T859,46731.A0A3M6T8R9,46731.A0A3M6T8Z9,46731.A0A3M6TA59,46731.A0A3M6TA69,46731.A0A3M6TBE9,46731.A0A3M6TBS6,46731.A0A3M6TE10,46731.A0A3M6TEY2,46731.A0A3M6TFV3,46731.A0A3M6TFZ0,46731.A0A3M6TG89,46731.A0A3M6TG98,46731.A0A3M6TIG2,46731.A0A3M6TJN8,46731.A0A3M6TKZ8,46731.A0A3M6TLW2,46731.A0A3M6TLW4,46731.A0A3M6TMP8,46731.A0A3M6TNN2,46731.A0A3M6TP49,46731.A0A3M6TPN3,46731.A0A3M6TQS7,46731.A0A3M6TR17,46731.A0A3M6TS67,46731.A0A3M6TSS3,46731.A0A3M6TU70,46731.A0A3M6TU90,46731.A0A3M6TUA7,46731.A0A3M6TUX3,46731.A0A3M6TV28,46731.A0A3M6TVU3,46731.A0A3M6TW10,46731.A0A3M6TWG7,46731.A0A3M6U0B6,46731.A0A3M6U2U8,46731.A0A3M6U6U8,46731.A0A3M6U6Z0,46731.A0A3M6U718,46731.A0A3M6U9P5,46731.A0A3M6U9R5,46731.A0A3M6UCV6,46731.A0A3M6UD30,46731.A0A3M6UED5,46731.A0A3M6UEH8,46731.A0A3M6UEY3,46731.A0A3M6UFX3,46731.A0A3M6UH46,46731.A0A3M6UHC0,46731.A0A3M6UHG6,46731.A0A3M6UHW5,46731.A0A3M6UIG3,46731.A0A3M6UJA3,46731.A0A3M6UJE5,46731.A0A3M6UKN1,46731.A0A3M6ULW6,46731.A0A3M6UMU5,46731.A0A3M6UNE3,46731.A0A3M6UNF4,46731.A0A3M6UQB5,46731.A0A3M6USP0,46731.A0A3M6UTD1,46731.A0A3M6UTH3,46731.A0A3M6UTW3,46731.A0A3M6UUW7,46731.A0A3M6UV95,46731.A0A3M6UYC1,46731.A0A3M6UYI8,46731.A0A3M6UYS8,46731.A0A3M6UZ57,46731.A0A3M6V0I6	pdam_00008984,pdam_00001004,pdam_00023609,pdam_00011395,pdam_00012840,pdam_00006596,pdam_00024990,pdam_00003362,pdam_00003354,pdam_00005938,pdam_00016758,pdam_00008075,pdam_00007156,pdam_00008682,pdam_00008719,pdam_00009478,pdam_00009454,pdam_00013236,pdam_00008902,pdam_00001292,pdam_00004931,pdam_00011619,pdam_00013372,pdam_00001763,pdam_00006876,pdam_00014959,pdam_00019503,pdam_00006345,pdam_00005262,pdam_00010068,pdam_00018186,pdam_00012559,pdam_00021506,pdam_00021088,pdam_00021091,pdam_00015716,pdam_00023243,pdam_00013096,pdam_00021756,pdam_00005338,pdam_00011230,pdam_00018217,pdam_00015311,pdam_00004788,pdam_00006936,pdam_00004698,pdam_00024289,pdam_00003762,pdam_00019064,pdam_00004742,pdam_00019787,pdam_00011345,pdam_00014588,pdam_00018880,pdam_00020612,pdam_00017068,pdam_00000409,pdam_00000479,pdam_00012133,pdam_00009309,pdam_00012710,pdam_00007411,pdam_00021809,pdam_00001638,pdam_00002348,pdam_00021970,pdam_00011066,pdam_00018048,pdam_00020974,pdam_00005769,pdam_00006435,pdam_00009513,pdam_00010794,pdam_00014634,pdam_00015654
GO Function	GO:1901363	Heterocyclic compound binding	74	4145	0.19	0.29	0.0270	46731.A0A3M6T603,46731.A0A3M6T6A4,46731.A0A3M6T791,46731.A0A3M6T7D4,46731.A0A3M6T859,46731.A0A3M6T8R9,46731.A0A3M6T8Z9,46731.A0A3M6TA59,46731.A0A3M6TA69,46731.A0A3M6TBE9,46731.A0A3M6TBS6,46731.A0A3M6TE10,46731.A0A3M6TEY2,46731.A0A3M6TFV3,46731.A0A3M6TFZ0,46731.A0A3M6TG89,46731.A0A3M6TG98,46731.A0A3M6TIG2,46731.A0A3M6TJN8,46731.A0A3M6TKZ8,46731.A0A3M6TLW2,46731.A0A3M6TLW4,46731.A0A3M6TMP8,46731.A0A3M6TNN2,46731.A0A3M6TP49,46731.A0A3M6TPN3,46731.A0A3M6TQS7,46731.A0A3M6TR17,46731.A0A3M6TS67,46731.A0A3M6TSS3,46731.A0A3M6TU70,46731.A0A3M6TU90,46731.A0A3M6TUA7,46731.A0A3M6TUX3,46731.A0A3M6TV28,46731.A0A3M6TVU3,46731.A0A3M6TW10,46731.A0A3M6TWG7,46731.A0A3M6U0B6,46731.A0A3M6U2U8,46731.A0A3M6U6U8,46731.A0A3M6U6Z0,46731.A0A3M6U718,46731.A0A3M6U9P5,46731.A0A3M6U9R5,46731.A0A3M6UCV6,46731.A0A3M6UD30,46731.A0A3M6UED5,46731.A0A3M6UEH8,46731.A0A3M6UEY3,46731.A0A3M6UFX3,46731.A0A3M6UH46,46731.A0A3M6UHC0,46731.A0A3M6UHG6,46731.A0A3M6UHW5,46731.A0A3M6UIG3,46731.A0A3M6UJA3,46731.A0A3M6UKN1,46731.A0A3M6ULW6,46731.A0A3M6UMU5,46731.A0A3M6UNE3,46731.A0A3M6UNF4,46731.A0A3M6UQB5,46731.A0A3M6USP0,46731.A0A3M6UTD1,46731.A0A3M6UTH3,46731.A0A3M6UTW3,46731.A0A3M6UUW7,46731.A0A3M6UV95,46731.A0A3M6UYC1,46731.A0A3M6UYI8,46731.A0A3M6UYS8,46731.A0A3M6UZ57,46731.A0A3M6V0I6	pdam_00008984,pdam_00001004,pdam_00023609,pdam_00011395,pdam_00012840,pdam_00006596,pdam_00024990,pdam_00003362,pdam_00003354,pdam_00005938,pdam_00016758,pdam_00008075,pdam_00007156,pdam_00008682,pdam_00008719,pdam_00009478,pdam_00009454,pdam_00013236,pdam_00008902,pdam_00001292,pdam_00004931,pdam_00011619,pdam_00013372,pdam_00001763,pdam_00006876,pdam_00014959,pdam_00019503,pdam_00006345,pdam_00005262,pdam_00010068,pdam_00018186,pdam_00012559,pdam_00021506,pdam_00021088,pdam_00021091,pdam_00015716,pdam_00023243,pdam_00013096,pdam_00021756,pdam_00005338,pdam_00011230,pdam_00018217,pdam_00015311,pdam_00004788,pdam_00006936,pdam_00004698,pdam_00024289,pdam_00003762,pdam_00019064,pdam_00004742,pdam_00019787,pdam_00011345,pdam_00014588,pdam_00018880,pdam_00020612,pdam_00017068,pdam_00000409,pdam_00012133,pdam_00009309,pdam_00012710,pdam_00007411,pdam_00021809,pdam_00001638,pdam_00002348,pdam_00021970,pdam_00011066,pdam_00018048,pdam_00020974,pdam_00005769,pdam_00006435,pdam_00009513,pdam_00010794,pdam_00014634,pdam_00015654
GO Component	GO:0005622	Intracellular anatomical structure	208	10142	0.25	0.9	4.34e-24	46731.A0A3M6T4E8,46731.A0A3M6T4I7,46731.A0A3M6T5H6,46731.A0A3M6T5Y0,46731.A0A3M6T603,46731.A0A3M6T791,46731.A0A3M6T7D4,46731.A0A3M6T7F8,46731.A0A3M6T7W5,46731.A0A3M6T850,46731.A0A3M6T859,46731.A0A3M6T8G2,46731.A0A3M6T8J9,46731.A0A3M6T8K3,46731.A0A3M6T8K9,46731.A0A3M6T8R9,46731.A0A3M6T8Z9,46731.A0A3M6TA01,46731.A0A3M6TA15,46731.A0A3M6TA59,46731.A0A3M6TA69,46731.A0A3M6TAC9,46731.A0A3M6TB20,46731.A0A3M6TBE9,46731.A0A3M6TBG2,46731.A0A3M6TBS6,46731.A0A3M6TBY4,46731.A0A3M6TCC2,46731.A0A3M6TCR8,46731.A0A3M6TE10,46731.A0A3M6TE18,46731.A0A3M6TE54,46731.A0A3M6TEV3,46731.A0A3M6TEY2,46731.A0A3M6TFV3,46731.A0A3M6TFY6,46731.A0A3M6TFZ0,46731.A0A3M6TG32,46731.A0A3M6TG89,46731.A0A3M6TG98,46731.A0A3M6TIE9,46731.A0A3M6TIG2,46731.A0A3M6TIW2,46731.A0A3M6TJ99,46731.A0A3M6TJE1,46731.A0A3M6TJN8,46731.A0A3M6TJT8,46731.A0A3M6TKJ3,46731.A0A3M6TKM6,46731.A0A3M6TKY8,46731.A0A3M6TKZ8,46731.A0A3M6TL27,46731.A0A3M6TL39,46731.A0A3M6TLR7,46731.A0A3M6TLW2,46731.A0A3M6TLW4,46731.A0A3M6TM07,46731.A0A3M6TMP8,46731.A0A3M6TNN2,46731.A0A3M6TNR5,46731.A0A3M6TP49,46731.A0A3M6TPN3,46731.A0A3M6TPQ1,46731.A0A3M6TPV9,46731.A0A3M6TPW2,46731.A0A3M6TQS7,46731.A0A3M6TQX8,46731.A0A3M6TR41,46731.A0A3M6TRM3,46731.A0A3M6TS23,46731.A0A3M6TS67,46731.A0A3M6TSJ0,46731.A0A3M6TSS3,46731.A0A3M6TSZ0,46731.A0A3M6TT97,46731.A0A3M6TTL3,46731.A0A3M6TTM3,46731.A0A3M6TTW5,46731.A0A3M6TU54,46731.A0A3M6TU90,46731.A0A3M6TUA7,46731.A0A3M6TUV9,46731.A0A3M6TUX3,46731.A0A3M6TV28,46731.A0A3M6TVI9,46731.A0A3M6TVU3,46731.A0A3M6TW10,46731.A0A3M6TW24,46731.A0A3M6TW28,46731.A0A3M6TWG7,46731.A0A3M6TXA2,46731.A0A3M6TXW0,46731.A0A3M6TYA4,46731.A0A3M6TZ35,46731.A0A3M6TZ44,46731.A0A3M6U001,46731.A0A3M6U0B6,46731.A0A3M6U0L4,46731.A0A3M6U0U7,46731.A0A3M6U1I7,46731.A0A3M6U1V1,46731.A0A3M6U240,46731.A0A3M6U375,46731.A0A3M6U379,46731.A0A3M6U3B9,46731.A0A3M6U409,46731.A0A3M6U476,46731.A0A3M6U4D0,46731.A0A3M6U4W1,46731.A0A3M6U6H3,46731.A0A3M6U6M4,46731.A0A3M6U6U8,46731.A0A3M6U6Y6,46731.A0A3M6U6Z0,46731.A0A3M6U718,46731.A0A3M6U7C6,46731.A0A3M6U7D5,46731.A0A3M6U857,46731.A0A3M6U8U6,46731.A0A3M6U8W0,46731.A0A3M6U9P5,46731.A0A3M6U9R5,46731.A0A3M6U9S4,46731.A0A3M6UAD5,46731.A0A3M6UAD9,46731.A0A3M6UAJ1,46731.A0A3M6UCC7,46731.A0A3M6UCV6,46731.A0A3M6UD30,46731.A0A3M6UE17,46731.A0A3M6UEH8,46731.A0A3M6UEQ9,46731.A0A3M6UEY3,46731.A0A3M6UF22,46731.A0A3M6UF48,46731.A0A3M6UFT1,46731.A0A3M6UFV2,46731.A0A3M6UFX3,46731.A0A3M6UGA4,46731.A0A3M6UGJ6,46731.A0A3M6UH53,46731.A0A3M6UHC0,46731.A0A3M6UHC3,46731.A0A3M6UHG6,46731.A0A3M6UHU7,46731.A0A3M6UHW5,46731.A0A3M6UHY7,46731.A0A3M6UIB2,46731.A0A3M6UID9,46731.A0A3M6UIG3,46731.A0A3M6UIR6,46731.A0A3M6UJ20,46731.A0A3M6UJ45,46731.A0A3M6UJ97,46731.A0A3M6UJA3,46731.A0A3M6UJE5,46731.A0A3M6UJG5,46731.A0A3M6UK08,46731.A0A3M6UKN1,46731.A0A3M6UKW5,46731.A0A3M6ULV4,46731.A0A3M6ULW6,46731.A0A3M6UMU5,46731.A0A3M6UNC3,46731.A0A3M6UNE3,46731.A0A3M6UNF4,46731.A0A3M6UPR6,46731.A0A3M6UPY5,46731.A0A3M6UQB5,46731.A0A3M6UR13,46731.A0A3M6URP1,46731.A0A3M6USJ7,46731.A0A3M6USN2,46731.A0A3M6USP0,46731.A0A3M6UTD1,46731.A0A3M6UTH3,46731.A0A3M6UTW3,46731.A0A3M6UTX3,46731.A0A3M6UU20,46731.A0A3M6UU80,46731.A0A3M6UUW7,46731.A0A3M6UV95,46731.A0A3M6UVH1,46731.A0A3M6UVI4,46731.A0A3M6UXV6,46731.A0A3M6UXZ1,46731.A0A3M6UY44,46731.A0A3M6UYC1,46731.A0A3M6UYI8,46731.A0A3M6UYS8,46731.A0A3M6UZ57,46731.A0A3M6UZ63,46731.A0A3M6UZ76,46731.A0A3M6UZA8,46731.A0A3M6UZN8,46731.A0A3M6V0I6,46731.A0A3M6V0P4,46731.A0A3M6V2C8,46731.A0A3M6V2I4,46731.A0A3M6V2M9,46731.A0A3M6V3Y5,46731.A0A3M6V4G4,46731.A0A3M6V4J9,46731.A0A3M6V4Z0,46731.A0A3M6V544,46731.A0A3M6V6P4,46731.A0A3M6V835,46731.A0A3M6VAZ3	pdam_00010187,pdam_00022847,pdam_00023825,pdam_00023829,pdam_00008984,pdam_00023609,pdam_00011395,pdam_00015452,pdam_00011709,pdam_00012832,pdam_00012840,pdam_00016618,pdam_00004319,pdam_00004294,pdam_00006598,pdam_00006596,pdam_00024990,pdam_00003401,pdam_00003396,pdam_00003362,pdam_00003354,pdam_00003413,pdam_00008393,pdam_00005938,pdam_00012455,pdam_00016758,pdam_00016757,pdam_00021861,pdam_00017598,pdam_00008075,pdam_00003991,pdam_00004005,pdam_00022019,pdam_00007156,pdam_00008682,pdam_00008718,pdam_00008719,pdam_00008709,pdam_00009478,pdam_00009454,pdam_00003288,pdam_00013236,pdam_00012769,pdam_00012263,pdam_00016836,pdam_00008902,pdam_00019853,pdam_00012481,pdam_00006627,pdam_00001226,pdam_00001292,pdam_00001342,pdam_00001230,pdam_00009870,pdam_00004931,pdam_00011619,pdam_00004865,pdam_00013372,pdam_00001763,pdam_00001796,pdam_00006876,pdam_00014959,pdam_00014568,pdam_00001877,pdam_00014944,pdam_00019503,pdam_00006368,pdam_00017047,pdam_00017576,pdam_00002539,pdam_00005262,pdam_00015979,pdam_00010068,pdam_00006080,pdam_00006037,pdam_00009208,pdam_00009205,pdam_00009296,pdam_00012546,pdam_00012559,pdam_00021506,pdam_00023639,pdam_00021088,pdam_00021091,pdam_00015715,pdam_00015716,pdam_00023243,pdam_00013095,pdam_00008410,pdam_00013096,pdam_00002072,pdam_00000668,pdam_00000589,pdam_00018721,pdam_00012402,pdam_00011918,pdam_00021756,pdam_00022817,pdam_00021744,pdam_00002205,pdam_00002115,pdam_00013597,pdam_00002599,pdam_00002605,pdam_00015371,pdam_00011131,pdam_00015211,pdam_00015203,pdam_00001606,pdam_00005840,pdam_00013566,pdam_00011230,pdam_00015309,pdam_00018217,pdam_00015311,pdam_00003047,pdam_00017441,pdam_00008585,pdam_00023068,pdam_00002839,pdam_00004788,pdam_00006936,pdam_00004802,pdam_00009664,pdam_00008754,pdam_00009225,pdam_00020063,pdam_00004698,pdam_00024289,pdam_00008136,pdam_00019064,pdam_00003724,pdam_00004742,pdam_00003766,pdam_00007954,pdam_00013790,pdam_00019791,pdam_00019787,pdam_00004238,pdam_00012222,pdam_00018255,pdam_00014588,pdam_00014586,pdam_00018880,pdam_00016519,pdam_00020612,pdam_00015259,pdam_00014264,pdam_00014262,pdam_00017068,pdam_00004391,pdam_00000339,pdam_00000445,pdam_00000454,pdam_00000409,pdam_00000479,pdam_00000422,pdam_00010727,pdam_00012133,pdam_00021780,pdam_00022046,pdam_00009309,pdam_00012710,pdam_00007428,pdam_00007411,pdam_00021809,pdam_00018733,pdam_00016049,pdam_00001638,pdam_00012107,pdam_00004456,pdam_00002414,pdam_00002392,pdam_00002348,pdam_00021970,pdam_00011066,pdam_00018048,pdam_00008253,pdam_00008238,pdam_00017945,pdam_00020974,pdam_00005769,pdam_00021309,pdam_00005000,pdam_00000205,pdam_00020103,pdam_00006460,pdam_00006435,pdam_00009513,pdam_00010794,pdam_00014634,pdam_00014621,pdam_00014609,pdam_00018163,pdam_00009779,pdam_00015654,pdam_00015653,pdam_00019018,pdam_00010125,pdam_00010115,pdam_00001408,pdam_00007786,pdam_00003494,pdam_00003487,pdam_00007800,pdam_00013732,pdam_00021291,pdam_00003555
GO Component	GO:0043229	Intracellular organelle	177	8033	0.28	0.94	1.91e-21	46731.A0A3M6T4E8,46731.A0A3M6T4I7,46731.A0A3M6T5H6,46731.A0A3M6T5Y0,46731.A0A3M6T791,46731.A0A3M6T7D4,46731.A0A3M6T7F8,46731.A0A3M6T7W5,46731.A0A3M6T850,46731.A0A3M6T859,46731.A0A3M6T8G2,46731.A0A3M6T8K9,46731.A0A3M6T8R9,46731.A0A3M6TA01,46731.A0A3M6TA15,46731.A0A3M6TA59,46731.A0A3M6TA69,46731.A0A3M6TAC9,46731.A0A3M6TB20,46731.A0A3M6TBE9,46731.A0A3M6TBS6,46731.A0A3M6TBY4,46731.A0A3M6TCC2,46731.A0A3M6TCR8,46731.A0A3M6TE10,46731.A0A3M6TE18,46731.A0A3M6TE54,46731.A0A3M6TEY2,46731.A0A3M6TFV3,46731.A0A3M6TFY6,46731.A0A3M6TFZ0,46731.A0A3M6TG32,46731.A0A3M6TG98,46731.A0A3M6TIE9,46731.A0A3M6TIG2,46731.A0A3M6TIW2,46731.A0A3M6TJ99,46731.A0A3M6TJN8,46731.A0A3M6TJT8,46731.A0A3M6TKJ3,46731.A0A3M6TKM6,46731.A0A3M6TKY8,46731.A0A3M6TKZ8,46731.A0A3M6TL27,46731.A0A3M6TL39,46731.A0A3M6TLW2,46731.A0A3M6TLW4,46731.A0A3M6TM07,46731.A0A3M6TMP8,46731.A0A3M6TNN2,46731.A0A3M6TNR5,46731.A0A3M6TP49,46731.A0A3M6TPN3,46731.A0A3M6TPQ1,46731.A0A3M6TPV9,46731.A0A3M6TPW2,46731.A0A3M6TQS7,46731.A0A3M6TQX8,46731.A0A3M6TR41,46731.A0A3M6TRM3,46731.A0A3M6TS23,46731.A0A3M6TS67,46731.A0A3M6TSJ0,46731.A0A3M6TSS3,46731.A0A3M6TSZ0,46731.A0A3M6TT97,46731.A0A3M6TTL3,46731.A0A3M6TTM3,46731.A0A3M6TU54,46731.A0A3M6TUX3,46731.A0A3M6TV28,46731.A0A3M6TVI9,46731.A0A3M6TVU3,46731.A0A3M6TW10,46731.A0A3M6TW24,46731.A0A3M6TW28,46731.A0A3M6TWG7,46731.A0A3M6TXW0,46731.A0A3M6TYA4,46731.A0A3M6TZ35,46731.A0A3M6U001,46731.A0A3M6U0B6,46731.A0A3M6U0L4,46731.A0A3M6U0U7,46731.A0A3M6U1V1,46731.A0A3M6U240,46731.A0A3M6U375,46731.A0A3M6U379,46731.A0A3M6U476,46731.A0A3M6U4D0,46731.A0A3M6U4W1,46731.A0A3M6U6M4,46731.A0A3M6U6U8,46731.A0A3M6U6Y6,46731.A0A3M6U6Z0,46731.A0A3M6U718,46731.A0A3M6U7C6,46731.A0A3M6U7D5,46731.A0A3M6U857,46731.A0A3M6U8U6,46731.A0A3M6U8W0,46731.A0A3M6U9P5,46731.A0A3M6U9R5,46731.A0A3M6U9S4,46731.A0A3M6UAD5,46731.A0A3M6UAD9,46731.A0A3M6UAJ1,46731.A0A3M6UCC7,46731.A0A3M6UCV6,46731.A0A3M6UD30,46731.A0A3M6UEH8,46731.A0A3M6UEQ9,46731.A0A3M6UEY3,46731.A0A3M6UF22,46731.A0A3M6UF48,46731.A0A3M6UFT1,46731.A0A3M6UFV2,46731.A0A3M6UFX3,46731.A0A3M6UGA4,46731.A0A3M6UGJ6,46731.A0A3M6UH53,46731.A0A3M6UHC0,46731.A0A3M6UHG6,46731.A0A3M6UHU7,46731.A0A3M6UHW5,46731.A0A3M6UHY7,46731.A0A3M6UIB2,46731.A0A3M6UID9,46731.A0A3M6UIG3,46731.A0A3M6UIR6,46731.A0A3M6UJ45,46731.A0A3M6UJ97,46731.A0A3M6UJA3,46731.A0A3M6UJE5,46731.A0A3M6UK08,46731.A0A3M6UKN1,46731.A0A3M6ULW6,46731.A0A3M6UNC3,46731.A0A3M6UNE3,46731.A0A3M6UPR6,46731.A0A3M6UPY5,46731.A0A3M6UQB5,46731.A0A3M6UR13,46731.A0A3M6URP1,46731.A0A3M6USJ7,46731.A0A3M6USN2,46731.A0A3M6USP0,46731.A0A3M6UTD1,46731.A0A3M6UTH3,46731.A0A3M6UTW3,46731.A0A3M6UTX3,46731.A0A3M6UU20,46731.A0A3M6UU80,46731.A0A3M6UV95,46731.A0A3M6UVH1,46731.A0A3M6UVI4,46731.A0A3M6UXV6,46731.A0A3M6UXZ1,46731.A0A3M6UY44,46731.A0A3M6UYI8,46731.A0A3M6UZ57,46731.A0A3M6UZ63,46731.A0A3M6UZA8,46731.A0A3M6UZN8,46731.A0A3M6V0I6,46731.A0A3M6V0P4,46731.A0A3M6V2C8,46731.A0A3M6V2I4,46731.A0A3M6V2M9,46731.A0A3M6V3Y5,46731.A0A3M6V4G4,46731.A0A3M6V4J9,46731.A0A3M6V4Z0,46731.A0A3M6V544,46731.A0A3M6V6P4,46731.A0A3M6V835,46731.A0A3M6VAZ3	pdam_00010187,pdam_00022847,pdam_00023825,pdam_00023829,pdam_00023609,pdam_00011395,pdam_00015452,pdam_00011709,pdam_00012832,pdam_00012840,pdam_00016618,pdam_00006598,pdam_00006596,pdam_00003401,pdam_00003396,pdam_00003362,pdam_00003354,pdam_00003413,pdam_00008393,pdam_00005938,pdam_00016758,pdam_00016757,pdam_00021861,pdam_00017598,pdam_00008075,pdam_00003991,pdam_00004005,pdam_00007156,pdam_00008682,pdam_00008718,pdam_00008719,pdam_00008709,pdam_00009454,pdam_00003288,pdam_00013236,pdam_00012769,pdam_00012263,pdam_00008902,pdam_00019853,pdam_00012481,pdam_00006627,pdam_00001226,pdam_00001292,pdam_00001342,pdam_00001230,pdam_00004931,pdam_00011619,pdam_00004865,pdam_00013372,pdam_00001763,pdam_00001796,pdam_00006876,pdam_00014959,pdam_00014568,pdam_00001877,pdam_00014944,pdam_00019503,pdam_00006368,pdam_00017047,pdam_00017576,pdam_00002539,pdam_00005262,pdam_00015979,pdam_00010068,pdam_00006080,pdam_00006037,pdam_00009208,pdam_00009205,pdam_00012546,pdam_00021088,pdam_00021091,pdam_00015715,pdam_00015716,pdam_00023243,pdam_00013095,pdam_00008410,pdam_00013096,pdam_00000668,pdam_00000589,pdam_00018721,pdam_00011918,pdam_00021756,pdam_00022817,pdam_00021744,pdam_00002115,pdam_00013597,pdam_00002599,pdam_00002605,pdam_00015211,pdam_00015203,pdam_00001606,pdam_00013566,pdam_00011230,pdam_00015309,pdam_00018217,pdam_00015311,pdam_00003047,pdam_00017441,pdam_00008585,pdam_00023068,pdam_00002839,pdam_00004788,pdam_00006936,pdam_00004802,pdam_00009664,pdam_00008754,pdam_00009225,pdam_00020063,pdam_00004698,pdam_00024289,pdam_00019064,pdam_00003724,pdam_00004742,pdam_00003766,pdam_00007954,pdam_00013790,pdam_00019791,pdam_00019787,pdam_00004238,pdam_00012222,pdam_00018255,pdam_00014588,pdam_00018880,pdam_00016519,pdam_00020612,pdam_00015259,pdam_00014264,pdam_00014262,pdam_00017068,pdam_00004391,pdam_00000445,pdam_00000454,pdam_00000409,pdam_00000479,pdam_00010727,pdam_00012133,pdam_00009309,pdam_00007428,pdam_00007411,pdam_00018733,pdam_00016049,pdam_00001638,pdam_00012107,pdam_00004456,pdam_00002414,pdam_00002392,pdam_00002348,pdam_00021970,pdam_00011066,pdam_00018048,pdam_00008253,pdam_00008238,pdam_00017945,pdam_00005769,pdam_00021309,pdam_00005000,pdam_00000205,pdam_00020103,pdam_00006460,pdam_00009513,pdam_00014634,pdam_00014621,pdam_00018163,pdam_00009779,pdam_00015654,pdam_00015653,pdam_00019018,pdam_00010125,pdam_00010115,pdam_00001408,pdam_00007786,pdam_00003494,pdam_00003487,pdam_00007800,pdam_00013732,pdam_00021291,pdam_00003555
GO Component	GO:0043226	Organelle	181	8391	0.27	0.92	2.43e-21	46731.A0A3M6T4E8,46731.A0A3M6T4I7,46731.A0A3M6T5H6,46731.A0A3M6T5Y0,46731.A0A3M6T791,46731.A0A3M6T7D4,46731.A0A3M6T7F8,46731.A0A3M6T7W5,46731.A0A3M6T850,46731.A0A3M6T859,46731.A0A3M6T8G2,46731.A0A3M6T8K9,46731.A0A3M6T8R9,46731.A0A3M6TA01,46731.A0A3M6TA15,46731.A0A3M6TA59,46731.A0A3M6TA69,46731.A0A3M6TAC9,46731.A0A3M6TB20,46731.A0A3M6TBE9,46731.A0A3M6TBS6,46731.A0A3M6TBY4,46731.A0A3M6TCC2,46731.A0A3M6TCR8,46731.A0A3M6TE10,46731.A0A3M6TE18,46731.A0A3M6TE54,46731.A0A3M6TEY2,46731.A0A3M6TFV3,46731.A0A3M6TFY6,46731.A0A3M6TFZ0,46731.A0A3M6TG32,46731.A0A3M6TG98,46731.A0A3M6TIE9,46731.A0A3M6TIG2,46731.A0A3M6TIW2,46731.A0A3M6TJ99,46731.A0A3M6TJN8,46731.A0A3M6TJT8,46731.A0A3M6TKJ3,46731.A0A3M6TKM6,46731.A0A3M6TKY8,46731.A0A3M6TKZ8,46731.A0A3M6TL27,46731.A0A3M6TL39,46731.A0A3M6TLW2,46731.A0A3M6TLW4,46731.A0A3M6TM07,46731.A0A3M6TMP8,46731.A0A3M6TNN2,46731.A0A3M6TNR5,46731.A0A3M6TP49,46731.A0A3M6TPN3,46731.A0A3M6TPQ1,46731.A0A3M6TPV9,46731.A0A3M6TPW2,46731.A0A3M6TQS7,46731.A0A3M6TQX8,46731.A0A3M6TR41,46731.A0A3M6TRM3,46731.A0A3M6TS23,46731.A0A3M6TS67,46731.A0A3M6TSJ0,46731.A0A3M6TSS3,46731.A0A3M6TSZ0,46731.A0A3M6TT97,46731.A0A3M6TTL3,46731.A0A3M6TTM3,46731.A0A3M6TU54,46731.A0A3M6TUX3,46731.A0A3M6TV28,46731.A0A3M6TVI9,46731.A0A3M6TVU3,46731.A0A3M6TW10,46731.A0A3M6TW24,46731.A0A3M6TW28,46731.A0A3M6TWG7,46731.A0A3M6TXW0,46731.A0A3M6TYA4,46731.A0A3M6TZ35,46731.A0A3M6U001,46731.A0A3M6U0B6,46731.A0A3M6U0L4,46731.A0A3M6U0U7,46731.A0A3M6U1V1,46731.A0A3M6U240,46731.A0A3M6U375,46731.A0A3M6U379,46731.A0A3M6U476,46731.A0A3M6U4D0,46731.A0A3M6U4W1,46731.A0A3M6U6H3,46731.A0A3M6U6M4,46731.A0A3M6U6U8,46731.A0A3M6U6Y6,46731.A0A3M6U6Z0,46731.A0A3M6U718,46731.A0A3M6U7C6,46731.A0A3M6U7D5,46731.A0A3M6U857,46731.A0A3M6U8U6,46731.A0A3M6U8W0,46731.A0A3M6U9P5,46731.A0A3M6U9R5,46731.A0A3M6U9S4,46731.A0A3M6UAD5,46731.A0A3M6UAD9,46731.A0A3M6UAJ1,46731.A0A3M6UCC7,46731.A0A3M6UCV6,46731.A0A3M6UD30,46731.A0A3M6UE17,46731.A0A3M6UEH8,46731.A0A3M6UEQ9,46731.A0A3M6UEY3,46731.A0A3M6UF22,46731.A0A3M6UF48,46731.A0A3M6UFT1,46731.A0A3M6UFV2,46731.A0A3M6UFX3,46731.A0A3M6UGA4,46731.A0A3M6UGJ6,46731.A0A3M6UH53,46731.A0A3M6UHC0,46731.A0A3M6UHG6,46731.A0A3M6UHU7,46731.A0A3M6UHW5,46731.A0A3M6UHY7,46731.A0A3M6UI16,46731.A0A3M6UIB2,46731.A0A3M6UID9,46731.A0A3M6UIE7,46731.A0A3M6UIG3,46731.A0A3M6UIR6,46731.A0A3M6UJ45,46731.A0A3M6UJ97,46731.A0A3M6UJA3,46731.A0A3M6UJE5,46731.A0A3M6UK08,46731.A0A3M6UKN1,46731.A0A3M6ULW6,46731.A0A3M6UNC3,46731.A0A3M6UNE3,46731.A0A3M6UPR6,46731.A0A3M6UPY5,46731.A0A3M6UQB5,46731.A0A3M6UR13,46731.A0A3M6URP1,46731.A0A3M6USJ7,46731.A0A3M6USN2,46731.A0A3M6USP0,46731.A0A3M6UTD1,46731.A0A3M6UTH3,46731.A0A3M6UTW3,46731.A0A3M6UTX3,46731.A0A3M6UU20,46731.A0A3M6UU80,46731.A0A3M6UV95,46731.A0A3M6UVH1,46731.A0A3M6UVI4,46731.A0A3M6UXV6,46731.A0A3M6UXZ1,46731.A0A3M6UY44,46731.A0A3M6UYI8,46731.A0A3M6UZ57,46731.A0A3M6UZ63,46731.A0A3M6UZA8,46731.A0A3M6UZN8,46731.A0A3M6V0I6,46731.A0A3M6V0P4,46731.A0A3M6V2C8,46731.A0A3M6V2I4,46731.A0A3M6V2M9,46731.A0A3M6V3Y5,46731.A0A3M6V4G4,46731.A0A3M6V4J9,46731.A0A3M6V4Z0,46731.A0A3M6V544,46731.A0A3M6V6P4,46731.A0A3M6V835,46731.A0A3M6VAZ3	pdam_00010187,pdam_00022847,pdam_00023825,pdam_00023829,pdam_00023609,pdam_00011395,pdam_00015452,pdam_00011709,pdam_00012832,pdam_00012840,pdam_00016618,pdam_00006598,pdam_00006596,pdam_00003401,pdam_00003396,pdam_00003362,pdam_00003354,pdam_00003413,pdam_00008393,pdam_00005938,pdam_00016758,pdam_00016757,pdam_00021861,pdam_00017598,pdam_00008075,pdam_00003991,pdam_00004005,pdam_00007156,pdam_00008682,pdam_00008718,pdam_00008719,pdam_00008709,pdam_00009454,pdam_00003288,pdam_00013236,pdam_00012769,pdam_00012263,pdam_00008902,pdam_00019853,pdam_00012481,pdam_00006627,pdam_00001226,pdam_00001292,pdam_00001342,pdam_00001230,pdam_00004931,pdam_00011619,pdam_00004865,pdam_00013372,pdam_00001763,pdam_00001796,pdam_00006876,pdam_00014959,pdam_00014568,pdam_00001877,pdam_00014944,pdam_00019503,pdam_00006368,pdam_00017047,pdam_00017576,pdam_00002539,pdam_00005262,pdam_00015979,pdam_00010068,pdam_00006080,pdam_00006037,pdam_00009208,pdam_00009205,pdam_00012546,pdam_00021088,pdam_00021091,pdam_00015715,pdam_00015716,pdam_00023243,pdam_00013095,pdam_00008410,pdam_00013096,pdam_00000668,pdam_00000589,pdam_00018721,pdam_00011918,pdam_00021756,pdam_00022817,pdam_00021744,pdam_00002115,pdam_00013597,pdam_00002599,pdam_00002605,pdam_00015211,pdam_00015203,pdam_00001606,pdam_00005840,pdam_00013566,pdam_00011230,pdam_00015309,pdam_00018217,pdam_00015311,pdam_00003047,pdam_00017441,pdam_00008585,pdam_00023068,pdam_00002839,pdam_00004788,pdam_00006936,pdam_00004802,pdam_00009664,pdam_00008754,pdam_00009225,pdam_00020063,pdam_00004698,pdam_00024289,pdam_00008136,pdam_00019064,pdam_00003724,pdam_00004742,pdam_00003766,pdam_00007954,pdam_00013790,pdam_00019791,pdam_00019787,pdam_00004238,pdam_00012222,pdam_00018255,pdam_00014588,pdam_00018880,pdam_00016519,pdam_00020612,pdam_00015259,pdam_00018259,pdam_00014264,pdam_00014262,pdam_00021998,pdam_00017068,pdam_00004391,pdam_00000445,pdam_00000454,pdam_00000409,pdam_00000479,pdam_00010727,pdam_00012133,pdam_00009309,pdam_00007428,pdam_00007411,pdam_00018733,pdam_00016049,pdam_00001638,pdam_00012107,pdam_00004456,pdam_00002414,pdam_00002392,pdam_00002348,pdam_00021970,pdam_00011066,pdam_00018048,pdam_00008253,pdam_00008238,pdam_00017945,pdam_00005769,pdam_00021309,pdam_00005000,pdam_00000205,pdam_00020103,pdam_00006460,pdam_00009513,pdam_00014634,pdam_00014621,pdam_00018163,pdam_00009779,pdam_00015654,pdam_00015653,pdam_00019018,pdam_00010125,pdam_00010115,pdam_00001408,pdam_00007786,pdam_00003494,pdam_00003487,pdam_00007800,pdam_00013732,pdam_00021291,pdam_00003555
GO Component	GO:0110165	Cellular anatomical entity	257	15952	0.15	0.71	1.06e-19	46731.A0A3M6T422,46731.A0A3M6T4E8,46731.A0A3M6T4I7,46731.A0A3M6T4W5,46731.A0A3M6T4Z8,46731.A0A3M6T5H6,46731.A0A3M6T5Y0,46731.A0A3M6T603,46731.A0A3M6T6A4,46731.A0A3M6T771,46731.A0A3M6T791,46731.A0A3M6T7D4,46731.A0A3M6T7F8,46731.A0A3M6T7G3,46731.A0A3M6T7K0,46731.A0A3M6T7W5,46731.A0A3M6T850,46731.A0A3M6T859,46731.A0A3M6T8G2,46731.A0A3M6T8I4,46731.A0A3M6T8J9,46731.A0A3M6T8K3,46731.A0A3M6T8K9,46731.A0A3M6T8R9,46731.A0A3M6T8Z9,46731.A0A3M6TA01,46731.A0A3M6TA15,46731.A0A3M6TA59,46731.A0A3M6TA69,46731.A0A3M6TA98,46731.A0A3M6TAC9,46731.A0A3M6TAG1,46731.A0A3M6TB20,46731.A0A3M6TBE9,46731.A0A3M6TBG2,46731.A0A3M6TBS6,46731.A0A3M6TBY4,46731.A0A3M6TCC2,46731.A0A3M6TCK1,46731.A0A3M6TCR8,46731.A0A3M6TE10,46731.A0A3M6TE18,46731.A0A3M6TE54,46731.A0A3M6TE62,46731.A0A3M6TEH6,46731.A0A3M6TEV3,46731.A0A3M6TEY2,46731.A0A3M6TFV3,46731.A0A3M6TFY6,46731.A0A3M6TFZ0,46731.A0A3M6TG32,46731.A0A3M6TG89,46731.A0A3M6TG93,46731.A0A3M6TG98,46731.A0A3M6TI01,46731.A0A3M6TIE9,46731.A0A3M6TIG2,46731.A0A3M6TIW2,46731.A0A3M6TJ99,46731.A0A3M6TJE1,46731.A0A3M6TJN8,46731.A0A3M6TJT8,46731.A0A3M6TKJ3,46731.A0A3M6TKK7,46731.A0A3M6TKM6,46731.A0A3M6TKY8,46731.A0A3M6TKZ8,46731.A0A3M6TL27,46731.A0A3M6TL39,46731.A0A3M6TLR7,46731.A0A3M6TLW2,46731.A0A3M6TLW4,46731.A0A3M6TM07,46731.A0A3M6TMP8,46731.A0A3M6TMT5,46731.A0A3M6TNN2,46731.A0A3M6TNR5,46731.A0A3M6TP49,46731.A0A3M6TPE1,46731.A0A3M6TPN3,46731.A0A3M6TPQ1,46731.A0A3M6TPV9,46731.A0A3M6TPW2,46731.A0A3M6TQS7,46731.A0A3M6TQX8,46731.A0A3M6TR17,46731.A0A3M6TR41,46731.A0A3M6TRK5,46731.A0A3M6TRM3,46731.A0A3M6TS23,46731.A0A3M6TS67,46731.A0A3M6TSJ0,46731.A0A3M6TSS3,46731.A0A3M6TSY9,46731.A0A3M6TSZ0,46731.A0A3M6TT97,46731.A0A3M6TTL3,46731.A0A3M6TTM3,46731.A0A3M6TTW5,46731.A0A3M6TU54,46731.A0A3M6TU70,46731.A0A3M6TU90,46731.A0A3M6TUA7,46731.A0A3M6TUV9,46731.A0A3M6TUX3,46731.A0A3M6TV00,46731.A0A3M6TV28,46731.A0A3M6TVI9,46731.A0A3M6TVU3,46731.A0A3M6TW10,46731.A0A3M6TW24,46731.A0A3M6TW28,46731.A0A3M6TWG7,46731.A0A3M6TWJ0,46731.A0A3M6TXA2,46731.A0A3M6TXW0,46731.A0A3M6TYA4,46731.A0A3M6TZ35,46731.A0A3M6TZ44,46731.A0A3M6U001,46731.A0A3M6U0B6,46731.A0A3M6U0L4,46731.A0A3M6U0U7,46731.A0A3M6U1I7,46731.A0A3M6U1V1,46731.A0A3M6U1X0,46731.A0A3M6U240,46731.A0A3M6U2U8,46731.A0A3M6U375,46731.A0A3M6U379,46731.A0A3M6U3B9,46731.A0A3M6U409,46731.A0A3M6U476,46731.A0A3M6U4D0,46731.A0A3M6U4W1,46731.A0A3M6U6H3,46731.A0A3M6U6M4,46731.A0A3M6U6U8,46731.A0A3M6U6Y6,46731.A0A3M6U6Z0,46731.A0A3M6U718,46731.A0A3M6U7C6,46731.A0A3M6U7D5,46731.A0A3M6U857,46731.A0A3M6U8I0,46731.A0A3M6U8I8,46731.A0A3M6U8U6,46731.A0A3M6U8W0,46731.A0A3M6U9P5,46731.A0A3M6U9R5,46731.A0A3M6U9S4,46731.A0A3M6UA49,46731.A0A3M6UAD5,46731.A0A3M6UAD9,46731.A0A3M6UAJ1,46731.A0A3M6UCC7,46731.A0A3M6UCL3,46731.A0A3M6UCV6,46731.A0A3M6UD30,46731.A0A3M6UE17,46731.A0A3M6UED5,46731.A0A3M6UEH8,46731.A0A3M6UEQ9,46731.A0A3M6UES5,46731.A0A3M6UEY3,46731.A0A3M6UF22,46731.A0A3M6UF48,46731.A0A3M6UFT1,46731.A0A3M6UFV2,46731.A0A3M6UFX3,46731.A0A3M6UFY0,46731.A0A3M6UGA4,46731.A0A3M6UGJ6,46731.A0A3M6UH53,46731.A0A3M6UH92,46731.A0A3M6UHC0,46731.A0A3M6UHC3,46731.A0A3M6UHG6,46731.A0A3M6UHU7,46731.A0A3M6UHW5,46731.A0A3M6UHY7,46731.A0A3M6UI16,46731.A0A3M6UIB2,46731.A0A3M6UID9,46731.A0A3M6UIE7,46731.A0A3M6UIG3,46731.A0A3M6UIR4,46731.A0A3M6UIR6,46731.A0A3M6UJ20,46731.A0A3M6UJ45,46731.A0A3M6UJ97,46731.A0A3M6UJA3,46731.A0A3M6UJE5,46731.A0A3M6UJG5,46731.A0A3M6UK08,46731.A0A3M6UKN1,46731.A0A3M6UKR6,46731.A0A3M6UKW5,46731.A0A3M6ULV4,46731.A0A3M6ULW6,46731.A0A3M6UM44,46731.A0A3M6UMU5,46731.A0A3M6UNC3,46731.A0A3M6UNE3,46731.A0A3M6UNF4,46731.A0A3M6UPH7,46731.A0A3M6UPN1,46731.A0A3M6UPR6,46731.A0A3M6UPY5,46731.A0A3M6UQB5,46731.A0A3M6UQJ9,46731.A0A3M6UR13,46731.A0A3M6URP1,46731.A0A3M6USJ7,46731.A0A3M6USN2,46731.A0A3M6USP0,46731.A0A3M6UTD1,46731.A0A3M6UTH3,46731.A0A3M6UTW3,46731.A0A3M6UTX3,46731.A0A3M6UU20,46731.A0A3M6UU80,46731.A0A3M6UUW7,46731.A0A3M6UV88,46731.A0A3M6UV95,46731.A0A3M6UVH1,46731.A0A3M6UVI4,46731.A0A3M6UVZ2,46731.A0A3M6UX53,46731.A0A3M6UXV6,46731.A0A3M6UXZ1,46731.A0A3M6UY31,46731.A0A3M6UY44,46731.A0A3M6UYC1,46731.A0A3M6UYI8,46731.A0A3M6UYS8,46731.A0A3M6UZ57,46731.A0A3M6UZ63,46731.A0A3M6UZ71,46731.A0A3M6UZ76,46731.A0A3M6UZA8,46731.A0A3M6UZN8,46731.A0A3M6V0I6,46731.A0A3M6V0P4,46731.A0A3M6V1L8,46731.A0A3M6V2C8,46731.A0A3M6V2I4,46731.A0A3M6V2M9,46731.A0A3M6V2Y7,46731.A0A3M6V3Y5,46731.A0A3M6V4G4,46731.A0A3M6V4J9,46731.A0A3M6V4Z0,46731.A0A3M6V544,46731.A0A3M6V6P4,46731.A0A3M6V835,46731.A0A3M6VAZ3	pdam_00010185,pdam_00010187,pdam_00022847,pdam_00005253,pdam_00005201,pdam_00023825,pdam_00023829,pdam_00008984,pdam_00001004,pdam_00023680,pdam_00023609,pdam_00011395,pdam_00015452,pdam_00023611,pdam_00023608,pdam_00011709,pdam_00012832,pdam_00012840,pdam_00016618,pdam_00023012,pdam_00004319,pdam_00004294,pdam_00006598,pdam_00006596,pdam_00024990,pdam_00003401,pdam_00003396,pdam_00003362,pdam_00003354,pdam_00005535,pdam_00003413,pdam_00003409,pdam_00008393,pdam_00005938,pdam_00012455,pdam_00016758,pdam_00016757,pdam_00021861,pdam_00019238,pdam_00017598,pdam_00008075,pdam_00003991,pdam_00004005,pdam_00003995,pdam_00008067,pdam_00022019,pdam_00007156,pdam_00008682,pdam_00008718,pdam_00008719,pdam_00008709,pdam_00009478,pdam_00008704,pdam_00009454,pdam_00011563,pdam_00003288,pdam_00013236,pdam_00012769,pdam_00012263,pdam_00016836,pdam_00008902,pdam_00019853,pdam_00012481,pdam_00012482,pdam_00006627,pdam_00001226,pdam_00001292,pdam_00001342,pdam_00001230,pdam_00009870,pdam_00004931,pdam_00011619,pdam_00004865,pdam_00013372,pdam_00016888,pdam_00001763,pdam_00001796,pdam_00006876,pdam_00014967,pdam_00014959,pdam_00014568,pdam_00001877,pdam_00014944,pdam_00019503,pdam_00006368,pdam_00006345,pdam_00017047,pdam_00022980,pdam_00017576,pdam_00002539,pdam_00005262,pdam_00015979,pdam_00010068,pdam_00002746,pdam_00006080,pdam_00006037,pdam_00009208,pdam_00009205,pdam_00009296,pdam_00012546,pdam_00018186,pdam_00012559,pdam_00021506,pdam_00023639,pdam_00021088,pdam_00017477,pdam_00021091,pdam_00015715,pdam_00015716,pdam_00023243,pdam_00013095,pdam_00008410,pdam_00013096,pdam_00004174,pdam_00002072,pdam_00000668,pdam_00000589,pdam_00018721,pdam_00012402,pdam_00011918,pdam_00021756,pdam_00022817,pdam_00021744,pdam_00002205,pdam_00002115,pdam_00019127,pdam_00013597,pdam_00005338,pdam_00002599,pdam_00002605,pdam_00015371,pdam_00011131,pdam_00015211,pdam_00015203,pdam_00001606,pdam_00005840,pdam_00013566,pdam_00011230,pdam_00015309,pdam_00018217,pdam_00015311,pdam_00003047,pdam_00017441,pdam_00008585,pdam_00009107,pdam_00016657,pdam_00023068,pdam_00002839,pdam_00004788,pdam_00006936,pdam_00004802,pdam_00025802,pdam_00009664,pdam_00008754,pdam_00009225,pdam_00020063,pdam_00012616,pdam_00004698,pdam_00024289,pdam_00008136,pdam_00003762,pdam_00019064,pdam_00003724,pdam_00024726,pdam_00004742,pdam_00003766,pdam_00007954,pdam_00013790,pdam_00019791,pdam_00019787,pdam_00013782,pdam_00004238,pdam_00012222,pdam_00018255,pdam_00022876,pdam_00014588,pdam_00014586,pdam_00018880,pdam_00016519,pdam_00020612,pdam_00015259,pdam_00018259,pdam_00014264,pdam_00014262,pdam_00021998,pdam_00017068,pdam_00004404,pdam_00004391,pdam_00000339,pdam_00000445,pdam_00000454,pdam_00000409,pdam_00000479,pdam_00000422,pdam_00010727,pdam_00012133,pdam_00014892,pdam_00021780,pdam_00022046,pdam_00009309,pdam_00014102,pdam_00012710,pdam_00007428,pdam_00007411,pdam_00021809,pdam_00022890,pdam_00001647,pdam_00018733,pdam_00016049,pdam_00001638,pdam_00001649,pdam_00012107,pdam_00004456,pdam_00002414,pdam_00002392,pdam_00002348,pdam_00021970,pdam_00011066,pdam_00018048,pdam_00008253,pdam_00008238,pdam_00017945,pdam_00020974,pdam_00025195,pdam_00005769,pdam_00021309,pdam_00005000,pdam_00022836,pdam_00006725,pdam_00000205,pdam_00020103,pdam_00010745,pdam_00006460,pdam_00006435,pdam_00009513,pdam_00010794,pdam_00014634,pdam_00014621,pdam_00016318,pdam_00014609,pdam_00018163,pdam_00009779,pdam_00015654,pdam_00015653,pdam_00015660,pdam_00019018,pdam_00010125,pdam_00010115,pdam_00009090,pdam_00001408,pdam_00007786,pdam_00003494,pdam_00003487,pdam_00007800,pdam_00013732,pdam_00021291,pdam_00003555
GO Component	GO:0043231	Intracellular membrane-bounded organelle	152	6872	0.28	0.9	4.21e-17	46731.A0A3M6T4E8,46731.A0A3M6T5H6,46731.A0A3M6T5Y0,46731.A0A3M6T791,46731.A0A3M6T7D4,46731.A0A3M6T7F8,46731.A0A3M6T7W5,46731.A0A3M6T850,46731.A0A3M6T859,46731.A0A3M6T8G2,46731.A0A3M6T8K9,46731.A0A3M6T8R9,46731.A0A3M6TA01,46731.A0A3M6TA15,46731.A0A3M6TA59,46731.A0A3M6TA69,46731.A0A3M6TB20,46731.A0A3M6TBE9,46731.A0A3M6TBS6,46731.A0A3M6TBY4,46731.A0A3M6TCC2,46731.A0A3M6TE10,46731.A0A3M6TE18,46731.A0A3M6TE54,46731.A0A3M6TEY2,46731.A0A3M6TFV3,46731.A0A3M6TFY6,46731.A0A3M6TFZ0,46731.A0A3M6TG32,46731.A0A3M6TIE9,46731.A0A3M6TIG2,46731.A0A3M6TIW2,46731.A0A3M6TJ99,46731.A0A3M6TJN8,46731.A0A3M6TJT8,46731.A0A3M6TKJ3,46731.A0A3M6TKY8,46731.A0A3M6TKZ8,46731.A0A3M6TL39,46731.A0A3M6TLW2,46731.A0A3M6TLW4,46731.A0A3M6TM07,46731.A0A3M6TMP8,46731.A0A3M6TNN2,46731.A0A3M6TP49,46731.A0A3M6TPN3,46731.A0A3M6TPQ1,46731.A0A3M6TPV9,46731.A0A3M6TPW2,46731.A0A3M6TQS7,46731.A0A3M6TQX8,46731.A0A3M6TR41,46731.A0A3M6TRM3,46731.A0A3M6TS23,46731.A0A3M6TS67,46731.A0A3M6TSJ0,46731.A0A3M6TSS3,46731.A0A3M6TT97,46731.A0A3M6TTL3,46731.A0A3M6TTM3,46731.A0A3M6TV28,46731.A0A3M6TVI9,46731.A0A3M6TVU3,46731.A0A3M6TW24,46731.A0A3M6TW28,46731.A0A3M6TWG7,46731.A0A3M6TXW0,46731.A0A3M6TYA4,46731.A0A3M6U001,46731.A0A3M6U0B6,46731.A0A3M6U0L4,46731.A0A3M6U1V1,46731.A0A3M6U240,46731.A0A3M6U476,46731.A0A3M6U4D0,46731.A0A3M6U6M4,46731.A0A3M6U6U8,46731.A0A3M6U6Y6,46731.A0A3M6U6Z0,46731.A0A3M6U718,46731.A0A3M6U7D5,46731.A0A3M6U8W0,46731.A0A3M6U9P5,46731.A0A3M6U9R5,46731.A0A3M6U9S4,46731.A0A3M6UAD5,46731.A0A3M6UCV6,46731.A0A3M6UD30,46731.A0A3M6UEH8,46731.A0A3M6UEQ9,46731.A0A3M6UEY3,46731.A0A3M6UF22,46731.A0A3M6UF48,46731.A0A3M6UFT1,46731.A0A3M6UFV2,46731.A0A3M6UFX3,46731.A0A3M6UGA4,46731.A0A3M6UGJ6,46731.A0A3M6UH53,46731.A0A3M6UHC0,46731.A0A3M6UHG6,46731.A0A3M6UHU7,46731.A0A3M6UHW5,46731.A0A3M6UIB2,46731.A0A3M6UID9,46731.A0A3M6UIG3,46731.A0A3M6UIR6,46731.A0A3M6UJ45,46731.A0A3M6UJ97,46731.A0A3M6UJA3,46731.A0A3M6UJE5,46731.A0A3M6UK08,46731.A0A3M6UKN1,46731.A0A3M6ULW6,46731.A0A3M6UNC3,46731.A0A3M6UNE3,46731.A0A3M6UPR6,46731.A0A3M6UPY5,46731.A0A3M6UQB5,46731.A0A3M6UR13,46731.A0A3M6URP1,46731.A0A3M6USN2,46731.A0A3M6USP0,46731.A0A3M6UTH3,46731.A0A3M6UTW3,46731.A0A3M6UTX3,46731.A0A3M6UU20,46731.A0A3M6UU80,46731.A0A3M6UV95,46731.A0A3M6UVH1,46731.A0A3M6UVI4,46731.A0A3M6UXV6,46731.A0A3M6UXZ1,46731.A0A3M6UY44,46731.A0A3M6UYI8,46731.A0A3M6UZ57,46731.A0A3M6UZ63,46731.A0A3M6UZA8,46731.A0A3M6UZN8,46731.A0A3M6V0I6,46731.A0A3M6V0P4,46731.A0A3M6V2C8,46731.A0A3M6V2I4,46731.A0A3M6V2M9,46731.A0A3M6V3Y5,46731.A0A3M6V4G4,46731.A0A3M6V4J9,46731.A0A3M6V4Z0,46731.A0A3M6V544,46731.A0A3M6V6P4,46731.A0A3M6V835,46731.A0A3M6VAZ3	pdam_00010187,pdam_00023825,pdam_00023829,pdam_00023609,pdam_00011395,pdam_00015452,pdam_00011709,pdam_00012832,pdam_00012840,pdam_00016618,pdam_00006598,pdam_00006596,pdam_00003401,pdam_00003396,pdam_00003362,pdam_00003354,pdam_00008393,pdam_00005938,pdam_00016758,pdam_00016757,pdam_00021861,pdam_00008075,pdam_00003991,pdam_00004005,pdam_00007156,pdam_00008682,pdam_00008718,pdam_00008719,pdam_00008709,pdam_00003288,pdam_00013236,pdam_00012769,pdam_00012263,pdam_00008902,pdam_00019853,pdam_00012481,pdam_00001226,pdam_00001292,pdam_00001230,pdam_00004931,pdam_00011619,pdam_00004865,pdam_00013372,pdam_00001763,pdam_00006876,pdam_00014959,pdam_00014568,pdam_00001877,pdam_00014944,pdam_00019503,pdam_00006368,pdam_00017047,pdam_00017576,pdam_00002539,pdam_00005262,pdam_00015979,pdam_00010068,pdam_00006037,pdam_00009208,pdam_00009205,pdam_00021091,pdam_00015715,pdam_00015716,pdam_00013095,pdam_00008410,pdam_00013096,pdam_00000668,pdam_00000589,pdam_00011918,pdam_00021756,pdam_00022817,pdam_00002115,pdam_00013597,pdam_00015211,pdam_00015203,pdam_00013566,pdam_00011230,pdam_00015309,pdam_00018217,pdam_00015311,pdam_00017441,pdam_00002839,pdam_00004788,pdam_00006936,pdam_00004802,pdam_00009664,pdam_00004698,pdam_00024289,pdam_00019064,pdam_00003724,pdam_00004742,pdam_00003766,pdam_00007954,pdam_00013790,pdam_00019791,pdam_00019787,pdam_00004238,pdam_00012222,pdam_00018255,pdam_00014588,pdam_00018880,pdam_00016519,pdam_00020612,pdam_00014264,pdam_00014262,pdam_00017068,pdam_00004391,pdam_00000445,pdam_00000454,pdam_00000409,pdam_00000479,pdam_00010727,pdam_00012133,pdam_00009309,pdam_00007428,pdam_00007411,pdam_00018733,pdam_00016049,pdam_00001638,pdam_00012107,pdam_00004456,pdam_00002392,pdam_00002348,pdam_00011066,pdam_00018048,pdam_00008253,pdam_00008238,pdam_00017945,pdam_00005769,pdam_00021309,pdam_00005000,pdam_00000205,pdam_00020103,pdam_00006460,pdam_00009513,pdam_00014634,pdam_00014621,pdam_00018163,pdam_00009779,pdam_00015654,pdam_00015653,pdam_00019018,pdam_00010125,pdam_00010115,pdam_00001408,pdam_00007786,pdam_00003494,pdam_00003487,pdam_00007800,pdam_00013732,pdam_00021291,pdam_00003555
GO Component	GO:0043227	Membrane-bounded organelle	157	7272	0.27	0.89	5.17e-17	46731.A0A3M6T4E8,46731.A0A3M6T5H6,46731.A0A3M6T5Y0,46731.A0A3M6T791,46731.A0A3M6T7D4,46731.A0A3M6T7F8,46731.A0A3M6T7W5,46731.A0A3M6T850,46731.A0A3M6T859,46731.A0A3M6T8G2,46731.A0A3M6T8K9,46731.A0A3M6T8R9,46731.A0A3M6TA01,46731.A0A3M6TA15,46731.A0A3M6TA59,46731.A0A3M6TA69,46731.A0A3M6TAC9,46731.A0A3M6TB20,46731.A0A3M6TBE9,46731.A0A3M6TBS6,46731.A0A3M6TBY4,46731.A0A3M6TCC2,46731.A0A3M6TE10,46731.A0A3M6TE18,46731.A0A3M6TE54,46731.A0A3M6TEY2,46731.A0A3M6TFV3,46731.A0A3M6TFY6,46731.A0A3M6TFZ0,46731.A0A3M6TG32,46731.A0A3M6TIE9,46731.A0A3M6TIG2,46731.A0A3M6TIW2,46731.A0A3M6TJ99,46731.A0A3M6TJN8,46731.A0A3M6TJT8,46731.A0A3M6TKJ3,46731.A0A3M6TKY8,46731.A0A3M6TKZ8,46731.A0A3M6TL39,46731.A0A3M6TLW2,46731.A0A3M6TLW4,46731.A0A3M6TM07,46731.A0A3M6TMP8,46731.A0A3M6TNN2,46731.A0A3M6TP49,46731.A0A3M6TPN3,46731.A0A3M6TPQ1,46731.A0A3M6TPV9,46731.A0A3M6TPW2,46731.A0A3M6TQS7,46731.A0A3M6TQX8,46731.A0A3M6TR41,46731.A0A3M6TRM3,46731.A0A3M6TS23,46731.A0A3M6TS67,46731.A0A3M6TSJ0,46731.A0A3M6TSS3,46731.A0A3M6TT97,46731.A0A3M6TTL3,46731.A0A3M6TTM3,46731.A0A3M6TV28,46731.A0A3M6TVI9,46731.A0A3M6TVU3,46731.A0A3M6TW10,46731.A0A3M6TW24,46731.A0A3M6TW28,46731.A0A3M6TWG7,46731.A0A3M6TXW0,46731.A0A3M6TYA4,46731.A0A3M6U001,46731.A0A3M6U0B6,46731.A0A3M6U0L4,46731.A0A3M6U1V1,46731.A0A3M6U240,46731.A0A3M6U476,46731.A0A3M6U4D0,46731.A0A3M6U4W1,46731.A0A3M6U6M4,46731.A0A3M6U6U8,46731.A0A3M6U6Y6,46731.A0A3M6U6Z0,46731.A0A3M6U718,46731.A0A3M6U7D5,46731.A0A3M6U8W0,46731.A0A3M6U9P5,46731.A0A3M6U9R5,46731.A0A3M6U9S4,46731.A0A3M6UAD5,46731.A0A3M6UAJ1,46731.A0A3M6UCC7,46731.A0A3M6UCV6,46731.A0A3M6UD30,46731.A0A3M6UEH8,46731.A0A3M6UEQ9,46731.A0A3M6UEY3,46731.A0A3M6UF22,46731.A0A3M6UF48,46731.A0A3M6UFT1,46731.A0A3M6UFV2,46731.A0A3M6UFX3,46731.A0A3M6UGA4,46731.A0A3M6UGJ6,46731.A0A3M6UH53,46731.A0A3M6UHC0,46731.A0A3M6UHG6,46731.A0A3M6UHU7,46731.A0A3M6UHW5,46731.A0A3M6UIB2,46731.A0A3M6UID9,46731.A0A3M6UIG3,46731.A0A3M6UIR6,46731.A0A3M6UJ45,46731.A0A3M6UJ97,46731.A0A3M6UJA3,46731.A0A3M6UJE5,46731.A0A3M6UK08,46731.A0A3M6UKN1,46731.A0A3M6ULW6,46731.A0A3M6UNC3,46731.A0A3M6UNE3,46731.A0A3M6UPR6,46731.A0A3M6UPY5,46731.A0A3M6UQB5,46731.A0A3M6UR13,46731.A0A3M6URP1,46731.A0A3M6USN2,46731.A0A3M6USP0,46731.A0A3M6UTH3,46731.A0A3M6UTW3,46731.A0A3M6UTX3,46731.A0A3M6UU20,46731.A0A3M6UU80,46731.A0A3M6UV95,46731.A0A3M6UVH1,46731.A0A3M6UVI4,46731.A0A3M6UXV6,46731.A0A3M6UXZ1,46731.A0A3M6UY44,46731.A0A3M6UYI8,46731.A0A3M6UZ57,46731.A0A3M6UZ63,46731.A0A3M6UZA8,46731.A0A3M6UZN8,46731.A0A3M6V0I6,46731.A0A3M6V0P4,46731.A0A3M6V2C8,46731.A0A3M6V2I4,46731.A0A3M6V2M9,46731.A0A3M6V3Y5,46731.A0A3M6V4G4,46731.A0A3M6V4J9,46731.A0A3M6V4Z0,46731.A0A3M6V544,46731.A0A3M6V6P4,46731.A0A3M6V835,46731.A0A3M6VAZ3	pdam_00010187,pdam_00023825,pdam_00023829,pdam_00023609,pdam_00011395,pdam_00015452,pdam_00011709,pdam_00012832,pdam_00012840,pdam_00016618,pdam_00006598,pdam_00006596,pdam_00003401,pdam_00003396,pdam_00003362,pdam_00003354,pdam_00003413,pdam_00008393,pdam_00005938,pdam_00016758,pdam_00016757,pdam_00021861,pdam_00008075,pdam_00003991,pdam_00004005,pdam_00007156,pdam_00008682,pdam_00008718,pdam_00008719,pdam_00008709,pdam_00003288,pdam_00013236,pdam_00012769,pdam_00012263,pdam_00008902,pdam_00019853,pdam_00012481,pdam_00001226,pdam_00001292,pdam_00001230,pdam_00004931,pdam_00011619,pdam_00004865,pdam_00013372,pdam_00001763,pdam_00006876,pdam_00014959,pdam_00014568,pdam_00001877,pdam_00014944,pdam_00019503,pdam_00006368,pdam_00017047,pdam_00017576,pdam_00002539,pdam_00005262,pdam_00015979,pdam_00010068,pdam_00006037,pdam_00009208,pdam_00009205,pdam_00021091,pdam_00015715,pdam_00015716,pdam_00023243,pdam_00013095,pdam_00008410,pdam_00013096,pdam_00000668,pdam_00000589,pdam_00011918,pdam_00021756,pdam_00022817,pdam_00002115,pdam_00013597,pdam_00015211,pdam_00015203,pdam_00001606,pdam_00013566,pdam_00011230,pdam_00015309,pdam_00018217,pdam_00015311,pdam_00017441,pdam_00002839,pdam_00004788,pdam_00006936,pdam_00004802,pdam_00009664,pdam_00009225,pdam_00020063,pdam_00004698,pdam_00024289,pdam_00019064,pdam_00003724,pdam_00004742,pdam_00003766,pdam_00007954,pdam_00013790,pdam_00019791,pdam_00019787,pdam_00004238,pdam_00012222,pdam_00018255,pdam_00014588,pdam_00018880,pdam_00016519,pdam_00020612,pdam_00014264,pdam_00014262,pdam_00017068,pdam_00004391,pdam_00000445,pdam_00000454,pdam_00000409,pdam_00000479,pdam_00010727,pdam_00012133,pdam_00009309,pdam_00007428,pdam_00007411,pdam_00018733,pdam_00016049,pdam_00001638,pdam_00012107,pdam_00004456,pdam_00002392,pdam_00002348,pdam_00011066,pdam_00018048,pdam_00008253,pdam_00008238,pdam_00017945,pdam_00005769,pdam_00021309,pdam_00005000,pdam_00000205,pdam_00020103,pdam_00006460,pdam_00009513,pdam_00014634,pdam_00014621,pdam_00018163,pdam_00009779,pdam_00015654,pdam_00015653,pdam_00019018,pdam_00010125,pdam_00010115,pdam_00001408,pdam_00007786,pdam_00003494,pdam_00003487,pdam_00007800,pdam_00013732,pdam_00021291,pdam_00003555
GO Component	GO:0005737	Cytoplasm	151	7265	0.26	0.83	1.81e-14	46731.A0A3M6T4I7,46731.A0A3M6T5H6,46731.A0A3M6T5Y0,46731.A0A3M6T603,46731.A0A3M6T791,46731.A0A3M6T7F8,46731.A0A3M6T7W5,46731.A0A3M6T850,46731.A0A3M6T859,46731.A0A3M6T8G2,46731.A0A3M6T8J9,46731.A0A3M6T8K3,46731.A0A3M6T8K9,46731.A0A3M6T8R9,46731.A0A3M6T8Z9,46731.A0A3M6TA01,46731.A0A3M6TA69,46731.A0A3M6TAC9,46731.A0A3M6TB20,46731.A0A3M6TBG2,46731.A0A3M6TCC2,46731.A0A3M6TCR8,46731.A0A3M6TE10,46731.A0A3M6TE18,46731.A0A3M6TEV3,46731.A0A3M6TEY2,46731.A0A3M6TFV3,46731.A0A3M6TFY6,46731.A0A3M6TG32,46731.A0A3M6TG89,46731.A0A3M6TG98,46731.A0A3M6TIE9,46731.A0A3M6TJE1,46731.A0A3M6TJN8,46731.A0A3M6TJT8,46731.A0A3M6TKJ3,46731.A0A3M6TKM6,46731.A0A3M6TL27,46731.A0A3M6TL39,46731.A0A3M6TLW4,46731.A0A3M6TM07,46731.A0A3M6TMP8,46731.A0A3M6TNR5,46731.A0A3M6TPN3,46731.A0A3M6TPQ1,46731.A0A3M6TPV9,46731.A0A3M6TQS7,46731.A0A3M6TQX8,46731.A0A3M6TR41,46731.A0A3M6TS67,46731.A0A3M6TSJ0,46731.A0A3M6TSS3,46731.A0A3M6TSZ0,46731.A0A3M6TT97,46731.A0A3M6TTL3,46731.A0A3M6TTM3,46731.A0A3M6TTW5,46731.A0A3M6TU54,46731.A0A3M6TU90,46731.A0A3M6TUA7,46731.A0A3M6TUV9,46731.A0A3M6TUX3,46731.A0A3M6TV28,46731.A0A3M6TW10,46731.A0A3M6TW24,46731.A0A3M6TW28,46731.A0A3M6TXA2,46731.A0A3M6TXW0,46731.A0A3M6TYA4,46731.A0A3M6TZ44,46731.A0A3M6U001,46731.A0A3M6U0L4,46731.A0A3M6U1I7,46731.A0A3M6U240,46731.A0A3M6U375,46731.A0A3M6U379,46731.A0A3M6U3B9,46731.A0A3M6U409,46731.A0A3M6U476,46731.A0A3M6U4D0,46731.A0A3M6U4W1,46731.A0A3M6U6Y6,46731.A0A3M6U7C6,46731.A0A3M6U7D5,46731.A0A3M6U857,46731.A0A3M6U8U6,46731.A0A3M6U8W0,46731.A0A3M6U9P5,46731.A0A3M6U9S4,46731.A0A3M6UAD5,46731.A0A3M6UAJ1,46731.A0A3M6UCV6,46731.A0A3M6UEQ9,46731.A0A3M6UEY3,46731.A0A3M6UF48,46731.A0A3M6UFT1,46731.A0A3M6UFV2,46731.A0A3M6UGA4,46731.A0A3M6UGJ6,46731.A0A3M6UH53,46731.A0A3M6UHC3,46731.A0A3M6UHY7,46731.A0A3M6UIB2,46731.A0A3M6UID9,46731.A0A3M6UIG3,46731.A0A3M6UIR6,46731.A0A3M6UJ20,46731.A0A3M6UJ45,46731.A0A3M6UJ97,46731.A0A3M6UJA3,46731.A0A3M6UJE5,46731.A0A3M6UJG5,46731.A0A3M6UKN1,46731.A0A3M6UKW5,46731.A0A3M6ULV4,46731.A0A3M6ULW6,46731.A0A3M6UMU5,46731.A0A3M6UNF4,46731.A0A3M6UPR6,46731.A0A3M6UPY5,46731.A0A3M6UQB5,46731.A0A3M6UR13,46731.A0A3M6USJ7,46731.A0A3M6USP0,46731.A0A3M6UTD1,46731.A0A3M6UTW3,46731.A0A3M6UTX3,46731.A0A3M6UU20,46731.A0A3M6UU80,46731.A0A3M6UUW7,46731.A0A3M6UV95,46731.A0A3M6UVH1,46731.A0A3M6UVI4,46731.A0A3M6UXV6,46731.A0A3M6UY44,46731.A0A3M6UYC1,46731.A0A3M6UYI8,46731.A0A3M6UYS8,46731.A0A3M6UZ57,46731.A0A3M6UZ63,46731.A0A3M6UZ76,46731.A0A3M6UZA8,46731.A0A3M6UZN8,46731.A0A3M6V0I6,46731.A0A3M6V2C8,46731.A0A3M6V2M9,46731.A0A3M6V4G4,46731.A0A3M6V544,46731.A0A3M6V6P4,46731.A0A3M6V835,46731.A0A3M6VAZ3	pdam_00022847,pdam_00023825,pdam_00023829,pdam_00008984,pdam_00023609,pdam_00015452,pdam_00011709,pdam_00012832,pdam_00012840,pdam_00016618,pdam_00004319,pdam_00004294,pdam_00006598,pdam_00006596,pdam_00024990,pdam_00003401,pdam_00003354,pdam_00003413,pdam_00008393,pdam_00012455,pdam_00021861,pdam_00017598,pdam_00008075,pdam_00003991,pdam_00022019,pdam_00007156,pdam_00008682,pdam_00008718,pdam_00008709,pdam_00009478,pdam_00009454,pdam_00003288,pdam_00016836,pdam_00008902,pdam_00019853,pdam_00012481,pdam_00006627,pdam_00001342,pdam_00001230,pdam_00011619,pdam_00004865,pdam_00013372,pdam_00001796,pdam_00014959,pdam_00014568,pdam_00001877,pdam_00019503,pdam_00006368,pdam_00017047,pdam_00005262,pdam_00015979,pdam_00010068,pdam_00006080,pdam_00006037,pdam_00009208,pdam_00009205,pdam_00009296,pdam_00012546,pdam_00012559,pdam_00021506,pdam_00023639,pdam_00021088,pdam_00021091,pdam_00023243,pdam_00013095,pdam_00008410,pdam_00002072,pdam_00000668,pdam_00000589,pdam_00012402,pdam_00011918,pdam_00022817,pdam_00002205,pdam_00013597,pdam_00002599,pdam_00002605,pdam_00015371,pdam_00011131,pdam_00015211,pdam_00015203,pdam_00001606,pdam_00015309,pdam_00003047,pdam_00017441,pdam_00008585,pdam_00023068,pdam_00002839,pdam_00004788,pdam_00004802,pdam_00009664,pdam_00009225,pdam_00004698,pdam_00003724,pdam_00004742,pdam_00007954,pdam_00013790,pdam_00019791,pdam_00004238,pdam_00012222,pdam_00018255,pdam_00014586,pdam_00015259,pdam_00014264,pdam_00014262,pdam_00017068,pdam_00004391,pdam_00000339,pdam_00000445,pdam_00000454,pdam_00000409,pdam_00000479,pdam_00000422,pdam_00012133,pdam_00021780,pdam_00022046,pdam_00009309,pdam_00012710,pdam_00021809,pdam_00018733,pdam_00016049,pdam_00001638,pdam_00012107,pdam_00002414,pdam_00002348,pdam_00021970,pdam_00018048,pdam_00008253,pdam_00008238,pdam_00017945,pdam_00020974,pdam_00005769,pdam_00021309,pdam_00005000,pdam_00000205,pdam_00006460,pdam_00006435,pdam_00009513,pdam_00010794,pdam_00014634,pdam_00014621,pdam_00014609,pdam_00018163,pdam_00009779,pdam_00015654,pdam_00019018,pdam_00010115,pdam_00007786,pdam_00007800,pdam_00013732,pdam_00021291,pdam_00003555
GO Component	GO:0032991	Protein-containing complex	83	3131	0.36	0.93	2.54e-11	46731.A0A3M6T4I7,46731.A0A3M6T4W5,46731.A0A3M6T603,46731.A0A3M6T7D4,46731.A0A3M6T7F8,46731.A0A3M6T7G3,46731.A0A3M6T7K0,46731.A0A3M6T850,46731.A0A3M6T859,46731.A0A3M6T8R9,46731.A0A3M6TAC9,46731.A0A3M6TE18,46731.A0A3M6TE54,46731.A0A3M6TG98,46731.A0A3M6TIG2,46731.A0A3M6TIW2,46731.A0A3M6TJ99,46731.A0A3M6TJT8,46731.A0A3M6TKJ3,46731.A0A3M6TKM6,46731.A0A3M6TKY8,46731.A0A3M6TKZ8,46731.A0A3M6TL27,46731.A0A3M6TLW2,46731.A0A3M6TLW4,46731.A0A3M6TM07,46731.A0A3M6TMP8,46731.A0A3M6TNN2,46731.A0A3M6TP49,46731.A0A3M6TPN3,46731.A0A3M6TPQ1,46731.A0A3M6TQX8,46731.A0A3M6TR41,46731.A0A3M6TTL3,46731.A0A3M6TTW5,46731.A0A3M6TU70,46731.A0A3M6TU90,46731.A0A3M6TUV9,46731.A0A3M6TUX3,46731.A0A3M6TV28,46731.A0A3M6TVU3,46731.A0A3M6TW10,46731.A0A3M6TZ44,46731.A0A3M6U001,46731.A0A3M6U2U8,46731.A0A3M6U375,46731.A0A3M6U6Y6,46731.A0A3M6U718,46731.A0A3M6U9P5,46731.A0A3M6U9R5,46731.A0A3M6U9S4,46731.A0A3M6UCC7,46731.A0A3M6UD30,46731.A0A3M6UEH8,46731.A0A3M6UF22,46731.A0A3M6UFV2,46731.A0A3M6UH46,46731.A0A3M6UHC0,46731.A0A3M6UHC3,46731.A0A3M6UHG6,46731.A0A3M6UHU7,46731.A0A3M6UHW5,46731.A0A3M6UIB2,46731.A0A3M6UIG3,46731.A0A3M6UJ97,46731.A0A3M6UJA3,46731.A0A3M6UK08,46731.A0A3M6UMU5,46731.A0A3M6UNC3,46731.A0A3M6UP13,46731.A0A3M6URP1,46731.A0A3M6USN2,46731.A0A3M6UTH3,46731.A0A3M6UTW3,46731.A0A3M6UVI4,46731.A0A3M6UXZ1,46731.A0A3M6UZ57,46731.A0A3M6UZ71,46731.A0A3M6V0I6,46731.A0A3M6V0P4,46731.A0A3M6V2I4,46731.A0A3M6V835,46731.A0A3M6VAZ3	pdam_00022847,pdam_00005253,pdam_00008984,pdam_00011395,pdam_00015452,pdam_00023611,pdam_00023608,pdam_00012832,pdam_00012840,pdam_00006596,pdam_00003413,pdam_00003991,pdam_00004005,pdam_00009454,pdam_00013236,pdam_00012769,pdam_00012263,pdam_00019853,pdam_00012481,pdam_00006627,pdam_00001226,pdam_00001292,pdam_00001342,pdam_00004931,pdam_00011619,pdam_00004865,pdam_00013372,pdam_00001763,pdam_00006876,pdam_00014959,pdam_00014568,pdam_00006368,pdam_00017047,pdam_00009208,pdam_00009296,pdam_00018186,pdam_00012559,pdam_00023639,pdam_00021088,pdam_00021091,pdam_00015716,pdam_00023243,pdam_00012402,pdam_00011918,pdam_00005338,pdam_00002599,pdam_00015309,pdam_00015311,pdam_00004788,pdam_00006936,pdam_00004802,pdam_00020063,pdam_00024289,pdam_00019064,pdam_00003766,pdam_00019791,pdam_00011345,pdam_00014588,pdam_00014586,pdam_00018880,pdam_00016519,pdam_00020612,pdam_00014264,pdam_00017068,pdam_00000454,pdam_00000409,pdam_00010727,pdam_00012710,pdam_00007428,pdam_00019360,pdam_00004456,pdam_00002392,pdam_00011066,pdam_00018048,pdam_00005000,pdam_00020103,pdam_00014634,pdam_00016318,pdam_00015654,pdam_00015653,pdam_00010125,pdam_00021291,pdam_00003555
GO Component	GO:0005634	Nucleus	87	3815	0.3	0.76	1.47e-08	46731.A0A3M6T4E8,46731.A0A3M6T5H6,46731.A0A3M6T5Y0,46731.A0A3M6T7D4,46731.A0A3M6T7F8,46731.A0A3M6T859,46731.A0A3M6T8G2,46731.A0A3M6T8K9,46731.A0A3M6T8R9,46731.A0A3M6TA59,46731.A0A3M6TA69,46731.A0A3M6TBE9,46731.A0A3M6TBS6,46731.A0A3M6TBY4,46731.A0A3M6TE54,46731.A0A3M6TEY2,46731.A0A3M6TFZ0,46731.A0A3M6TIG2,46731.A0A3M6TIW2,46731.A0A3M6TJ99,46731.A0A3M6TJN8,46731.A0A3M6TJT8,46731.A0A3M6TKJ3,46731.A0A3M6TKZ8,46731.A0A3M6TL39,46731.A0A3M6TLW2,46731.A0A3M6TLW4,46731.A0A3M6TNN2,46731.A0A3M6TPN3,46731.A0A3M6TPV9,46731.A0A3M6TPW2,46731.A0A3M6TQS7,46731.A0A3M6TQX8,46731.A0A3M6TRM3,46731.A0A3M6TS23,46731.A0A3M6TS67,46731.A0A3M6TSS3,46731.A0A3M6TT97,46731.A0A3M6TTL3,46731.A0A3M6TV28,46731.A0A3M6TVU3,46731.A0A3M6TW24,46731.A0A3M6TWG7,46731.A0A3M6U001,46731.A0A3M6U0B6,46731.A0A3M6U1V1,46731.A0A3M6U6M4,46731.A0A3M6U6U8,46731.A0A3M6U6Z0,46731.A0A3M6U718,46731.A0A3M6U9P5,46731.A0A3M6U9R5,46731.A0A3M6UCV6,46731.A0A3M6UD30,46731.A0A3M6UEH8,46731.A0A3M6UEQ9,46731.A0A3M6UEY3,46731.A0A3M6UF22,46731.A0A3M6UF48,46731.A0A3M6UFX3,46731.A0A3M6UHC0,46731.A0A3M6UHG6,46731.A0A3M6UHU7,46731.A0A3M6UHW5,46731.A0A3M6UIB2,46731.A0A3M6UIG3,46731.A0A3M6UJ45,46731.A0A3M6UJ97,46731.A0A3M6UK08,46731.A0A3M6UKN1,46731.A0A3M6ULW6,46731.A0A3M6UNC3,46731.A0A3M6UNE3,46731.A0A3M6UPY5,46731.A0A3M6URP1,46731.A0A3M6USN2,46731.A0A3M6UTH3,46731.A0A3M6UVI4,46731.A0A3M6UXZ1,46731.A0A3M6UYI8,46731.A0A3M6UZ57,46731.A0A3M6V0P4,46731.A0A3M6V2I4,46731.A0A3M6V3Y5,46731.A0A3M6V4G4,46731.A0A3M6V6P4,46731.A0A3M6VAZ3	pdam_00010187,pdam_00023825,pdam_00023829,pdam_00011395,pdam_00015452,pdam_00012840,pdam_00016618,pdam_00006598,pdam_00006596,pdam_00003362,pdam_00003354,pdam_00005938,pdam_00016758,pdam_00016757,pdam_00004005,pdam_00007156,pdam_00008719,pdam_00013236,pdam_00012769,pdam_00012263,pdam_00008902,pdam_00019853,pdam_00012481,pdam_00001292,pdam_00001230,pdam_00004931,pdam_00011619,pdam_00001763,pdam_00014959,pdam_00001877,pdam_00014944,pdam_00019503,pdam_00006368,pdam_00017576,pdam_00002539,pdam_00005262,pdam_00010068,pdam_00006037,pdam_00009208,pdam_00021091,pdam_00015716,pdam_00013095,pdam_00013096,pdam_00011918,pdam_00021756,pdam_00002115,pdam_00013566,pdam_00011230,pdam_00018217,pdam_00015311,pdam_00004788,pdam_00006936,pdam_00004698,pdam_00024289,pdam_00019064,pdam_00003724,pdam_00004742,pdam_00003766,pdam_00007954,pdam_00019787,pdam_00014588,pdam_00018880,pdam_00016519,pdam_00020612,pdam_00014264,pdam_00017068,pdam_00000445,pdam_00000454,pdam_00010727,pdam_00012133,pdam_00009309,pdam_00007428,pdam_00007411,pdam_00016049,pdam_00004456,pdam_00002392,pdam_00011066,pdam_00005000,pdam_00020103,pdam_00009513,pdam_00014634,pdam_00015653,pdam_00010125,pdam_00001408,pdam_00007786,pdam_00013732,pdam_00003555
GO Component	GO:0043232	Intracellular non-membrane-bounded organelle	56	2143	0.36	0.75	7.01e-07	46731.A0A3M6T4I7,46731.A0A3M6T5Y0,46731.A0A3M6T859,46731.A0A3M6T8G2,46731.A0A3M6T8R9,46731.A0A3M6TA01,46731.A0A3M6TAC9,46731.A0A3M6TB20,46731.A0A3M6TCR8,46731.A0A3M6TE54,46731.A0A3M6TEY2,46731.A0A3M6TFZ0,46731.A0A3M6TG98,46731.A0A3M6TKJ3,46731.A0A3M6TKM6,46731.A0A3M6TKZ8,46731.A0A3M6TL27,46731.A0A3M6TLW4,46731.A0A3M6TMP8,46731.A0A3M6TNR5,46731.A0A3M6TPV9,46731.A0A3M6TQS7,46731.A0A3M6TS23,46731.A0A3M6TSZ0,46731.A0A3M6TU54,46731.A0A3M6TUX3,46731.A0A3M6TW10,46731.A0A3M6TW28,46731.A0A3M6TZ35,46731.A0A3M6U1V1,46731.A0A3M6U375,46731.A0A3M6U379,46731.A0A3M6U4W1,46731.A0A3M6U6M4,46731.A0A3M6U718,46731.A0A3M6U857,46731.A0A3M6U8U6,46731.A0A3M6U9P5,46731.A0A3M6UAD9,46731.A0A3M6UCC7,46731.A0A3M6UCV6,46731.A0A3M6UF22,46731.A0A3M6UFX3,46731.A0A3M6UHY7,46731.A0A3M6UIG3,46731.A0A3M6UJ45,46731.A0A3M6UKN1,46731.A0A3M6UNC3,46731.A0A3M6UNE3,46731.A0A3M6URP1,46731.A0A3M6UTD1,46731.A0A3M6UTW3,46731.A0A3M6UXZ1,46731.A0A3M6UYI8,46731.A0A3M6UZA8,46731.A0A3M6V2I4	pdam_00022847,pdam_00023829,pdam_00012840,pdam_00016618,pdam_00006596,pdam_00003401,pdam_00003413,pdam_00008393,pdam_00017598,pdam_00004005,pdam_00007156,pdam_00008719,pdam_00009454,pdam_00012481,pdam_00006627,pdam_00001292,pdam_00001342,pdam_00011619,pdam_00013372,pdam_00001796,pdam_00001877,pdam_00019503,pdam_00002539,pdam_00006080,pdam_00012546,pdam_00021088,pdam_00023243,pdam_00008410,pdam_00018721,pdam_00002115,pdam_00002599,pdam_00002605,pdam_00001606,pdam_00013566,pdam_00015311,pdam_00008585,pdam_00023068,pdam_00004788,pdam_00008754,pdam_00020063,pdam_00004698,pdam_00003766,pdam_00019787,pdam_00015259,pdam_00017068,pdam_00000445,pdam_00012133,pdam_00007428,pdam_00007411,pdam_00004456,pdam_00021970,pdam_00018048,pdam_00020103,pdam_00009513,pdam_00018163,pdam_00010125
GO Component	GO:1902494	Catalytic complex	32	959	0.46	0.77	8.90e-06	46731.A0A3M6T4I7,46731.A0A3M6T7F8,46731.A0A3M6T850,46731.A0A3M6T8R9,46731.A0A3M6TIG2,46731.A0A3M6TIW2,46731.A0A3M6TKZ8,46731.A0A3M6TLW2,46731.A0A3M6TLW4,46731.A0A3M6TP49,46731.A0A3M6TQX8,46731.A0A3M6TTL3,46731.A0A3M6TVU3,46731.A0A3M6U001,46731.A0A3M6U6Y6,46731.A0A3M6U718,46731.A0A3M6U9R5,46731.A0A3M6UF22,46731.A0A3M6UFV2,46731.A0A3M6UHC3,46731.A0A3M6UHG6,46731.A0A3M6UHU7,46731.A0A3M6UJ97,46731.A0A3M6UJA3,46731.A0A3M6UK08,46731.A0A3M6UNC3,46731.A0A3M6UP13,46731.A0A3M6USN2,46731.A0A3M6UTH3,46731.A0A3M6V0I6,46731.A0A3M6V2I4,46731.A0A3M6VAZ3	pdam_00022847,pdam_00015452,pdam_00012832,pdam_00006596,pdam_00013236,pdam_00012769,pdam_00001292,pdam_00004931,pdam_00011619,pdam_00006876,pdam_00006368,pdam_00009208,pdam_00015716,pdam_00011918,pdam_00015309,pdam_00015311,pdam_00006936,pdam_00003766,pdam_00019791,pdam_00014586,pdam_00018880,pdam_00016519,pdam_00000454,pdam_00000409,pdam_00010727,pdam_00007428,pdam_00019360,pdam_00002392,pdam_00011066,pdam_00015654,pdam_00010125,pdam_00003555
GO Component	GO:0005654	Nucleoplasm	29	888	0.45	0.7	5.09e-05	46731.A0A3M6T5Y0,46731.A0A3M6T8G2,46731.A0A3M6T8R9,46731.A0A3M6TIG2,46731.A0A3M6TJT8,46731.A0A3M6TKZ8,46731.A0A3M6TL39,46731.A0A3M6TLW2,46731.A0A3M6TLW4,46731.A0A3M6TPN3,46731.A0A3M6TPV9,46731.A0A3M6TS23,46731.A0A3M6TVU3,46731.A0A3M6U001,46731.A0A3M6U6Z0,46731.A0A3M6U718,46731.A0A3M6U9P5,46731.A0A3M6U9R5,46731.A0A3M6UCV6,46731.A0A3M6UFX3,46731.A0A3M6UHC0,46731.A0A3M6UHG6,46731.A0A3M6UHU7,46731.A0A3M6UK08,46731.A0A3M6UNC3,46731.A0A3M6URP1,46731.A0A3M6UXZ1,46731.A0A3M6UYI8,46731.A0A3M6V2I4	pdam_00023829,pdam_00016618,pdam_00006596,pdam_00013236,pdam_00019853,pdam_00001292,pdam_00001230,pdam_00004931,pdam_00011619,pdam_00014959,pdam_00001877,pdam_00002539,pdam_00015716,pdam_00011918,pdam_00018217,pdam_00015311,pdam_00004788,pdam_00006936,pdam_00004698,pdam_00019787,pdam_00014588,pdam_00018880,pdam_00016519,pdam_00010727,pdam_00007428,pdam_00004456,pdam_00020103,pdam_00009513,pdam_00010125
GO Component	GO:0070013	Intracellular organelle lumen	39	1521	0.35	0.58	0.00020	46731.A0A3M6T5Y0,46731.A0A3M6T859,46731.A0A3M6T8G2,46731.A0A3M6T8R9,46731.A0A3M6TIG2,46731.A0A3M6TJT8,46731.A0A3M6TKJ3,46731.A0A3M6TKZ8,46731.A0A3M6TL39,46731.A0A3M6TLW2,46731.A0A3M6TLW4,46731.A0A3M6TMP8,46731.A0A3M6TPN3,46731.A0A3M6TPV9,46731.A0A3M6TQS7,46731.A0A3M6TS23,46731.A0A3M6TVU3,46731.A0A3M6U001,46731.A0A3M6U6Z0,46731.A0A3M6U718,46731.A0A3M6U9P5,46731.A0A3M6U9R5,46731.A0A3M6UCV6,46731.A0A3M6UFX3,46731.A0A3M6UGA4,46731.A0A3M6UHC0,46731.A0A3M6UHG6,46731.A0A3M6UHU7,46731.A0A3M6UJA3,46731.A0A3M6UK08,46731.A0A3M6UNC3,46731.A0A3M6UPR6,46731.A0A3M6UQB5,46731.A0A3M6URP1,46731.A0A3M6UTW3,46731.A0A3M6UV95,46731.A0A3M6UXZ1,46731.A0A3M6UYI8,46731.A0A3M6V2I4	pdam_00023829,pdam_00012840,pdam_00016618,pdam_00006596,pdam_00013236,pdam_00019853,pdam_00012481,pdam_00001292,pdam_00001230,pdam_00004931,pdam_00011619,pdam_00013372,pdam_00014959,pdam_00001877,pdam_00019503,pdam_00002539,pdam_00015716,pdam_00011918,pdam_00018217,pdam_00015311,pdam_00004788,pdam_00006936,pdam_00004698,pdam_00019787,pdam_00004238,pdam_00014588,pdam_00018880,pdam_00016519,pdam_00000409,pdam_00010727,pdam_00007428,pdam_00018733,pdam_00001638,pdam_00004456,pdam_00018048,pdam_00005769,pdam_00020103,pdam_00009513,pdam_00010125
GO Component	GO:0140535	Intracellular protein-containing complex	21	561	0.51	0.67	0.00020	46731.A0A3M6T4I7,46731.A0A3M6T7F8,46731.A0A3M6TIG2,46731.A0A3M6TKM6,46731.A0A3M6TKZ8,46731.A0A3M6TLW4,46731.A0A3M6TPN3,46731.A0A3M6TPQ1,46731.A0A3M6TQX8,46731.A0A3M6TTL3,46731.A0A3M6TUV9,46731.A0A3M6UFV2,46731.A0A3M6UJ97,46731.A0A3M6UK08,46731.A0A3M6UNC3,46731.A0A3M6UP13,46731.A0A3M6URP1,46731.A0A3M6USN2,46731.A0A3M6UZ57,46731.A0A3M6V2I4,46731.A0A3M6VAZ3	pdam_00022847,pdam_00015452,pdam_00013236,pdam_00006627,pdam_00001292,pdam_00011619,pdam_00014959,pdam_00014568,pdam_00006368,pdam_00009208,pdam_00023639,pdam_00019791,pdam_00000454,pdam_00010727,pdam_00007428,pdam_00019360,pdam_00004456,pdam_00002392,pdam_00014634,pdam_00010125,pdam_00003555
GO Component	GO:0140513	Nuclear protein-containing complex	24	780	0.43	0.55	0.00089	46731.A0A3M6T8R9,46731.A0A3M6TIG2,46731.A0A3M6TIW2,46731.A0A3M6TJ99,46731.A0A3M6TKZ8,46731.A0A3M6TLW2,46731.A0A3M6TLW4,46731.A0A3M6TNN2,46731.A0A3M6TPN3,46731.A0A3M6TV28,46731.A0A3M6TVU3,46731.A0A3M6U001,46731.A0A3M6U718,46731.A0A3M6U9R5,46731.A0A3M6UD30,46731.A0A3M6UEH8,46731.A0A3M6UF22,46731.A0A3M6UHG6,46731.A0A3M6UHU7,46731.A0A3M6UIB2,46731.A0A3M6UK08,46731.A0A3M6UNC3,46731.A0A3M6V0P4,46731.A0A3M6V2I4	pdam_00006596,pdam_00013236,pdam_00012769,pdam_00012263,pdam_00001292,pdam_00004931,pdam_00011619,pdam_00001763,pdam_00014959,pdam_00021091,pdam_00015716,pdam_00011918,pdam_00015311,pdam_00006936,pdam_00024289,pdam_00019064,pdam_00003766,pdam_00018880,pdam_00016519,pdam_00014264,pdam_00010727,pdam_00007428,pdam_00015653,pdam_00010125
GO Component	GO:1990234	Transferase complex	19	530	0.49	0.58	0.00089	46731.A0A3M6T4I7,46731.A0A3M6T850,46731.A0A3M6TIG2,46731.A0A3M6TKZ8,46731.A0A3M6TLW2,46731.A0A3M6TLW4,46731.A0A3M6TQX8,46731.A0A3M6TTL3,46731.A0A3M6TVU3,46731.A0A3M6U001,46731.A0A3M6U6Y6,46731.A0A3M6UFV2,46731.A0A3M6UHG6,46731.A0A3M6UK08,46731.A0A3M6UNC3,46731.A0A3M6UP13,46731.A0A3M6USN2,46731.A0A3M6UTH3,46731.A0A3M6V2I4	pdam_00022847,pdam_00012832,pdam_00013236,pdam_00001292,pdam_00004931,pdam_00011619,pdam_00006368,pdam_00009208,pdam_00015716,pdam_00011918,pdam_00015309,pdam_00019791,pdam_00018880,pdam_00010727,pdam_00007428,pdam_00019360,pdam_00002392,pdam_00011066,pdam_00010125
GO Component	GO:0031982	Vesicle	22	699	0.44	0.53	0.0013	46731.A0A3M6T7W5,46731.A0A3M6TB20,46731.A0A3M6TCC2,46731.A0A3M6TE18,46731.A0A3M6TG32,46731.A0A3M6TJT8,46731.A0A3M6TM07,46731.A0A3M6TPQ1,46731.A0A3M6TT97,46731.A0A3M6U240,46731.A0A3M6U8W0,46731.A0A3M6U9S4,46731.A0A3M6UFT1,46731.A0A3M6UFV2,46731.A0A3M6UR13,46731.A0A3M6UY44,46731.A0A3M6UZ63,46731.A0A3M6UZA8,46731.A0A3M6UZN8,46731.A0A3M6V2C8,46731.A0A3M6V2M9,46731.A0A3M6V835	pdam_00011709,pdam_00008393,pdam_00021861,pdam_00003991,pdam_00008709,pdam_00019853,pdam_00004865,pdam_00014568,pdam_00006037,pdam_00013597,pdam_00002839,pdam_00004802,pdam_00013790,pdam_00019791,pdam_00012107,pdam_00006460,pdam_00014621,pdam_00018163,pdam_00009779,pdam_00019018,pdam_00010115,pdam_00021291
GO Component	GO:0031410	Cytoplasmic vesicle	21	652	0.45	0.53	0.0014	46731.A0A3M6T7W5,46731.A0A3M6TB20,46731.A0A3M6TCC2,46731.A0A3M6TE18,46731.A0A3M6TG32,46731.A0A3M6TJT8,46731.A0A3M6TM07,46731.A0A3M6TPQ1,46731.A0A3M6TT97,46731.A0A3M6U240,46731.A0A3M6U8W0,46731.A0A3M6U9S4,46731.A0A3M6UFT1,46731.A0A3M6UFV2,46731.A0A3M6UR13,46731.A0A3M6UY44,46731.A0A3M6UZA8,46731.A0A3M6UZN8,46731.A0A3M6V2C8,46731.A0A3M6V2M9,46731.A0A3M6V835	pdam_00011709,pdam_00008393,pdam_00021861,pdam_00003991,pdam_00008709,pdam_00019853,pdam_00004865,pdam_00014568,pdam_00006037,pdam_00013597,pdam_00002839,pdam_00004802,pdam_00013790,pdam_00019791,pdam_00012107,pdam_00006460,pdam_00018163,pdam_00009779,pdam_00019018,pdam_00010115,pdam_00021291
GO Component	GO:0031981	Nuclear lumen	31	1227	0.34	0.48	0.0018	46731.A0A3M6T5Y0,46731.A0A3M6T859,46731.A0A3M6T8G2,46731.A0A3M6T8R9,46731.A0A3M6TIG2,46731.A0A3M6TJT8,46731.A0A3M6TKJ3,46731.A0A3M6TKZ8,46731.A0A3M6TL39,46731.A0A3M6TLW2,46731.A0A3M6TLW4,46731.A0A3M6TPN3,46731.A0A3M6TPV9,46731.A0A3M6TS23,46731.A0A3M6TVU3,46731.A0A3M6U001,46731.A0A3M6U6Z0,46731.A0A3M6U718,46731.A0A3M6U9P5,46731.A0A3M6U9R5,46731.A0A3M6UCV6,46731.A0A3M6UFX3,46731.A0A3M6UHC0,46731.A0A3M6UHG6,46731.A0A3M6UHU7,46731.A0A3M6UK08,46731.A0A3M6UNC3,46731.A0A3M6URP1,46731.A0A3M6UXZ1,46731.A0A3M6UYI8,46731.A0A3M6V2I4	pdam_00023829,pdam_00012840,pdam_00016618,pdam_00006596,pdam_00013236,pdam_00019853,pdam_00012481,pdam_00001292,pdam_00001230,pdam_00004931,pdam_00011619,pdam_00014959,pdam_00001877,pdam_00002539,pdam_00015716,pdam_00011918,pdam_00018217,pdam_00015311,pdam_00004788,pdam_00006936,pdam_00004698,pdam_00019787,pdam_00014588,pdam_00018880,pdam_00016519,pdam_00010727,pdam_00007428,pdam_00004456,pdam_00020103,pdam_00009513,pdam_00010125
GO Component	GO:0005829	Cytosol	32	1311	0.33	0.46	0.0024	46731.A0A3M6T5Y0,46731.A0A3M6T7F8,46731.A0A3M6T7W5,46731.A0A3M6T859,46731.A0A3M6T8K3,46731.A0A3M6T8R9,46731.A0A3M6TA69,46731.A0A3M6TBG2,46731.A0A3M6TCC2,46731.A0A3M6TE18,46731.A0A3M6TEV3,46731.A0A3M6TEY2,46731.A0A3M6TFV3,46731.A0A3M6TL27,46731.A0A3M6TL39,46731.A0A3M6TNR5,46731.A0A3M6TPV9,46731.A0A3M6TSS3,46731.A0A3M6TU90,46731.A0A3M6TXA2,46731.A0A3M6U1I7,46731.A0A3M6U379,46731.A0A3M6U8W0,46731.A0A3M6U9P5,46731.A0A3M6UJE5,46731.A0A3M6ULV4,46731.A0A3M6USP0,46731.A0A3M6UVH1,46731.A0A3M6UVI4,46731.A0A3M6UZA8,46731.A0A3M6V4G4,46731.A0A3M6VAZ3	pdam_00023829,pdam_00015452,pdam_00011709,pdam_00012840,pdam_00004294,pdam_00006596,pdam_00003354,pdam_00012455,pdam_00021861,pdam_00003991,pdam_00022019,pdam_00007156,pdam_00008682,pdam_00001342,pdam_00001230,pdam_00001796,pdam_00001877,pdam_00010068,pdam_00012559,pdam_00002072,pdam_00002205,pdam_00002605,pdam_00002839,pdam_00004788,pdam_00000479,pdam_00022046,pdam_00002348,pdam_00021309,pdam_00005000,pdam_00018163,pdam_00007786,pdam_00003555
GO Component	GO:0034708	Methyltransferase complex	5	37	1.07	0.61	0.0039	46731.A0A3M6TLW4,46731.A0A3M6TVU3,46731.A0A3M6U001,46731.A0A3M6UHG6,46731.A0A3M6UTH3	pdam_00011619,pdam_00015716,pdam_00011918,pdam_00018880,pdam_00011066
GO Component	GO:0070603	SWI/SNF superfamily-type complex	5	46	0.98	0.51	0.0094	46731.A0A3M6T8R9,46731.A0A3M6TLW4,46731.A0A3M6U718,46731.A0A3M6UF22,46731.A0A3M6UNC3	pdam_00006596,pdam_00011619,pdam_00015311,pdam_00003766,pdam_00007428
GO Component	GO:0005739	Mitochondrion	25	1003	0.34	0.39	0.0098	46731.A0A3M6T859,46731.A0A3M6TA01,46731.A0A3M6TE10,46731.A0A3M6TFV3,46731.A0A3M6TFY6,46731.A0A3M6TMP8,46731.A0A3M6TQS7,46731.A0A3M6TW28,46731.A0A3M6TYA4,46731.A0A3M6U7D5,46731.A0A3M6UGA4,46731.A0A3M6UID9,46731.A0A3M6UIG3,46731.A0A3M6UJ45,46731.A0A3M6UJA3,46731.A0A3M6UPR6,46731.A0A3M6UQB5,46731.A0A3M6UTW3,46731.A0A3M6UTX3,46731.A0A3M6UU20,46731.A0A3M6UU80,46731.A0A3M6UV95,46731.A0A3M6UYI8,46731.A0A3M6V0I6,46731.A0A3M6V544	pdam_00012840,pdam_00003401,pdam_00008075,pdam_00008682,pdam_00008718,pdam_00013372,pdam_00019503,pdam_00008410,pdam_00000589,pdam_00017441,pdam_00004238,pdam_00014262,pdam_00017068,pdam_00000445,pdam_00000409,pdam_00018733,pdam_00001638,pdam_00018048,pdam_00008253,pdam_00008238,pdam_00017945,pdam_00005769,pdam_00009513,pdam_00015654,pdam_00007800
GO Component	GO:0035097	Histone methyltransferase complex	4	26	1.13	0.51	0.0107	46731.A0A3M6TLW4,46731.A0A3M6TVU3,46731.A0A3M6U001,46731.A0A3M6UHG6	pdam_00011619,pdam_00015716,pdam_00011918,pdam_00018880
GO Component	GO:0005856	Cytoskeleton	24	989	0.32	0.35	0.0175	46731.A0A3M6T5Y0,46731.A0A3M6TAC9,46731.A0A3M6TB20,46731.A0A3M6TCR8,46731.A0A3M6TE54,46731.A0A3M6TNR5,46731.A0A3M6TPV9,46731.A0A3M6TS23,46731.A0A3M6TSZ0,46731.A0A3M6TU54,46731.A0A3M6TUX3,46731.A0A3M6TW10,46731.A0A3M6TZ35,46731.A0A3M6U375,46731.A0A3M6U4W1,46731.A0A3M6U857,46731.A0A3M6U8U6,46731.A0A3M6UAD9,46731.A0A3M6UCC7,46731.A0A3M6UHY7,46731.A0A3M6UIG3,46731.A0A3M6UKN1,46731.A0A3M6UTD1,46731.A0A3M6UZA8	pdam_00023829,pdam_00003413,pdam_00008393,pdam_00017598,pdam_00004005,pdam_00001796,pdam_00001877,pdam_00002539,pdam_00006080,pdam_00012546,pdam_00021088,pdam_00023243,pdam_00018721,pdam_00002599,pdam_00001606,pdam_00008585,pdam_00023068,pdam_00008754,pdam_00020063,pdam_00015259,pdam_00017068,pdam_00012133,pdam_00021970,pdam_00018163
GO Component	GO:1990904	Ribonucleoprotein complex	15	483	0.43	0.37	0.0177	46731.A0A3M6T603,46731.A0A3M6T7D4,46731.A0A3M6T859,46731.A0A3M6TG98,46731.A0A3M6TIW2,46731.A0A3M6TJ99,46731.A0A3M6TL27,46731.A0A3M6TMP8,46731.A0A3M6TNN2,46731.A0A3M6TP49,46731.A0A3M6TV28,46731.A0A3M6U9R5,46731.A0A3M6UMU5,46731.A0A3M6UTW3,46731.A0A3M6UXZ1	pdam_00008984,pdam_00011395,pdam_00012840,pdam_00009454,pdam_00012769,pdam_00012263,pdam_00001342,pdam_00013372,pdam_00001763,pdam_00006876,pdam_00021091,pdam_00006936,pdam_00012710,pdam_00018048,pdam_00020103
GO Component	GO:0097346	INO80-type complex	3	14	1.27	0.43	0.0239	46731.A0A3M6T8R9,46731.A0A3M6TLW4,46731.A0A3M6UNC3	pdam_00006596,pdam_00011619,pdam_00007428
GO Component	GO:0005794	Golgi apparatus	16	584	0.38	0.3	0.0399	46731.A0A3M6T850,46731.A0A3M6T8K9,46731.A0A3M6TCC2,46731.A0A3M6TG32,46731.A0A3M6TM07,46731.A0A3M6TPQ1,46731.A0A3M6TSJ0,46731.A0A3M6TTM3,46731.A0A3M6TXW0,46731.A0A3M6U9S4,46731.A0A3M6UIR6,46731.A0A3M6UXV6,46731.A0A3M6UZA8,46731.A0A3M6V2C8,46731.A0A3M6V2M9,46731.A0A3M6V835	pdam_00012832,pdam_00006598,pdam_00021861,pdam_00008709,pdam_00004865,pdam_00014568,pdam_00015979,pdam_00009205,pdam_00000668,pdam_00004802,pdam_00004391,pdam_00000205,pdam_00018163,pdam_00019018,pdam_00010115,pdam_00021291
GO Component	GO:0012505	Endomembrane system	34	1715	0.24	0.28	0.0405	46731.A0A3M6T791,46731.A0A3M6T7W5,46731.A0A3M6T850,46731.A0A3M6T8G2,46731.A0A3M6T8K9,46731.A0A3M6TCC2,46731.A0A3M6TE18,46731.A0A3M6TG32,46731.A0A3M6TJT8,46731.A0A3M6TM07,46731.A0A3M6TPQ1,46731.A0A3M6TR41,46731.A0A3M6TSJ0,46731.A0A3M6TSS3,46731.A0A3M6TT97,46731.A0A3M6TTM3,46731.A0A3M6TXW0,46731.A0A3M6U240,46731.A0A3M6U476,46731.A0A3M6U6Y6,46731.A0A3M6U9S4,46731.A0A3M6UFV2,46731.A0A3M6UGJ6,46731.A0A3M6UIB2,46731.A0A3M6UIR6,46731.A0A3M6UJE5,46731.A0A3M6UR13,46731.A0A3M6UXV6,46731.A0A3M6UY44,46731.A0A3M6UZA8,46731.A0A3M6UZN8,46731.A0A3M6V2C8,46731.A0A3M6V2M9,46731.A0A3M6V835	pdam_00023609,pdam_00011709,pdam_00012832,pdam_00016618,pdam_00006598,pdam_00021861,pdam_00003991,pdam_00008709,pdam_00019853,pdam_00004865,pdam_00014568,pdam_00017047,pdam_00015979,pdam_00010068,pdam_00006037,pdam_00009205,pdam_00000668,pdam_00013597,pdam_00015211,pdam_00015309,pdam_00004802,pdam_00019791,pdam_00012222,pdam_00014264,pdam_00004391,pdam_00000479,pdam_00012107,pdam_00000205,pdam_00006460,pdam_00018163,pdam_00009779,pdam_00019018,pdam_00010115,pdam_00021291
COMPARTMENTS	GOCC:0005622	Intracellular	182	9131	0.24	0.83	9.72e-17	46731.A0A3M6T4E8,46731.A0A3M6T4I7,46731.A0A3M6T4Z8,46731.A0A3M6T5H6,46731.A0A3M6T5Y0,46731.A0A3M6T603,46731.A0A3M6T791,46731.A0A3M6T7F8,46731.A0A3M6T7W5,46731.A0A3M6T850,46731.A0A3M6T859,46731.A0A3M6T8G2,46731.A0A3M6T8K3,46731.A0A3M6T8K9,46731.A0A3M6T8R9,46731.A0A3M6T8Z9,46731.A0A3M6TA01,46731.A0A3M6TA15,46731.A0A3M6TA59,46731.A0A3M6TA69,46731.A0A3M6TA98,46731.A0A3M6TB20,46731.A0A3M6TBE9,46731.A0A3M6TBS6,46731.A0A3M6TBY4,46731.A0A3M6TCC2,46731.A0A3M6TE10,46731.A0A3M6TE18,46731.A0A3M6TE54,46731.A0A3M6TE62,46731.A0A3M6TEH6,46731.A0A3M6TEV3,46731.A0A3M6TEY2,46731.A0A3M6TFV3,46731.A0A3M6TFY6,46731.A0A3M6TFZ0,46731.A0A3M6TG32,46731.A0A3M6TG89,46731.A0A3M6TG98,46731.A0A3M6TIG2,46731.A0A3M6TIW2,46731.A0A3M6TJ99,46731.A0A3M6TJN8,46731.A0A3M6TJT8,46731.A0A3M6TKJ3,46731.A0A3M6TKM6,46731.A0A3M6TKY8,46731.A0A3M6TKZ8,46731.A0A3M6TL27,46731.A0A3M6TL39,46731.A0A3M6TLR7,46731.A0A3M6TLW2,46731.A0A3M6TLW4,46731.A0A3M6TMP8,46731.A0A3M6TMT5,46731.A0A3M6TNN2,46731.A0A3M6TPN3,46731.A0A3M6TPQ1,46731.A0A3M6TQS7,46731.A0A3M6TQX8,46731.A0A3M6TR17,46731.A0A3M6TR41,46731.A0A3M6TRM3,46731.A0A3M6TS23,46731.A0A3M6TS67,46731.A0A3M6TSS3,46731.A0A3M6TSZ0,46731.A0A3M6TT97,46731.A0A3M6TTL3,46731.A0A3M6TTM3,46731.A0A3M6TTW5,46731.A0A3M6TU90,46731.A0A3M6TUA7,46731.A0A3M6TUV9,46731.A0A3M6TUX3,46731.A0A3M6TV28,46731.A0A3M6TVI9,46731.A0A3M6TVU3,46731.A0A3M6TW10,46731.A0A3M6TW24,46731.A0A3M6TW28,46731.A0A3M6TWG7,46731.A0A3M6TWJ0,46731.A0A3M6TXW0,46731.A0A3M6TYA4,46731.A0A3M6TZ44,46731.A0A3M6U001,46731.A0A3M6U0B6,46731.A0A3M6U0L4,46731.A0A3M6U1I7,46731.A0A3M6U1V1,46731.A0A3M6U1X0,46731.A0A3M6U240,46731.A0A3M6U375,46731.A0A3M6U379,46731.A0A3M6U3B9,46731.A0A3M6U409,46731.A0A3M6U4D0,46731.A0A3M6U4W1,46731.A0A3M6U574,46731.A0A3M6U6M4,46731.A0A3M6U6Y6,46731.A0A3M6U6Z0,46731.A0A3M6U718,46731.A0A3M6U7C6,46731.A0A3M6U7D5,46731.A0A3M6U9R5,46731.A0A3M6U9S4,46731.A0A3M6UA49,46731.A0A3M6UAD5,46731.A0A3M6UCV6,46731.A0A3M6UD30,46731.A0A3M6UEQ9,46731.A0A3M6UEY3,46731.A0A3M6UF22,46731.A0A3M6UF48,46731.A0A3M6UFT1,46731.A0A3M6UFX3,46731.A0A3M6UGA4,46731.A0A3M6UH53,46731.A0A3M6UHC0,46731.A0A3M6UHC3,46731.A0A3M6UHU7,46731.A0A3M6UIB2,46731.A0A3M6UID9,46731.A0A3M6UIG3,46731.A0A3M6UIR4,46731.A0A3M6UIR6,46731.A0A3M6UJ20,46731.A0A3M6UJ45,46731.A0A3M6UJ97,46731.A0A3M6UJA3,46731.A0A3M6UJE5,46731.A0A3M6UJG5,46731.A0A3M6UK08,46731.A0A3M6UKW5,46731.A0A3M6ULV4,46731.A0A3M6ULW6,46731.A0A3M6UMU5,46731.A0A3M6UNC3,46731.A0A3M6UNE3,46731.A0A3M6UP13,46731.A0A3M6UPH7,46731.A0A3M6UPR6,46731.A0A3M6UPY5,46731.A0A3M6UQB5,46731.A0A3M6UR13,46731.A0A3M6URP1,46731.A0A3M6USJ7,46731.A0A3M6USN2,46731.A0A3M6USP0,46731.A0A3M6UTD1,46731.A0A3M6UTH3,46731.A0A3M6UTW3,46731.A0A3M6UTX3,46731.A0A3M6UU20,46731.A0A3M6UU80,46731.A0A3M6UUW7,46731.A0A3M6UV95,46731.A0A3M6UVH1,46731.A0A3M6UVI4,46731.A0A3M6UXB9,46731.A0A3M6UXV6,46731.A0A3M6UXZ1,46731.A0A3M6UY44,46731.A0A3M6UYC1,46731.A0A3M6UYI8,46731.A0A3M6UYS8,46731.A0A3M6UZ63,46731.A0A3M6UZ76,46731.A0A3M6UZA8,46731.A0A3M6UZN8,46731.A0A3M6V0I6,46731.A0A3M6V0P4,46731.A0A3M6V2C8,46731.A0A3M6V2I4,46731.A0A3M6V2M9,46731.A0A3M6V3Y5,46731.A0A3M6V4G4,46731.A0A3M6V6P4,46731.A0A3M6V835,46731.A0A3M6VAZ3	pdam_00010187,pdam_00022847,pdam_00005201,pdam_00023825,pdam_00023829,pdam_00008984,pdam_00023609,pdam_00015452,pdam_00011709,pdam_00012832,pdam_00012840,pdam_00016618,pdam_00004294,pdam_00006598,pdam_00006596,pdam_00024990,pdam_00003401,pdam_00003396,pdam_00003362,pdam_00003354,pdam_00005535,pdam_00008393,pdam_00005938,pdam_00016758,pdam_00016757,pdam_00021861,pdam_00008075,pdam_00003991,pdam_00004005,pdam_00003995,pdam_00008067,pdam_00022019,pdam_00007156,pdam_00008682,pdam_00008718,pdam_00008719,pdam_00008709,pdam_00009478,pdam_00009454,pdam_00013236,pdam_00012769,pdam_00012263,pdam_00008902,pdam_00019853,pdam_00012481,pdam_00006627,pdam_00001226,pdam_00001292,pdam_00001342,pdam_00001230,pdam_00009870,pdam_00004931,pdam_00011619,pdam_00013372,pdam_00016888,pdam_00001763,pdam_00014959,pdam_00014568,pdam_00019503,pdam_00006368,pdam_00006345,pdam_00017047,pdam_00017576,pdam_00002539,pdam_00005262,pdam_00010068,pdam_00006080,pdam_00006037,pdam_00009208,pdam_00009205,pdam_00009296,pdam_00012559,pdam_00021506,pdam_00023639,pdam_00021088,pdam_00021091,pdam_00015715,pdam_00015716,pdam_00023243,pdam_00013095,pdam_00008410,pdam_00013096,pdam_00004174,pdam_00000668,pdam_00000589,pdam_00012402,pdam_00011918,pdam_00021756,pdam_00022817,pdam_00002205,pdam_00002115,pdam_00019127,pdam_00013597,pdam_00002599,pdam_00002605,pdam_00015371,pdam_00011131,pdam_00015203,pdam_00001606,pdam_00001600,pdam_00013566,pdam_00015309,pdam_00018217,pdam_00015311,pdam_00003047,pdam_00017441,pdam_00006936,pdam_00004802,pdam_00025802,pdam_00009664,pdam_00004698,pdam_00024289,pdam_00003724,pdam_00004742,pdam_00003766,pdam_00007954,pdam_00013790,pdam_00019787,pdam_00004238,pdam_00018255,pdam_00014588,pdam_00014586,pdam_00016519,pdam_00014264,pdam_00014262,pdam_00017068,pdam_00004404,pdam_00004391,pdam_00000339,pdam_00000445,pdam_00000454,pdam_00000409,pdam_00000479,pdam_00000422,pdam_00010727,pdam_00021780,pdam_00022046,pdam_00009309,pdam_00012710,pdam_00007428,pdam_00007411,pdam_00019360,pdam_00022890,pdam_00018733,pdam_00016049,pdam_00001638,pdam_00012107,pdam_00004456,pdam_00002414,pdam_00002392,pdam_00002348,pdam_00021970,pdam_00011066,pdam_00018048,pdam_00008253,pdam_00008238,pdam_00017945,pdam_00020974,pdam_00005769,pdam_00021309,pdam_00005000,pdam_00000118,pdam_00000205,pdam_00020103,pdam_00006460,pdam_00006435,pdam_00009513,pdam_00010794,pdam_00014621,pdam_00014609,pdam_00018163,pdam_00009779,pdam_00015654,pdam_00015653,pdam_00019018,pdam_00010125,pdam_00010115,pdam_00001408,pdam_00007786,pdam_00013732,pdam_00021291,pdam_00003555
COMPARTMENTS	GOCC:0032991	Protein-containing complex	89	3185	0.39	1.01	5.66e-13	46731.A0A3M6T4I7,46731.A0A3M6T5Y0,46731.A0A3M6T603,46731.A0A3M6T7D4,46731.A0A3M6T7F8,46731.A0A3M6T850,46731.A0A3M6T859,46731.A0A3M6T8G2,46731.A0A3M6T8R9,46731.A0A3M6TA01,46731.A0A3M6TAC9,46731.A0A3M6TBG2,46731.A0A3M6TE10,46731.A0A3M6TE18,46731.A0A3M6TE54,46731.A0A3M6TEH6,46731.A0A3M6TFY6,46731.A0A3M6TG98,46731.A0A3M6TIG2,46731.A0A3M6TIW2,46731.A0A3M6TJ99,46731.A0A3M6TJT8,46731.A0A3M6TKJ3,46731.A0A3M6TKM6,46731.A0A3M6TKY8,46731.A0A3M6TKZ8,46731.A0A3M6TL27,46731.A0A3M6TLR7,46731.A0A3M6TLW2,46731.A0A3M6TLW4,46731.A0A3M6TM07,46731.A0A3M6TMP8,46731.A0A3M6TNN2,46731.A0A3M6TP49,46731.A0A3M6TPN3,46731.A0A3M6TPQ1,46731.A0A3M6TR41,46731.A0A3M6TTL3,46731.A0A3M6TU70,46731.A0A3M6TU90,46731.A0A3M6TUV9,46731.A0A3M6TUX3,46731.A0A3M6TV28,46731.A0A3M6TVU3,46731.A0A3M6TW10,46731.A0A3M6TW24,46731.A0A3M6TW28,46731.A0A3M6TWG7,46731.A0A3M6TZ44,46731.A0A3M6U001,46731.A0A3M6U1X0,46731.A0A3M6U375,46731.A0A3M6U6Y6,46731.A0A3M6U718,46731.A0A3M6U9P5,46731.A0A3M6U9R5,46731.A0A3M6U9S4,46731.A0A3M6UCC7,46731.A0A3M6UD30,46731.A0A3M6UE17,46731.A0A3M6UEH8,46731.A0A3M6UF22,46731.A0A3M6UFV2,46731.A0A3M6UFY0,46731.A0A3M6UH46,46731.A0A3M6UHC3,46731.A0A3M6UHG6,46731.A0A3M6UHW5,46731.A0A3M6UI16,46731.A0A3M6UIB2,46731.A0A3M6UIE7,46731.A0A3M6UJ97,46731.A0A3M6UK08,46731.A0A3M6UMU5,46731.A0A3M6UNC3,46731.A0A3M6URP1,46731.A0A3M6USN2,46731.A0A3M6UTH3,46731.A0A3M6UTW3,46731.A0A3M6UVI4,46731.A0A3M6UZ57,46731.A0A3M6UZF6,46731.A0A3M6V0I6,46731.A0A3M6V0P4,46731.A0A3M6V2I4,46731.A0A3M6V3Y5,46731.A0A3M6V4G4,46731.A0A3M6V835,46731.A0A3M6VAZ3	pdam_00022847,pdam_00023829,pdam_00008984,pdam_00011395,pdam_00015452,pdam_00012832,pdam_00012840,pdam_00016618,pdam_00006596,pdam_00003401,pdam_00003413,pdam_00012455,pdam_00008075,pdam_00003991,pdam_00004005,pdam_00008067,pdam_00008718,pdam_00009454,pdam_00013236,pdam_00012769,pdam_00012263,pdam_00019853,pdam_00012481,pdam_00006627,pdam_00001226,pdam_00001292,pdam_00001342,pdam_00009870,pdam_00004931,pdam_00011619,pdam_00004865,pdam_00013372,pdam_00001763,pdam_00006876,pdam_00014959,pdam_00014568,pdam_00017047,pdam_00009208,pdam_00018186,pdam_00012559,pdam_00023639,pdam_00021088,pdam_00021091,pdam_00015716,pdam_00023243,pdam_00013095,pdam_00008410,pdam_00013096,pdam_00012402,pdam_00011918,pdam_00019127,pdam_00002599,pdam_00015309,pdam_00015311,pdam_00004788,pdam_00006936,pdam_00004802,pdam_00020063,pdam_00024289,pdam_00008136,pdam_00019064,pdam_00003766,pdam_00019791,pdam_00013782,pdam_00011345,pdam_00014586,pdam_00018880,pdam_00020612,pdam_00018259,pdam_00014264,pdam_00021998,pdam_00000454,pdam_00010727,pdam_00012710,pdam_00007428,pdam_00004456,pdam_00002392,pdam_00011066,pdam_00018048,pdam_00005000,pdam_00014634,pdam_00010006,pdam_00015654,pdam_00015653,pdam_00010125,pdam_00001408,pdam_00007786,pdam_00021291,pdam_00003555
COMPARTMENTS	GOCC:0110165	Cellular anatomical entity	224	14382	0.13	0.61	2.99e-10	46731.A0A3M6T422,46731.A0A3M6T4P0,46731.A0A3M6T4W5,46731.A0A3M6T4Z8,46731.A0A3M6T5H6,46731.A0A3M6T5Y0,46731.A0A3M6T603,46731.A0A3M6T771,46731.A0A3M6T791,46731.A0A3M6T7G3,46731.A0A3M6T7K0,46731.A0A3M6T7W5,46731.A0A3M6T850,46731.A0A3M6T8G2,46731.A0A3M6T8I4,46731.A0A3M6T8J9,46731.A0A3M6T8K3,46731.A0A3M6T8K9,46731.A0A3M6T8R9,46731.A0A3M6T8Z9,46731.A0A3M6TA01,46731.A0A3M6TA59,46731.A0A3M6TA69,46731.A0A3M6TA98,46731.A0A3M6TAC9,46731.A0A3M6TAG1,46731.A0A3M6TB20,46731.A0A3M6TBE9,46731.A0A3M6TBG2,46731.A0A3M6TBS6,46731.A0A3M6TBY4,46731.A0A3M6TCC2,46731.A0A3M6TCK1,46731.A0A3M6TCR8,46731.A0A3M6TE18,46731.A0A3M6TE54,46731.A0A3M6TE62,46731.A0A3M6TEV3,46731.A0A3M6TEY2,46731.A0A3M6TFV3,46731.A0A3M6TFY6,46731.A0A3M6TFZ0,46731.A0A3M6TG32,46731.A0A3M6TG93,46731.A0A3M6TG98,46731.A0A3M6TI01,46731.A0A3M6TIE9,46731.A0A3M6TIG2,46731.A0A3M6TIW2,46731.A0A3M6TJ99,46731.A0A3M6TJE1,46731.A0A3M6TJN8,46731.A0A3M6TJT8,46731.A0A3M6TKJ3,46731.A0A3M6TKK7,46731.A0A3M6TKY8,46731.A0A3M6TKZ8,46731.A0A3M6TL27,46731.A0A3M6TLR7,46731.A0A3M6TLW2,46731.A0A3M6TLW4,46731.A0A3M6TM07,46731.A0A3M6TMP8,46731.A0A3M6TMT5,46731.A0A3M6TNN2,46731.A0A3M6TNR5,46731.A0A3M6TPE1,46731.A0A3M6TPQ1,46731.A0A3M6TPV9,46731.A0A3M6TPW2,46731.A0A3M6TQS7,46731.A0A3M6TR17,46731.A0A3M6TR41,46731.A0A3M6TRK5,46731.A0A3M6TRM3,46731.A0A3M6TS23,46731.A0A3M6TS67,46731.A0A3M6TSJ0,46731.A0A3M6TSS3,46731.A0A3M6TSY9,46731.A0A3M6TSZ0,46731.A0A3M6TTL3,46731.A0A3M6TTM3,46731.A0A3M6TU54,46731.A0A3M6TU70,46731.A0A3M6TU90,46731.A0A3M6TUA7,46731.A0A3M6TUX3,46731.A0A3M6TV28,46731.A0A3M6TVI9,46731.A0A3M6TVU3,46731.A0A3M6TW10,46731.A0A3M6TWG7,46731.A0A3M6TXA2,46731.A0A3M6TXW0,46731.A0A3M6TYA4,46731.A0A3M6TZ44,46731.A0A3M6U001,46731.A0A3M6U0L4,46731.A0A3M6U0U7,46731.A0A3M6U1I7,46731.A0A3M6U1V1,46731.A0A3M6U1X0,46731.A0A3M6U240,46731.A0A3M6U2U8,46731.A0A3M6U375,46731.A0A3M6U379,46731.A0A3M6U3B9,46731.A0A3M6U409,46731.A0A3M6U476,46731.A0A3M6U4D0,46731.A0A3M6U4W1,46731.A0A3M6U574,46731.A0A3M6U6H3,46731.A0A3M6U6M4,46731.A0A3M6U6U8,46731.A0A3M6U6Y6,46731.A0A3M6U6Z0,46731.A0A3M6U718,46731.A0A3M6U7C6,46731.A0A3M6U7D5,46731.A0A3M6U857,46731.A0A3M6U8I0,46731.A0A3M6U8I8,46731.A0A3M6U8U6,46731.A0A3M6U8W0,46731.A0A3M6U9R5,46731.A0A3M6U9S4,46731.A0A3M6UA49,46731.A0A3M6UAD5,46731.A0A3M6UAD9,46731.A0A3M6UAJ1,46731.A0A3M6UCC7,46731.A0A3M6UCV6,46731.A0A3M6UD30,46731.A0A3M6UED5,46731.A0A3M6UEQ9,46731.A0A3M6UES5,46731.A0A3M6UEY3,46731.A0A3M6UF22,46731.A0A3M6UF48,46731.A0A3M6UFT1,46731.A0A3M6UFV2,46731.A0A3M6UFX3,46731.A0A3M6UFY0,46731.A0A3M6UGA4,46731.A0A3M6UGJ6,46731.A0A3M6UH53,46731.A0A3M6UH92,46731.A0A3M6UHC0,46731.A0A3M6UHC3,46731.A0A3M6UHU7,46731.A0A3M6UHY7,46731.A0A3M6UI16,46731.A0A3M6UIB2,46731.A0A3M6UID9,46731.A0A3M6UIE7,46731.A0A3M6UIG3,46731.A0A3M6UIR4,46731.A0A3M6UIR6,46731.A0A3M6UJ20,46731.A0A3M6UJ45,46731.A0A3M6UJA3,46731.A0A3M6UJE5,46731.A0A3M6UJG5,46731.A0A3M6UK08,46731.A0A3M6UKN1,46731.A0A3M6UKR6,46731.A0A3M6UKW5,46731.A0A3M6ULV4,46731.A0A3M6ULW6,46731.A0A3M6UM44,46731.A0A3M6UMU5,46731.A0A3M6UNC3,46731.A0A3M6UNF4,46731.A0A3M6UPH7,46731.A0A3M6UPN1,46731.A0A3M6UPR6,46731.A0A3M6UPY5,46731.A0A3M6UQB5,46731.A0A3M6UQJ9,46731.A0A3M6UR13,46731.A0A3M6USJ7,46731.A0A3M6USN2,46731.A0A3M6USP0,46731.A0A3M6UTD1,46731.A0A3M6UTH3,46731.A0A3M6UTW3,46731.A0A3M6UTX3,46731.A0A3M6UU20,46731.A0A3M6UU80,46731.A0A3M6UUW7,46731.A0A3M6UV88,46731.A0A3M6UV95,46731.A0A3M6UVH1,46731.A0A3M6UVZ2,46731.A0A3M6UX53,46731.A0A3M6UXB9,46731.A0A3M6UXV6,46731.A0A3M6UXZ1,46731.A0A3M6UY31,46731.A0A3M6UY44,46731.A0A3M6UYC1,46731.A0A3M6UYI8,46731.A0A3M6UYS8,46731.A0A3M6UZ63,46731.A0A3M6UZ71,46731.A0A3M6UZ76,46731.A0A3M6UZA8,46731.A0A3M6UZN8,46731.A0A3M6V0I6,46731.A0A3M6V0P4,46731.A0A3M6V0Q1,46731.A0A3M6V1L8,46731.A0A3M6V2C8,46731.A0A3M6V2I4,46731.A0A3M6V2M9,46731.A0A3M6V2Y7,46731.A0A3M6V3Y5,46731.A0A3M6V4G4,46731.A0A3M6V4J9,46731.A0A3M6V4Z0,46731.A0A3M6V6P4,46731.A0A3M6V835	pdam_00010185,pdam_00003837,pdam_00005253,pdam_00005201,pdam_00023825,pdam_00023829,pdam_00008984,pdam_00023680,pdam_00023609,pdam_00023611,pdam_00023608,pdam_00011709,pdam_00012832,pdam_00016618,pdam_00023012,pdam_00004319,pdam_00004294,pdam_00006598,pdam_00006596,pdam_00024990,pdam_00003401,pdam_00003362,pdam_00003354,pdam_00005535,pdam_00003413,pdam_00003409,pdam_00008393,pdam_00005938,pdam_00012455,pdam_00016758,pdam_00016757,pdam_00021861,pdam_00019238,pdam_00017598,pdam_00003991,pdam_00004005,pdam_00003995,pdam_00022019,pdam_00007156,pdam_00008682,pdam_00008718,pdam_00008719,pdam_00008709,pdam_00008704,pdam_00009454,pdam_00011563,pdam_00003288,pdam_00013236,pdam_00012769,pdam_00012263,pdam_00016836,pdam_00008902,pdam_00019853,pdam_00012481,pdam_00012482,pdam_00001226,pdam_00001292,pdam_00001342,pdam_00009870,pdam_00004931,pdam_00011619,pdam_00004865,pdam_00013372,pdam_00016888,pdam_00001763,pdam_00001796,pdam_00014967,pdam_00014568,pdam_00001877,pdam_00014944,pdam_00019503,pdam_00006345,pdam_00017047,pdam_00022980,pdam_00017576,pdam_00002539,pdam_00005262,pdam_00015979,pdam_00010068,pdam_00002746,pdam_00006080,pdam_00009208,pdam_00009205,pdam_00012546,pdam_00018186,pdam_00012559,pdam_00021506,pdam_00021088,pdam_00021091,pdam_00015715,pdam_00015716,pdam_00023243,pdam_00013096,pdam_00002072,pdam_00000668,pdam_00000589,pdam_00012402,pdam_00011918,pdam_00022817,pdam_00021744,pdam_00002205,pdam_00002115,pdam_00019127,pdam_00013597,pdam_00005338,pdam_00002599,pdam_00002605,pdam_00015371,pdam_00011131,pdam_00015211,pdam_00015203,pdam_00001606,pdam_00001600,pdam_00005840,pdam_00013566,pdam_00011230,pdam_00015309,pdam_00018217,pdam_00015311,pdam_00003047,pdam_00017441,pdam_00008585,pdam_00009107,pdam_00016657,pdam_00023068,pdam_00002839,pdam_00006936,pdam_00004802,pdam_00025802,pdam_00009664,pdam_00008754,pdam_00009225,pdam_00020063,pdam_00004698,pdam_00024289,pdam_00003762,pdam_00003724,pdam_00024726,pdam_00004742,pdam_00003766,pdam_00007954,pdam_00013790,pdam_00019791,pdam_00019787,pdam_00013782,pdam_00004238,pdam_00012222,pdam_00018255,pdam_00022876,pdam_00014588,pdam_00014586,pdam_00016519,pdam_00015259,pdam_00018259,pdam_00014264,pdam_00014262,pdam_00021998,pdam_00017068,pdam_00004404,pdam_00004391,pdam_00000339,pdam_00000445,pdam_00000409,pdam_00000479,pdam_00000422,pdam_00010727,pdam_00012133,pdam_00014892,pdam_00021780,pdam_00022046,pdam_00009309,pdam_00014102,pdam_00012710,pdam_00007428,pdam_00021809,pdam_00022890,pdam_00001647,pdam_00018733,pdam_00016049,pdam_00001638,pdam_00001649,pdam_00012107,pdam_00002414,pdam_00002392,pdam_00002348,pdam_00021970,pdam_00011066,pdam_00018048,pdam_00008253,pdam_00008238,pdam_00017945,pdam_00020974,pdam_00025195,pdam_00005769,pdam_00021309,pdam_00022836,pdam_00006725,pdam_00000118,pdam_00000205,pdam_00020103,pdam_00010745,pdam_00006460,pdam_00006435,pdam_00009513,pdam_00010794,pdam_00014621,pdam_00016318,pdam_00014609,pdam_00018163,pdam_00009779,pdam_00015654,pdam_00015653,pdam_00023202,pdam_00015660,pdam_00019018,pdam_00010125,pdam_00010115,pdam_00009090,pdam_00001408,pdam_00007786,pdam_00003494,pdam_00003487,pdam_00013732,pdam_00021291
COMPARTMENTS	GOCC:0043226	Organelle	131	6549	0.24	0.73	5.85e-10	46731.A0A3M6T4P0,46731.A0A3M6T4Z8,46731.A0A3M6T5Y0,46731.A0A3M6T791,46731.A0A3M6T7W5,46731.A0A3M6T850,46731.A0A3M6T8K9,46731.A0A3M6T8R9,46731.A0A3M6TA01,46731.A0A3M6TA59,46731.A0A3M6TAC9,46731.A0A3M6TB20,46731.A0A3M6TBE9,46731.A0A3M6TBS6,46731.A0A3M6TBY4,46731.A0A3M6TCC2,46731.A0A3M6TE18,46731.A0A3M6TE54,46731.A0A3M6TE62,46731.A0A3M6TEY2,46731.A0A3M6TFY6,46731.A0A3M6TFZ0,46731.A0A3M6TG32,46731.A0A3M6TG98,46731.A0A3M6TIE9,46731.A0A3M6TIG2,46731.A0A3M6TIW2,46731.A0A3M6TJ99,46731.A0A3M6TJN8,46731.A0A3M6TKJ3,46731.A0A3M6TKZ8,46731.A0A3M6TL27,46731.A0A3M6TLR7,46731.A0A3M6TLW2,46731.A0A3M6TLW4,46731.A0A3M6TMP8,46731.A0A3M6TNN2,46731.A0A3M6TPQ1,46731.A0A3M6TPW2,46731.A0A3M6TQS7,46731.A0A3M6TR17,46731.A0A3M6TR41,46731.A0A3M6TRM3,46731.A0A3M6TS23,46731.A0A3M6TSS3,46731.A0A3M6TSZ0,46731.A0A3M6TTM3,46731.A0A3M6TU54,46731.A0A3M6TUX3,46731.A0A3M6TV28,46731.A0A3M6TVU3,46731.A0A3M6TW10,46731.A0A3M6TWG7,46731.A0A3M6TXW0,46731.A0A3M6TYA4,46731.A0A3M6U001,46731.A0A3M6U0L4,46731.A0A3M6U1I7,46731.A0A3M6U1V1,46731.A0A3M6U1X0,46731.A0A3M6U240,46731.A0A3M6U375,46731.A0A3M6U379,46731.A0A3M6U476,46731.A0A3M6U4D0,46731.A0A3M6U4W1,46731.A0A3M6U574,46731.A0A3M6U6M4,46731.A0A3M6U6Y6,46731.A0A3M6U6Z0,46731.A0A3M6U718,46731.A0A3M6U7C6,46731.A0A3M6U7D5,46731.A0A3M6U9R5,46731.A0A3M6U9S4,46731.A0A3M6UA49,46731.A0A3M6UAD5,46731.A0A3M6UCC7,46731.A0A3M6UCV6,46731.A0A3M6UD30,46731.A0A3M6UEQ9,46731.A0A3M6UF22,46731.A0A3M6UF48,46731.A0A3M6UFT1,46731.A0A3M6UFV2,46731.A0A3M6UFX3,46731.A0A3M6UGA4,46731.A0A3M6UHC0,46731.A0A3M6UHU7,46731.A0A3M6UIB2,46731.A0A3M6UID9,46731.A0A3M6UIG3,46731.A0A3M6UIR6,46731.A0A3M6UJ45,46731.A0A3M6UJA3,46731.A0A3M6UJE5,46731.A0A3M6UK08,46731.A0A3M6UKW5,46731.A0A3M6ULW6,46731.A0A3M6UNC3,46731.A0A3M6UPH7,46731.A0A3M6UPR6,46731.A0A3M6UQB5,46731.A0A3M6UR13,46731.A0A3M6USN2,46731.A0A3M6USP0,46731.A0A3M6UTD1,46731.A0A3M6UTH3,46731.A0A3M6UTW3,46731.A0A3M6UTX3,46731.A0A3M6UU20,46731.A0A3M6UU80,46731.A0A3M6UXB9,46731.A0A3M6UXV6,46731.A0A3M6UXZ1,46731.A0A3M6UY44,46731.A0A3M6UYI8,46731.A0A3M6UYS8,46731.A0A3M6UZ63,46731.A0A3M6UZA8,46731.A0A3M6UZN8,46731.A0A3M6V0P4,46731.A0A3M6V2C8,46731.A0A3M6V2I4,46731.A0A3M6V2M9,46731.A0A3M6V3Y5,46731.A0A3M6V4G4,46731.A0A3M6V4J9,46731.A0A3M6V4Z0,46731.A0A3M6V6P4,46731.A0A3M6V835	pdam_00003837,pdam_00005201,pdam_00023829,pdam_00023609,pdam_00011709,pdam_00012832,pdam_00006598,pdam_00006596,pdam_00003401,pdam_00003362,pdam_00003413,pdam_00008393,pdam_00005938,pdam_00016758,pdam_00016757,pdam_00021861,pdam_00003991,pdam_00004005,pdam_00003995,pdam_00007156,pdam_00008718,pdam_00008719,pdam_00008709,pdam_00009454,pdam_00003288,pdam_00013236,pdam_00012769,pdam_00012263,pdam_00008902,pdam_00012481,pdam_00001292,pdam_00001342,pdam_00009870,pdam_00004931,pdam_00011619,pdam_00013372,pdam_00001763,pdam_00014568,pdam_00014944,pdam_00019503,pdam_00006345,pdam_00017047,pdam_00017576,pdam_00002539,pdam_00010068,pdam_00006080,pdam_00009205,pdam_00012546,pdam_00021088,pdam_00021091,pdam_00015716,pdam_00023243,pdam_00013096,pdam_00000668,pdam_00000589,pdam_00011918,pdam_00022817,pdam_00002205,pdam_00002115,pdam_00019127,pdam_00013597,pdam_00002599,pdam_00002605,pdam_00015211,pdam_00015203,pdam_00001606,pdam_00001600,pdam_00013566,pdam_00015309,pdam_00018217,pdam_00015311,pdam_00003047,pdam_00017441,pdam_00006936,pdam_00004802,pdam_00025802,pdam_00009664,pdam_00020063,pdam_00004698,pdam_00024289,pdam_00003724,pdam_00003766,pdam_00007954,pdam_00013790,pdam_00019791,pdam_00019787,pdam_00004238,pdam_00014588,pdam_00016519,pdam_00014264,pdam_00014262,pdam_00017068,pdam_00004391,pdam_00000445,pdam_00000409,pdam_00000479,pdam_00010727,pdam_00021780,pdam_00009309,pdam_00007428,pdam_00022890,pdam_00018733,pdam_00001638,pdam_00012107,pdam_00002392,pdam_00002348,pdam_00021970,pdam_00011066,pdam_00018048,pdam_00008253,pdam_00008238,pdam_00017945,pdam_00000118,pdam_00000205,pdam_00020103,pdam_00006460,pdam_00009513,pdam_00010794,pdam_00014621,pdam_00018163,pdam_00009779,pdam_00015653,pdam_00019018,pdam_00010125,pdam_00010115,pdam_00001408,pdam_00007786,pdam_00003494,pdam_00003487,pdam_00013732,pdam_00021291
COMPARTMENTS	GOCC:0043229	Intracellular organelle	119	5925	0.24	0.7	8.78e-09	46731.A0A3M6T4Z8,46731.A0A3M6T5Y0,46731.A0A3M6T791,46731.A0A3M6T7W5,46731.A0A3M6T850,46731.A0A3M6T8K9,46731.A0A3M6T8R9,46731.A0A3M6TA01,46731.A0A3M6TA59,46731.A0A3M6TB20,46731.A0A3M6TBE9,46731.A0A3M6TBS6,46731.A0A3M6TBY4,46731.A0A3M6TCC2,46731.A0A3M6TE18,46731.A0A3M6TE54,46731.A0A3M6TE62,46731.A0A3M6TEY2,46731.A0A3M6TFY6,46731.A0A3M6TFZ0,46731.A0A3M6TG32,46731.A0A3M6TG98,46731.A0A3M6TIG2,46731.A0A3M6TIW2,46731.A0A3M6TJ99,46731.A0A3M6TJN8,46731.A0A3M6TKJ3,46731.A0A3M6TKZ8,46731.A0A3M6TL27,46731.A0A3M6TLR7,46731.A0A3M6TLW2,46731.A0A3M6TLW4,46731.A0A3M6TMP8,46731.A0A3M6TNN2,46731.A0A3M6TPQ1,46731.A0A3M6TQS7,46731.A0A3M6TR17,46731.A0A3M6TR41,46731.A0A3M6TRM3,46731.A0A3M6TS23,46731.A0A3M6TSS3,46731.A0A3M6TSZ0,46731.A0A3M6TTM3,46731.A0A3M6TUX3,46731.A0A3M6TV28,46731.A0A3M6TVU3,46731.A0A3M6TW10,46731.A0A3M6TWG7,46731.A0A3M6TXW0,46731.A0A3M6TYA4,46731.A0A3M6U001,46731.A0A3M6U0L4,46731.A0A3M6U1I7,46731.A0A3M6U1V1,46731.A0A3M6U1X0,46731.A0A3M6U240,46731.A0A3M6U375,46731.A0A3M6U379,46731.A0A3M6U4D0,46731.A0A3M6U4W1,46731.A0A3M6U574,46731.A0A3M6U6M4,46731.A0A3M6U6Y6,46731.A0A3M6U6Z0,46731.A0A3M6U718,46731.A0A3M6U7C6,46731.A0A3M6U7D5,46731.A0A3M6U9R5,46731.A0A3M6U9S4,46731.A0A3M6UA49,46731.A0A3M6UAD5,46731.A0A3M6UCV6,46731.A0A3M6UD30,46731.A0A3M6UF22,46731.A0A3M6UF48,46731.A0A3M6UFT1,46731.A0A3M6UFX3,46731.A0A3M6UGA4,46731.A0A3M6UHC0,46731.A0A3M6UHU7,46731.A0A3M6UIB2,46731.A0A3M6UID9,46731.A0A3M6UIG3,46731.A0A3M6UIR6,46731.A0A3M6UJ45,46731.A0A3M6UJA3,46731.A0A3M6UJE5,46731.A0A3M6UK08,46731.A0A3M6UKW5,46731.A0A3M6ULW6,46731.A0A3M6UNC3,46731.A0A3M6UPH7,46731.A0A3M6UPR6,46731.A0A3M6UQB5,46731.A0A3M6UR13,46731.A0A3M6USN2,46731.A0A3M6USP0,46731.A0A3M6UTD1,46731.A0A3M6UTH3,46731.A0A3M6UTW3,46731.A0A3M6UTX3,46731.A0A3M6UU20,46731.A0A3M6UU80,46731.A0A3M6UXB9,46731.A0A3M6UXV6,46731.A0A3M6UXZ1,46731.A0A3M6UY44,46731.A0A3M6UYI8,46731.A0A3M6UYS8,46731.A0A3M6UZA8,46731.A0A3M6UZN8,46731.A0A3M6V0P4,46731.A0A3M6V2C8,46731.A0A3M6V2I4,46731.A0A3M6V2M9,46731.A0A3M6V3Y5,46731.A0A3M6V4G4,46731.A0A3M6V6P4,46731.A0A3M6V835	pdam_00005201,pdam_00023829,pdam_00023609,pdam_00011709,pdam_00012832,pdam_00006598,pdam_00006596,pdam_00003401,pdam_00003362,pdam_00008393,pdam_00005938,pdam_00016758,pdam_00016757,pdam_00021861,pdam_00003991,pdam_00004005,pdam_00003995,pdam_00007156,pdam_00008718,pdam_00008719,pdam_00008709,pdam_00009454,pdam_00013236,pdam_00012769,pdam_00012263,pdam_00008902,pdam_00012481,pdam_00001292,pdam_00001342,pdam_00009870,pdam_00004931,pdam_00011619,pdam_00013372,pdam_00001763,pdam_00014568,pdam_00019503,pdam_00006345,pdam_00017047,pdam_00017576,pdam_00002539,pdam_00010068,pdam_00006080,pdam_00009205,pdam_00021088,pdam_00021091,pdam_00015716,pdam_00023243,pdam_00013096,pdam_00000668,pdam_00000589,pdam_00011918,pdam_00022817,pdam_00002205,pdam_00002115,pdam_00019127,pdam_00013597,pdam_00002599,pdam_00002605,pdam_00015203,pdam_00001606,pdam_00001600,pdam_00013566,pdam_00015309,pdam_00018217,pdam_00015311,pdam_00003047,pdam_00017441,pdam_00006936,pdam_00004802,pdam_00025802,pdam_00009664,pdam_00004698,pdam_00024289,pdam_00003766,pdam_00007954,pdam_00013790,pdam_00019787,pdam_00004238,pdam_00014588,pdam_00016519,pdam_00014264,pdam_00014262,pdam_00017068,pdam_00004391,pdam_00000445,pdam_00000409,pdam_00000479,pdam_00010727,pdam_00021780,pdam_00009309,pdam_00007428,pdam_00022890,pdam_00018733,pdam_00001638,pdam_00012107,pdam_00002392,pdam_00002348,pdam_00021970,pdam_00011066,pdam_00018048,pdam_00008253,pdam_00008238,pdam_00017945,pdam_00000118,pdam_00000205,pdam_00020103,pdam_00006460,pdam_00009513,pdam_00010794,pdam_00018163,pdam_00009779,pdam_00015653,pdam_00019018,pdam_00010125,pdam_00010115,pdam_00001408,pdam_00007786,pdam_00013732,pdam_00021291
COMPARTMENTS	GOCC:1902494	Catalytic complex	34	1014	0.47	0.77	8.24e-06	46731.A0A3M6T4I7,46731.A0A3M6T5Y0,46731.A0A3M6T7F8,46731.A0A3M6T850,46731.A0A3M6T8R9,46731.A0A3M6TE10,46731.A0A3M6TEH6,46731.A0A3M6TFY6,46731.A0A3M6TIG2,46731.A0A3M6TIW2,46731.A0A3M6TKZ8,46731.A0A3M6TLR7,46731.A0A3M6TLW2,46731.A0A3M6TLW4,46731.A0A3M6TP49,46731.A0A3M6TTL3,46731.A0A3M6TU70,46731.A0A3M6TVU3,46731.A0A3M6TWG7,46731.A0A3M6U001,46731.A0A3M6U6Y6,46731.A0A3M6U718,46731.A0A3M6UF22,46731.A0A3M6UHC3,46731.A0A3M6UJ97,46731.A0A3M6UK08,46731.A0A3M6UNC3,46731.A0A3M6USN2,46731.A0A3M6UTH3,46731.A0A3M6V0I6,46731.A0A3M6V2I4,46731.A0A3M6V3Y5,46731.A0A3M6V4G4,46731.A0A3M6VAZ3	pdam_00022847,pdam_00023829,pdam_00015452,pdam_00012832,pdam_00006596,pdam_00008075,pdam_00008067,pdam_00008718,pdam_00013236,pdam_00012769,pdam_00001292,pdam_00009870,pdam_00004931,pdam_00011619,pdam_00006876,pdam_00009208,pdam_00018186,pdam_00015716,pdam_00013096,pdam_00011918,pdam_00015309,pdam_00015311,pdam_00003766,pdam_00014586,pdam_00000454,pdam_00010727,pdam_00007428,pdam_00002392,pdam_00011066,pdam_00015654,pdam_00010125,pdam_00001408,pdam_00007786,pdam_00003555
COMPARTMENTS	GOCC:0043227	Membrane-bounded organelle	93	4788	0.23	0.57	1.54e-05	46731.A0A3M6T4Z8,46731.A0A3M6T5Y0,46731.A0A3M6T791,46731.A0A3M6T7W5,46731.A0A3M6T850,46731.A0A3M6T8K9,46731.A0A3M6T8R9,46731.A0A3M6TA01,46731.A0A3M6TBS6,46731.A0A3M6TBY4,46731.A0A3M6TCC2,46731.A0A3M6TE18,46731.A0A3M6TFY6,46731.A0A3M6TFZ0,46731.A0A3M6TG32,46731.A0A3M6TIG2,46731.A0A3M6TIW2,46731.A0A3M6TJ99,46731.A0A3M6TKZ8,46731.A0A3M6TLR7,46731.A0A3M6TLW2,46731.A0A3M6TLW4,46731.A0A3M6TMP8,46731.A0A3M6TNN2,46731.A0A3M6TPQ1,46731.A0A3M6TQS7,46731.A0A3M6TR17,46731.A0A3M6TR41,46731.A0A3M6TRM3,46731.A0A3M6TS23,46731.A0A3M6TSS3,46731.A0A3M6TTM3,46731.A0A3M6TV28,46731.A0A3M6TVU3,46731.A0A3M6TWG7,46731.A0A3M6TXW0,46731.A0A3M6U001,46731.A0A3M6U0L4,46731.A0A3M6U1V1,46731.A0A3M6U1X0,46731.A0A3M6U240,46731.A0A3M6U379,46731.A0A3M6U476,46731.A0A3M6U4D0,46731.A0A3M6U6Y6,46731.A0A3M6U718,46731.A0A3M6U7C6,46731.A0A3M6U7D5,46731.A0A3M6U9R5,46731.A0A3M6U9S4,46731.A0A3M6UA49,46731.A0A3M6UAD5,46731.A0A3M6UD30,46731.A0A3M6UF22,46731.A0A3M6UFV2,46731.A0A3M6UFX3,46731.A0A3M6UGA4,46731.A0A3M6UHC0,46731.A0A3M6UHU7,46731.A0A3M6UIB2,46731.A0A3M6UID9,46731.A0A3M6UIR6,46731.A0A3M6UJA3,46731.A0A3M6UJE5,46731.A0A3M6UK08,46731.A0A3M6ULW6,46731.A0A3M6UNC3,46731.A0A3M6UPH7,46731.A0A3M6UPR6,46731.A0A3M6UQB5,46731.A0A3M6UR13,46731.A0A3M6USN2,46731.A0A3M6USP0,46731.A0A3M6UTH3,46731.A0A3M6UTW3,46731.A0A3M6UTX3,46731.A0A3M6UU20,46731.A0A3M6UU80,46731.A0A3M6UXB9,46731.A0A3M6UXV6,46731.A0A3M6UXZ1,46731.A0A3M6UY44,46731.A0A3M6UYI8,46731.A0A3M6UYS8,46731.A0A3M6UZN8,46731.A0A3M6V0P4,46731.A0A3M6V2C8,46731.A0A3M6V2I4,46731.A0A3M6V2M9,46731.A0A3M6V3Y5,46731.A0A3M6V4G4,46731.A0A3M6V6P4,46731.A0A3M6V835	pdam_00005201,pdam_00023829,pdam_00023609,pdam_00011709,pdam_00012832,pdam_00006598,pdam_00006596,pdam_00003401,pdam_00016758,pdam_00016757,pdam_00021861,pdam_00003991,pdam_00008718,pdam_00008719,pdam_00008709,pdam_00013236,pdam_00012769,pdam_00012263,pdam_00001292,pdam_00009870,pdam_00004931,pdam_00011619,pdam_00013372,pdam_00001763,pdam_00014568,pdam_00019503,pdam_00006345,pdam_00017047,pdam_00017576,pdam_00002539,pdam_00010068,pdam_00009205,pdam_00021091,pdam_00015716,pdam_00013096,pdam_00000668,pdam_00011918,pdam_00022817,pdam_00002115,pdam_00019127,pdam_00013597,pdam_00002605,pdam_00015211,pdam_00015203,pdam_00015309,pdam_00015311,pdam_00003047,pdam_00017441,pdam_00006936,pdam_00004802,pdam_00025802,pdam_00009664,pdam_00024289,pdam_00003766,pdam_00019791,pdam_00019787,pdam_00004238,pdam_00014588,pdam_00016519,pdam_00014264,pdam_00014262,pdam_00004391,pdam_00000409,pdam_00000479,pdam_00010727,pdam_00009309,pdam_00007428,pdam_00022890,pdam_00018733,pdam_00001638,pdam_00012107,pdam_00002392,pdam_00002348,pdam_00011066,pdam_00018048,pdam_00008253,pdam_00008238,pdam_00017945,pdam_00000118,pdam_00000205,pdam_00020103,pdam_00006460,pdam_00009513,pdam_00010794,pdam_00009779,pdam_00015653,pdam_00019018,pdam_00010125,pdam_00010115,pdam_00001408,pdam_00007786,pdam_00013732,pdam_00021291
COMPARTMENTS	GOCC:0043231	Intracellular membrane-bounded organelle	78	3910	0.24	0.54	8.26e-05	46731.A0A3M6T4Z8,46731.A0A3M6T5Y0,46731.A0A3M6T791,46731.A0A3M6T850,46731.A0A3M6T8K9,46731.A0A3M6T8R9,46731.A0A3M6TA01,46731.A0A3M6TBS6,46731.A0A3M6TBY4,46731.A0A3M6TCC2,46731.A0A3M6TFY6,46731.A0A3M6TFZ0,46731.A0A3M6TG32,46731.A0A3M6TIG2,46731.A0A3M6TIW2,46731.A0A3M6TJ99,46731.A0A3M6TKZ8,46731.A0A3M6TLR7,46731.A0A3M6TLW2,46731.A0A3M6TLW4,46731.A0A3M6TMP8,46731.A0A3M6TNN2,46731.A0A3M6TPQ1,46731.A0A3M6TQS7,46731.A0A3M6TR41,46731.A0A3M6TRM3,46731.A0A3M6TS23,46731.A0A3M6TSS3,46731.A0A3M6TTM3,46731.A0A3M6TV28,46731.A0A3M6TVU3,46731.A0A3M6TWG7,46731.A0A3M6TXW0,46731.A0A3M6U001,46731.A0A3M6U0L4,46731.A0A3M6U1V1,46731.A0A3M6U1X0,46731.A0A3M6U379,46731.A0A3M6U6Y6,46731.A0A3M6U718,46731.A0A3M6U7D5,46731.A0A3M6U9R5,46731.A0A3M6U9S4,46731.A0A3M6UD30,46731.A0A3M6UF22,46731.A0A3M6UFX3,46731.A0A3M6UGA4,46731.A0A3M6UHC0,46731.A0A3M6UHU7,46731.A0A3M6UIB2,46731.A0A3M6UID9,46731.A0A3M6UIR6,46731.A0A3M6UJA3,46731.A0A3M6UJE5,46731.A0A3M6UK08,46731.A0A3M6ULW6,46731.A0A3M6UNC3,46731.A0A3M6UPR6,46731.A0A3M6UQB5,46731.A0A3M6USN2,46731.A0A3M6USP0,46731.A0A3M6UTH3,46731.A0A3M6UTW3,46731.A0A3M6UTX3,46731.A0A3M6UU20,46731.A0A3M6UU80,46731.A0A3M6UXV6,46731.A0A3M6UXZ1,46731.A0A3M6UYI8,46731.A0A3M6UYS8,46731.A0A3M6V0P4,46731.A0A3M6V2C8,46731.A0A3M6V2I4,46731.A0A3M6V2M9,46731.A0A3M6V3Y5,46731.A0A3M6V4G4,46731.A0A3M6V6P4,46731.A0A3M6V835	pdam_00005201,pdam_00023829,pdam_00023609,pdam_00012832,pdam_00006598,pdam_00006596,pdam_00003401,pdam_00016758,pdam_00016757,pdam_00021861,pdam_00008718,pdam_00008719,pdam_00008709,pdam_00013236,pdam_00012769,pdam_00012263,pdam_00001292,pdam_00009870,pdam_00004931,pdam_00011619,pdam_00013372,pdam_00001763,pdam_00014568,pdam_00019503,pdam_00017047,pdam_00017576,pdam_00002539,pdam_00010068,pdam_00009205,pdam_00021091,pdam_00015716,pdam_00013096,pdam_00000668,pdam_00011918,pdam_00022817,pdam_00002115,pdam_00019127,pdam_00002605,pdam_00015309,pdam_00015311,pdam_00017441,pdam_00006936,pdam_00004802,pdam_00024289,pdam_00003766,pdam_00019787,pdam_00004238,pdam_00014588,pdam_00016519,pdam_00014264,pdam_00014262,pdam_00004391,pdam_00000409,pdam_00000479,pdam_00010727,pdam_00009309,pdam_00007428,pdam_00018733,pdam_00001638,pdam_00002392,pdam_00002348,pdam_00011066,pdam_00018048,pdam_00008253,pdam_00008238,pdam_00017945,pdam_00000205,pdam_00020103,pdam_00009513,pdam_00010794,pdam_00015653,pdam_00019018,pdam_00010125,pdam_00010115,pdam_00001408,pdam_00007786,pdam_00013732,pdam_00021291
COMPARTMENTS	GOCC:0005737	Cytoplasm	81	4164	0.23	0.52	0.00011	46731.A0A3M6T5H6,46731.A0A3M6T603,46731.A0A3M6T791,46731.A0A3M6T7W5,46731.A0A3M6T850,46731.A0A3M6T8K3,46731.A0A3M6T8K9,46731.A0A3M6TA01,46731.A0A3M6TCC2,46731.A0A3M6TE18,46731.A0A3M6TEV3,46731.A0A3M6TEY2,46731.A0A3M6TFV3,46731.A0A3M6TFY6,46731.A0A3M6TG32,46731.A0A3M6TG98,46731.A0A3M6TJT8,46731.A0A3M6TKY8,46731.A0A3M6TL27,46731.A0A3M6TMP8,46731.A0A3M6TPQ1,46731.A0A3M6TQS7,46731.A0A3M6TR17,46731.A0A3M6TR41,46731.A0A3M6TSS3,46731.A0A3M6TTL3,46731.A0A3M6TTM3,46731.A0A3M6TU90,46731.A0A3M6TXW0,46731.A0A3M6TYA4,46731.A0A3M6TZ44,46731.A0A3M6U0L4,46731.A0A3M6U240,46731.A0A3M6U379,46731.A0A3M6U3B9,46731.A0A3M6U4D0,46731.A0A3M6U6Y6,46731.A0A3M6U7C6,46731.A0A3M6U7D5,46731.A0A3M6U9S4,46731.A0A3M6UA49,46731.A0A3M6UAD5,46731.A0A3M6UEY3,46731.A0A3M6UFT1,46731.A0A3M6UGA4,46731.A0A3M6UH53,46731.A0A3M6UID9,46731.A0A3M6UIG3,46731.A0A3M6UIR6,46731.A0A3M6UJ45,46731.A0A3M6UJA3,46731.A0A3M6UJE5,46731.A0A3M6ULV4,46731.A0A3M6ULW6,46731.A0A3M6UMU5,46731.A0A3M6UPH7,46731.A0A3M6UPR6,46731.A0A3M6UPY5,46731.A0A3M6UQB5,46731.A0A3M6UR13,46731.A0A3M6USP0,46731.A0A3M6UTD1,46731.A0A3M6UTW3,46731.A0A3M6UTX3,46731.A0A3M6UU20,46731.A0A3M6UUW7,46731.A0A3M6UVH1,46731.A0A3M6UXB9,46731.A0A3M6UXV6,46731.A0A3M6UY44,46731.A0A3M6UYS8,46731.A0A3M6UZ63,46731.A0A3M6UZ76,46731.A0A3M6UZA8,46731.A0A3M6UZN8,46731.A0A3M6V0I6,46731.A0A3M6V2C8,46731.A0A3M6V2M9,46731.A0A3M6V4G4,46731.A0A3M6V6P4,46731.A0A3M6V835	pdam_00023825,pdam_00008984,pdam_00023609,pdam_00011709,pdam_00012832,pdam_00004294,pdam_00006598,pdam_00003401,pdam_00021861,pdam_00003991,pdam_00022019,pdam_00007156,pdam_00008682,pdam_00008718,pdam_00008709,pdam_00009454,pdam_00019853,pdam_00001226,pdam_00001342,pdam_00013372,pdam_00014568,pdam_00019503,pdam_00006345,pdam_00017047,pdam_00010068,pdam_00009208,pdam_00009205,pdam_00012559,pdam_00000668,pdam_00000589,pdam_00012402,pdam_00022817,pdam_00013597,pdam_00002605,pdam_00015371,pdam_00015203,pdam_00015309,pdam_00003047,pdam_00017441,pdam_00004802,pdam_00025802,pdam_00009664,pdam_00004742,pdam_00013790,pdam_00004238,pdam_00018255,pdam_00014262,pdam_00017068,pdam_00004391,pdam_00000445,pdam_00000409,pdam_00000479,pdam_00022046,pdam_00009309,pdam_00012710,pdam_00022890,pdam_00018733,pdam_00016049,pdam_00001638,pdam_00012107,pdam_00002348,pdam_00021970,pdam_00018048,pdam_00008253,pdam_00008238,pdam_00020974,pdam_00021309,pdam_00000118,pdam_00000205,pdam_00006460,pdam_00010794,pdam_00014621,pdam_00014609,pdam_00018163,pdam_00009779,pdam_00015654,pdam_00019018,pdam_00010115,pdam_00007786,pdam_00013732,pdam_00021291
COMPARTMENTS	GOCC:0005654	Nucleoplasm	15	337	0.59	0.58	0.0016	46731.A0A3M6T8R9,46731.A0A3M6TIG2,46731.A0A3M6TKZ8,46731.A0A3M6TLR7,46731.A0A3M6TLW2,46731.A0A3M6TLW4,46731.A0A3M6TVU3,46731.A0A3M6TWG7,46731.A0A3M6U001,46731.A0A3M6UK08,46731.A0A3M6UNC3,46731.A0A3M6V0P4,46731.A0A3M6V2I4,46731.A0A3M6V3Y5,46731.A0A3M6V4G4	pdam_00006596,pdam_00013236,pdam_00001292,pdam_00009870,pdam_00004931,pdam_00011619,pdam_00015716,pdam_00013096,pdam_00011918,pdam_00010727,pdam_00007428,pdam_00015653,pdam_00010125,pdam_00001408,pdam_00007786
COMPARTMENTS	GOCC:1990234	Transferase complex	19	536	0.49	0.52	0.0024	46731.A0A3M6T4I7,46731.A0A3M6T5Y0,46731.A0A3M6T850,46731.A0A3M6TFY6,46731.A0A3M6TIG2,46731.A0A3M6TKZ8,46731.A0A3M6TLR7,46731.A0A3M6TLW2,46731.A0A3M6TLW4,46731.A0A3M6TTL3,46731.A0A3M6TU70,46731.A0A3M6TVU3,46731.A0A3M6U001,46731.A0A3M6U6Y6,46731.A0A3M6UK08,46731.A0A3M6USN2,46731.A0A3M6UTH3,46731.A0A3M6V2I4,46731.A0A3M6V4G4	pdam_00022847,pdam_00023829,pdam_00012832,pdam_00008718,pdam_00013236,pdam_00001292,pdam_00009870,pdam_00004931,pdam_00011619,pdam_00009208,pdam_00018186,pdam_00015716,pdam_00011918,pdam_00015309,pdam_00010727,pdam_00002392,pdam_00011066,pdam_00010125,pdam_00007786
COMPARTMENTS	GOCC:0070013	Intracellular organelle lumen	25	886	0.39	0.45	0.0047	46731.A0A3M6T8R9,46731.A0A3M6TA01,46731.A0A3M6TIG2,46731.A0A3M6TKZ8,46731.A0A3M6TLR7,46731.A0A3M6TLW2,46731.A0A3M6TLW4,46731.A0A3M6TMP8,46731.A0A3M6TQS7,46731.A0A3M6TVU3,46731.A0A3M6TWG7,46731.A0A3M6U001,46731.A0A3M6U718,46731.A0A3M6UF22,46731.A0A3M6UJA3,46731.A0A3M6UK08,46731.A0A3M6UNC3,46731.A0A3M6UQB5,46731.A0A3M6UTW3,46731.A0A3M6UXZ1,46731.A0A3M6UYI8,46731.A0A3M6V0P4,46731.A0A3M6V2I4,46731.A0A3M6V3Y5,46731.A0A3M6V4G4	pdam_00006596,pdam_00003401,pdam_00013236,pdam_00001292,pdam_00009870,pdam_00004931,pdam_00011619,pdam_00013372,pdam_00019503,pdam_00015716,pdam_00013096,pdam_00011918,pdam_00015311,pdam_00003766,pdam_00000409,pdam_00010727,pdam_00007428,pdam_00001638,pdam_00018048,pdam_00020103,pdam_00009513,pdam_00015653,pdam_00010125,pdam_00001408,pdam_00007786
COMPARTMENTS	GOCC:0031981	Nuclear lumen	19	624	0.42	0.4	0.0121	46731.A0A3M6T8R9,46731.A0A3M6TIG2,46731.A0A3M6TKZ8,46731.A0A3M6TLR7,46731.A0A3M6TLW2,46731.A0A3M6TLW4,46731.A0A3M6TVU3,46731.A0A3M6TWG7,46731.A0A3M6U001,46731.A0A3M6U718,46731.A0A3M6UF22,46731.A0A3M6UK08,46731.A0A3M6UNC3,46731.A0A3M6UXZ1,46731.A0A3M6UYI8,46731.A0A3M6V0P4,46731.A0A3M6V2I4,46731.A0A3M6V3Y5,46731.A0A3M6V4G4	pdam_00006596,pdam_00013236,pdam_00001292,pdam_00009870,pdam_00004931,pdam_00011619,pdam_00015716,pdam_00013096,pdam_00011918,pdam_00015311,pdam_00003766,pdam_00010727,pdam_00007428,pdam_00020103,pdam_00009513,pdam_00015653,pdam_00010125,pdam_00001408,pdam_00007786
COMPARTMENTS	GOCC:0005634	Nucleus	40	1946	0.25	0.32	0.0215	46731.A0A3M6T4Z8,46731.A0A3M6T5Y0,46731.A0A3M6T8K9,46731.A0A3M6T8R9,46731.A0A3M6TBS6,46731.A0A3M6TBY4,46731.A0A3M6TFZ0,46731.A0A3M6TIG2,46731.A0A3M6TIW2,46731.A0A3M6TJ99,46731.A0A3M6TKZ8,46731.A0A3M6TLR7,46731.A0A3M6TLW2,46731.A0A3M6TLW4,46731.A0A3M6TNN2,46731.A0A3M6TRM3,46731.A0A3M6TS23,46731.A0A3M6TV28,46731.A0A3M6TVU3,46731.A0A3M6TWG7,46731.A0A3M6U001,46731.A0A3M6U1V1,46731.A0A3M6U1X0,46731.A0A3M6U718,46731.A0A3M6U9R5,46731.A0A3M6UD30,46731.A0A3M6UF22,46731.A0A3M6UFX3,46731.A0A3M6UHC0,46731.A0A3M6UHU7,46731.A0A3M6UIB2,46731.A0A3M6UK08,46731.A0A3M6UNC3,46731.A0A3M6UTH3,46731.A0A3M6UXZ1,46731.A0A3M6UYI8,46731.A0A3M6V0P4,46731.A0A3M6V2I4,46731.A0A3M6V3Y5,46731.A0A3M6V4G4	pdam_00005201,pdam_00023829,pdam_00006598,pdam_00006596,pdam_00016758,pdam_00016757,pdam_00008719,pdam_00013236,pdam_00012769,pdam_00012263,pdam_00001292,pdam_00009870,pdam_00004931,pdam_00011619,pdam_00001763,pdam_00017576,pdam_00002539,pdam_00021091,pdam_00015716,pdam_00013096,pdam_00011918,pdam_00002115,pdam_00019127,pdam_00015311,pdam_00006936,pdam_00024289,pdam_00003766,pdam_00019787,pdam_00014588,pdam_00016519,pdam_00014264,pdam_00010727,pdam_00007428,pdam_00011066,pdam_00020103,pdam_00009513,pdam_00015653,pdam_00010125,pdam_00001408,pdam_00007786
UniProt Keywords	KW-0175	Coiled coil	77	3480	0.28	0.65	2.75e-06	46731.A0A3M6T422,46731.A0A3M6T4P0,46731.A0A3M6T5Y0,46731.A0A3M6T8R9,46731.A0A3M6TAC9,46731.A0A3M6TB20,46731.A0A3M6TBS6,46731.A0A3M6TCC2,46731.A0A3M6TE18,46731.A0A3M6TE54,46731.A0A3M6TEL8,46731.A0A3M6TG98,46731.A0A3M6THT9,46731.A0A3M6TI01,46731.A0A3M6TJT8,46731.A0A3M6TKZ8,46731.A0A3M6TLR7,46731.A0A3M6TLW4,46731.A0A3M6TM07,46731.A0A3M6TNR5,46731.A0A3M6TQX8,46731.A0A3M6TSZ0,46731.A0A3M6TTM3,46731.A0A3M6TU54,46731.A0A3M6TU90,46731.A0A3M6TUV9,46731.A0A3M6TUX3,46731.A0A3M6TVI9,46731.A0A3M6TVU3,46731.A0A3M6TW10,46731.A0A3M6TXW0,46731.A0A3M6TZ44,46731.A0A3M6U0U7,46731.A0A3M6U1V1,46731.A0A3M6U3B9,46731.A0A3M6U476,46731.A0A3M6U6U8,46731.A0A3M6U718,46731.A0A3M6U7C6,46731.A0A3M6U7D5,46731.A0A3M6U8U6,46731.A0A3M6U9R5,46731.A0A3M6UC19,46731.A0A3M6UC52,46731.A0A3M6UE17,46731.A0A3M6UEY3,46731.A0A3M6UHC3,46731.A0A3M6UHG6,46731.A0A3M6UHY7,46731.A0A3M6UIB2,46731.A0A3M6UIE7,46731.A0A3M6UJ20,46731.A0A3M6UK08,46731.A0A3M6UKW5,46731.A0A3M6UMU5,46731.A0A3M6UNC3,46731.A0A3M6UPH7,46731.A0A3M6UPN1,46731.A0A3M6UPR6,46731.A0A3M6UR13,46731.A0A3M6URP1,46731.A0A3M6USJ7,46731.A0A3M6USN2,46731.A0A3M6UTD1,46731.A0A3M6UUF6,46731.A0A3M6UV95,46731.A0A3M6UVH1,46731.A0A3M6UYC1,46731.A0A3M6UYS8,46731.A0A3M6UZ61,46731.A0A3M6UZA8,46731.A0A3M6UZQ1,46731.A0A3M6V4G4,46731.A0A3M6V4J9,46731.A0A3M6V4Z0,46731.A0A3M6V6P4,46731.A0A3M6VAZ3	pdam_00010185,pdam_00003837,pdam_00023829,pdam_00006596,pdam_00003413,pdam_00008393,pdam_00016758,pdam_00021861,pdam_00003991,pdam_00004005,pdam_00007131,pdam_00009454,pdam_00011592,pdam_00011563,pdam_00019853,pdam_00001292,pdam_00009870,pdam_00011619,pdam_00004865,pdam_00001796,pdam_00006368,pdam_00006080,pdam_00009205,pdam_00012546,pdam_00012559,pdam_00023639,pdam_00021088,pdam_00015715,pdam_00015716,pdam_00023243,pdam_00000668,pdam_00012402,pdam_00021744,pdam_00002115,pdam_00015371,pdam_00015211,pdam_00011230,pdam_00015311,pdam_00003047,pdam_00017441,pdam_00023068,pdam_00006936,pdam_00004093,pdam_00018440,pdam_00008136,pdam_00004742,pdam_00014586,pdam_00018880,pdam_00015259,pdam_00014264,pdam_00021998,pdam_00000339,pdam_00010727,pdam_00021780,pdam_00012710,pdam_00007428,pdam_00022890,pdam_00001647,pdam_00018733,pdam_00012107,pdam_00004456,pdam_00002414,pdam_00002392,pdam_00021970,pdam_00023520,pdam_00005769,pdam_00021309,pdam_00006435,pdam_00010794,pdam_00025058,pdam_00018163,pdam_00018158,pdam_00007786,pdam_00003494,pdam_00003487,pdam_00013732,pdam_00003555
UniProt Keywords	KW-0479	Metal-binding	31	1282	0.32	0.36	0.0141	46731.A0A3M6T4E8,46731.A0A3M6T791,46731.A0A3M6T8J9,46731.A0A3M6TB20,46731.A0A3M6TE10,46731.A0A3M6TG32,46731.A0A3M6TPW2,46731.A0A3M6TS67,46731.A0A3M6TSZ0,46731.A0A3M6TU54,46731.A0A3M6TVI9,46731.A0A3M6TVU3,46731.A0A3M6U1I7,46731.A0A3M6U1V1,46731.A0A3M6U6Z0,46731.A0A3M6UC52,46731.A0A3M6UCV6,46731.A0A3M6UEY3,46731.A0A3M6UF22,46731.A0A3M6UH53,46731.A0A3M6UHY7,46731.A0A3M6UID9,46731.A0A3M6ULV4,46731.A0A3M6UPY5,46731.A0A3M6URP1,46731.A0A3M6UTX3,46731.A0A3M6UXB9,46731.A0A3M6UYI8,46731.A0A3M6UZN8,46731.A0A3M6V0I6,46731.A0A3M6V3Y5	pdam_00010187,pdam_00023609,pdam_00004319,pdam_00008393,pdam_00008075,pdam_00008709,pdam_00014944,pdam_00005262,pdam_00006080,pdam_00012546,pdam_00015715,pdam_00015716,pdam_00002205,pdam_00002115,pdam_00018217,pdam_00018440,pdam_00004698,pdam_00004742,pdam_00003766,pdam_00018255,pdam_00015259,pdam_00014262,pdam_00022046,pdam_00016049,pdam_00004456,pdam_00008253,pdam_00000118,pdam_00009513,pdam_00009779,pdam_00015654,pdam_00001408
UniProt Keywords	KW-0862	Zinc	25	982	0.35	0.34	0.0214	46731.A0A3M6T4E8,46731.A0A3M6T8J9,46731.A0A3M6TB20,46731.A0A3M6TPW2,46731.A0A3M6TS67,46731.A0A3M6TSZ0,46731.A0A3M6TU54,46731.A0A3M6TVI9,46731.A0A3M6TVU3,46731.A0A3M6U1I7,46731.A0A3M6U1V1,46731.A0A3M6U6Z0,46731.A0A3M6UC52,46731.A0A3M6UCV6,46731.A0A3M6UEY3,46731.A0A3M6UF22,46731.A0A3M6UH53,46731.A0A3M6UHY7,46731.A0A3M6UID9,46731.A0A3M6ULV4,46731.A0A3M6UPY5,46731.A0A3M6URP1,46731.A0A3M6UXB9,46731.A0A3M6UZN8,46731.A0A3M6V3Y5	pdam_00010187,pdam_00004319,pdam_00008393,pdam_00014944,pdam_00005262,pdam_00006080,pdam_00012546,pdam_00015715,pdam_00015716,pdam_00002205,pdam_00002115,pdam_00018217,pdam_00018440,pdam_00004698,pdam_00004742,pdam_00003766,pdam_00018255,pdam_00015259,pdam_00014262,pdam_00022046,pdam_00016049,pdam_00004456,pdam_00000118,pdam_00009779,pdam_00001408
UniProt Keywords	KW-0863	Zinc-finger	21	767	0.38	0.35	0.0214	46731.A0A3M6T4E8,46731.A0A3M6T8J9,46731.A0A3M6TB20,46731.A0A3M6TPW2,46731.A0A3M6TS67,46731.A0A3M6TU54,46731.A0A3M6TVI9,46731.A0A3M6TVU3,46731.A0A3M6U1I7,46731.A0A3M6U1V1,46731.A0A3M6U6Z0,46731.A0A3M6UC52,46731.A0A3M6UCV6,46731.A0A3M6UEY3,46731.A0A3M6UF22,46731.A0A3M6UHY7,46731.A0A3M6UPY5,46731.A0A3M6URP1,46731.A0A3M6UXB9,46731.A0A3M6UZN8,46731.A0A3M6V3Y5	pdam_00010187,pdam_00004319,pdam_00008393,pdam_00014944,pdam_00005262,pdam_00012546,pdam_00015715,pdam_00015716,pdam_00002205,pdam_00002115,pdam_00018217,pdam_00018440,pdam_00004698,pdam_00004742,pdam_00003766,pdam_00015259,pdam_00016049,pdam_00004456,pdam_00000118,pdam_00009779,pdam_00001408
UniProt Keywords	KW-0694	RNA-binding	10	237	0.56	0.35	0.0313	46731.A0A3M6T603,46731.A0A3M6T7D4,46731.A0A3M6T859,46731.A0A3M6TG98,46731.A0A3M6TNN2,46731.A0A3M6TS23,46731.A0A3M6TV28,46731.A0A3M6U9P5,46731.A0A3M6UHC0,46731.A0A3M6UTH3	pdam_00008984,pdam_00011395,pdam_00012840,pdam_00009454,pdam_00001763,pdam_00002539,pdam_00021091,pdam_00004788,pdam_00014588,pdam_00011066
